[27/Aug/2026 06:20:56] "GET /api/system-status/ HTTP/1.1" 200 480
[27/Aug/2026 06:21:18] "GET /dji/login/ HTTP/1.1" 200 10986
Not Found: /favicon.ico
[27/Aug/2026 06:21:18] "GET /favicon.ico HTTP/1.1" 404 6772
[27/Aug/2026 06:21:18] "GET /api/latest-detections/ HTTP/1.1" 200 121
[27/Aug/2026 06:21:28] "GET /dashboard/remote-control/ HTTP/1.1" 200 35380
[27/Aug/2026 06:21:30] "GET /dashboard/mission/ HTTP/1.1" 200 36918
[27/Aug/2026 06:21:30] "GET /api/latest-detections/ HTTP/1.1" 200 121
[27/Aug/2026 06:21:30] "GET /api/drone-location/ HTTP/1.1" 200 476
[27/Aug/2026 06:21:31] "GET /api/system-status/ HTTP/1.1" 200 479
[27/Aug/2026 06:21:31] "GET /api/latest-detections/ HTTP/1.1" 200 120
[27/Aug/2026 06:21:31] "GET /api/latest-detections/ HTTP/1.1" 200 121
[27/Aug/2026 06:21:31] "GET /api/latest-detections/ HTTP/1.1" 200 121
[27/Aug/2026 06:21:31] "GET /api/drone-location/ HTTP/1.1" 200 476
[27/Aug/2026 06:21:32] "GET /api/latest-detections/ HTTP/1.1" 200 121
[27/Aug/2026 06:21:32] "GET /api/latest-detections/ HTTP/1.1" 200 121
[27/Aug/2026 06:21:32] "GET /api/latest-detections/ HTTP/1.1" 200 120
[27/Aug/2026 06:21:32] "GET /api/drone-location/ HTTP/1.1" 200 476
[27/Aug/2026 06:21:32] "GET /api/latest-detections/ HTTP/1.1" 200 121
[27/Aug/2026 06:21:33] "GET /api/latest-detections/ HTTP/1.1" 200 120
[27/Aug/2026 06:21:33] "GET /api/latest-detections/ HTTP/1.1" 200 120
[27/Aug/2026 06:21:33] "GET /api/latest-detections/ HTTP/1.1" 200 121
[27/Aug/2026 06:21:33] "GET /api/drone-location/ HTTP/1.1" 200 476
[27/Aug/2026 06:21:33] "GET /api/system-status/ HTTP/1.1" 200 479
[27/Aug/2026 06:21:34] "GET /api/latest-detections/ HTTP/1.1" 200 120
[27/Aug/2026 06:21:34] "GET /api/latest-detections/ HTTP/1.1" 200 120
[27/Aug/2026 06:21:34] "GET /api/latest-detections/ HTTP/1.1" 200 120
[27/Aug/2026 06:21:34] "GET /api/drone-location/ HTTP/1.1" 200 476
[27/Aug/2026 06:21:34] "GET /api/latest-detections/ HTTP/1.1" 200 120
[27/Aug/2026 06:21:35] "GET /api/latest-detections/ HTTP/1.1" 200 121
[27/Aug/2026 06:21:35] "GET /api/latest-detections/ HTTP/1.1" 200 121
[27/Aug/2026 06:21:35] "GET /api/drone-location/ HTTP/1.1" 200 476
[27/Aug/2026 06:21:35] "GET /api/latest-detections/ HTTP/1.1" 200 120
[27/Aug/2026 06:21:36] "GET /api/latest-detections/ HTTP/1.1" 200 120
[27/Aug/2026 06:21:36] "GET /api/latest-detections/ HTTP/1.1" 200 120
[27/Aug/2026 06:21:36] "GET /api/latest-detections/ HTTP/1.1" 200 121
[27/Aug/2026 06:21:36] "GET /api/drone-location/ HTTP/1.1" 200 476
[27/Aug/2026 06:21:36] "GET /api/system-status/ HTTP/1.1" 200 479
[27/Aug/2026 06:21:37] "GET /api/latest-detections/ HTTP/1.1" 200 120
[27/Aug/2026 06:21:37] "GET /api/latest-detections/ HTTP/1.1" 200 120
[27/Aug/2026 06:21:37] "GET /api/latest-detections/ HTTP/1.1" 200 120
[27/Aug/2026 06:21:37] "GET /api/drone-location/ HTTP/1.1" 200 476
[27/Aug/2026 06:21:38] "GET /api/latest-detections/ HTTP/1.1" 200 121
[27/Aug/2026 06:21:38] "GET /api/latest-detections/ HTTP/1.1" 200 120
[27/Aug/2026 06:21:38] "GET /api/latest-detections/ HTTP/1.1" 200 120
[27/Aug/2026 06:21:38] "GET /api/drone-location/ HTTP/1.1" 200 476
[27/Aug/2026 06:21:38] "GET /api/latest-detections/ HTTP/1.1" 200 120
[27/Aug/2026 06:21:39] "GET /api/latest-detections/ HTTP/1.1" 200 121
[27/Aug/2026 06:21:39] "GET /api/latest-detections/ HTTP/1.1" 200 120
[27/Aug/2026 06:21:39] "GET /api/latest-detections/ HTTP/1.1" 200 120
[27/Aug/2026 06:21:39] "GET /api/drone-location/ HTTP/1.1" 200 476
[27/Aug/2026 06:21:39] "GET /api/system-status/ HTTP/1.1" 200 479
[27/Aug/2026 06:21:40] "GET /api/latest-detections/ HTTP/1.1" 200 452
[27/Aug/2026 06:21:40] "GET /api/latest-detections/ HTTP/1.1" 200 452
[27/Aug/2026 06:21:40] "GET /api/latest-detections/ HTTP/1.1" 200 457
[27/Aug/2026 06:21:40] "GET /api/drone-location/ HTTP/1.1" 200 476
[27/Aug/2026 06:21:41] "GET /api/latest-detections/ HTTP/1.1" 200 339
[27/Aug/2026 06:21:41] "GET /api/latest-detections/ HTTP/1.1" 200 344
[27/Aug/2026 06:21:41] "GET /api/latest-detections/ HTTP/1.1" 200 454
[27/Aug/2026 06:21:41] "GET /api/drone-location/ HTTP/1.1" 200 476
[27/Aug/2026 06:21:41] "GET /api/latest-detections/ HTTP/1.1" 200 454
[27/Aug/2026 06:21:42] "GET /api/latest-detections/ HTTP/1.1" 200 453
[27/Aug/2026 06:21:42] "GET /api/latest-detections/ HTTP/1.1" 200 343
[27/Aug/2026 06:21:42] "GET /api/latest-detections/ HTTP/1.1" 200 230
[27/Aug/2026 06:21:42] "GET /api/drone-location/ HTTP/1.1" 200 476
[27/Aug/2026 06:21:42] "GET /api/system-status/ HTTP/1.1" 200 479
[27/Aug/2026 06:21:43] "GET /api/latest-detections/ HTTP/1.1" 200 230
[27/Aug/2026 06:21:43] "GET /api/latest-detections/ HTTP/1.1" 200 455
[27/Aug/2026 06:21:43] "GET /api/latest-detections/ HTTP/1.1" 200 464
[27/Aug/2026 06:21:43] "GET /api/drone-location/ HTTP/1.1" 200 476
[27/Aug/2026 06:21:44] "GET /api/latest-detections/ HTTP/1.1" 200 455
[27/Aug/2026 06:21:44] "GET /api/latest-detections/ HTTP/1.1" 200 458
[27/Aug/2026 06:21:44] "GET /api/latest-detections/ HTTP/1.1" 200 458
[27/Aug/2026 06:21:44] "GET /api/drone-location/ HTTP/1.1" 200 476
[27/Aug/2026 06:21:44] "GET /api/latest-detections/ HTTP/1.1" 200 346
[27/Aug/2026 06:21:45] "GET /api/latest-detections/ HTTP/1.1" 200 228
[27/Aug/2026 06:21:45] "GET /api/latest-detections/ HTTP/1.1" 200 342
[27/Aug/2026 06:21:45] "GET /api/latest-detections/ HTTP/1.1" 200 566
[27/Aug/2026 06:21:45] "GET /api/drone-location/ HTTP/1.1" 200 476
[27/Aug/2026 06:21:45] "GET /api/system-status/ HTTP/1.1" 200 479
[27/Aug/2026 06:21:46] "GET /api/latest-detections/ HTTP/1.1" 200 566
[27/Aug/2026 06:21:46] "GET /api/latest-detections/ HTTP/1.1" 200 578
[27/Aug/2026 06:21:46] "GET /api/latest-detections/ HTTP/1.1" 200 458
[27/Aug/2026 06:21:46] "GET /api/drone-location/ HTTP/1.1" 200 476
[27/Aug/2026 06:21:47] "GET /api/latest-detections/ HTTP/1.1" 200 345
[27/Aug/2026 06:21:47] "GET /api/latest-detections/ HTTP/1.1" 200 452
[27/Aug/2026 06:21:47] "GET /api/latest-detections/ HTTP/1.1" 200 452
[27/Aug/2026 06:21:47] "GET /api/drone-location/ HTTP/1.1" 200 476
[27/Aug/2026 06:21:47] "GET /api/latest-detections/ HTTP/1.1" 200 456
[27/Aug/2026 06:21:48] "GET /api/latest-detections/ HTTP/1.1" 200 346
[27/Aug/2026 06:21:48] "GET /api/latest-detections/ HTTP/1.1" 200 343
[27/Aug/2026 06:21:48] "GET /api/latest-detections/ HTTP/1.1" 200 343
[27/Aug/2026 06:21:48] "GET /api/drone-location/ HTTP/1.1" 200 476
[27/Aug/2026 06:21:48] "GET /api/system-status/ HTTP/1.1" 200 479
[27/Aug/2026 06:21:49] "GET /api/latest-detections/ HTTP/1.1" 200 231
[27/Aug/2026 06:21:49] "GET /api/latest-detections/ HTTP/1.1" 200 339
[27/Aug/2026 06:21:49] "GET /api/latest-detections/ HTTP/1.1" 200 339
[27/Aug/2026 06:21:49] "GET /api/latest-detections/ HTTP/1.1" 200 458
[27/Aug/2026 06:21:49] "GET /api/drone-location/ HTTP/1.1" 200 476
[27/Aug/2026 06:21:50] "GET /api/latest-detections/ HTTP/1.1" 200 571
[27/Aug/2026 06:21:50] "GET /api/latest-detections/ HTTP/1.1" 200 571
[27/Aug/2026 06:21:50] "GET /api/latest-detections/ HTTP/1.1" 200 456
[27/Aug/2026 06:21:50] "GET /api/drone-location/ HTTP/1.1" 200 476
[27/Aug/2026 06:21:50] "GET /api/latest-detections/ HTTP/1.1" 200 344
[27/Aug/2026 06:21:51] "GET /api/latest-detections/ HTTP/1.1" 200 349
[27/Aug/2026 06:21:51] "GET /api/latest-detections/ HTTP/1.1" 200 349
[27/Aug/2026 06:21:51] "GET /api/latest-detections/ HTTP/1.1" 200 458
[27/Aug/2026 06:21:51] "GET /api/drone-location/ HTTP/1.1" 200 476
[27/Aug/2026 06:21:51] "GET /api/system-status/ HTTP/1.1" 200 479
[27/Aug/2026 06:21:52] "GET /api/latest-detections/ HTTP/1.1" 200 344
[27/Aug/2026 06:21:52] "GET /api/latest-detections/ HTTP/1.1" 200 229
[27/Aug/2026 06:21:52] "GET /api/latest-detections/ HTTP/1.1" 200 339
[27/Aug/2026 06:21:52] "GET /api/drone-location/ HTTP/1.1" 200 476
[27/Aug/2026 06:21:52] "GET /api/latest-detections/ HTTP/1.1" 200 338
[27/Aug/2026 06:21:53] "GET /api/latest-detections/ HTTP/1.1" 200 458
[27/Aug/2026 06:21:53] "GET /api/latest-detections/ HTTP/1.1" 200 458
[27/Aug/2026 06:21:53] "GET /api/drone-location/ HTTP/1.1" 200 476
[27/Aug/2026 06:21:53] "GET /api/latest-detections/ HTTP/1.1" 200 342
[27/Aug/2026 06:21:54] "GET /api/latest-detections/ HTTP/1.1" 200 458
[27/Aug/2026 06:21:54] "GET /api/latest-detections/ HTTP/1.1" 200 459
[27/Aug/2026 06:21:54] "GET /api/latest-detections/ HTTP/1.1" 200 457
[27/Aug/2026 06:21:54] "GET /api/drone-location/ HTTP/1.1" 200 476
[27/Aug/2026 06:21:54] "GET /api/system-status/ HTTP/1.1" 200 479
[27/Aug/2026 06:21:55] "GET /api/latest-detections/ HTTP/1.1" 200 458
[27/Aug/2026 06:21:55] "GET /api/latest-detections/ HTTP/1.1" 200 457
[27/Aug/2026 06:21:55] "GET /api/latest-detections/ HTTP/1.1" 200 459
[27/Aug/2026 06:21:55] "GET /api/drone-location/ HTTP/1.1" 200 476
[27/Aug/2026 06:21:55] "GET /api/latest-detections/ HTTP/1.1" 200 345
[27/Aug/2026 06:21:56] "GET /api/latest-detections/ HTTP/1.1" 200 458
[27/Aug/2026 06:21:56] "GET /api/latest-detections/ HTTP/1.1" 200 457
[27/Aug/2026 06:21:56] "GET /api/drone-location/ HTTP/1.1" 200 476
[27/Aug/2026 06:21:56] "GET /api/latest-detections/ HTTP/1.1" 200 461
[27/Aug/2026 06:21:57] "GET /api/latest-detections/ HTTP/1.1" 200 460
[27/Aug/2026 06:21:57] "GET /api/latest-detections/ HTTP/1.1" 200 459
[27/Aug/2026 06:21:57] "GET /api/latest-detections/ HTTP/1.1" 200 452
[27/Aug/2026 06:21:57] "GET /api/drone-location/ HTTP/1.1" 200 476
[27/Aug/2026 06:21:57] "GET /api/system-status/ HTTP/1.1" 200 479
[27/Aug/2026 06:21:58] "GET /api/latest-detections/ HTTP/1.1" 200 452
[27/Aug/2026 06:21:58] "GET /api/latest-detections/ HTTP/1.1" 200 452
[27/Aug/2026 06:21:58] "GET /api/latest-detections/ HTTP/1.1" 200 452
[27/Aug/2026 06:21:58] "GET /api/drone-location/ HTTP/1.1" 200 476
[27/Aug/2026 06:21:59] "GET /api/latest-detections/ HTTP/1.1" 200 452
[27/Aug/2026 06:21:59] "GET /api/latest-detections/ HTTP/1.1" 200 452
[27/Aug/2026 06:21:59] "GET /api/latest-detections/ HTTP/1.1" 200 452
[27/Aug/2026 06:21:59] "GET /api/drone-location/ HTTP/1.1" 200 476
[27/Aug/2026 06:21:59] "GET /api/latest-detections/ HTTP/1.1" 200 452
[27/Aug/2026 06:22:00] "GET /api/latest-detections/ HTTP/1.1" 200 452
[27/Aug/2026 06:22:00] "GET /api/latest-detections/ HTTP/1.1" 200 452
[27/Aug/2026 06:22:00] "GET /api/latest-detections/ HTTP/1.1" 200 453
[27/Aug/2026 06:22:00] "GET /api/drone-location/ HTTP/1.1" 200 476
[27/Aug/2026 06:22:01] "GET /api/system-status/ HTTP/1.1" 200 479
[27/Aug/2026 06:22:01] "GET /api/latest-detections/ HTTP/1.1" 200 453
[27/Aug/2026 06:22:01] "GET /api/latest-detections/ HTTP/1.1" 200 453
[27/Aug/2026 06:22:01] "GET /dashboard/mission/ HTTP/1.1" 200 36918
[27/Aug/2026 06:22:01] "GET /dashboard/mission/ HTTP/1.1" 200 36918
[27/Aug/2026 06:22:01] "GET /dashboard/remote-control/ HTTP/1.1" 200 35380
[27/Aug/2026 06:22:01] "GET /dashboard/remote-control/ HTTP/1.1" 200 35380
[27/Aug/2026 06:22:01] "GET /dji/login/ HTTP/1.1" 200 10986
[27/Aug/2026 06:22:01] "GET /dji/login/ HTTP/1.1" 200 10986
[27/Aug/2026 06:22:01] "GET /api/latest-detections/ HTTP/1.1" 200 453
[27/Aug/2026 06:22:01] "GET /api/drone-location/ HTTP/1.1" 200 476
[27/Aug/2026 06:22:01] "GET /api/latest-detections/ HTTP/1.1" 200 453
[27/Aug/2026 06:22:02] "GET /api/latest-detections/ HTTP/1.1" 200 453
[27/Aug/2026 06:22:02] "GET /api/latest-detections/ HTTP/1.1" 200 453
[27/Aug/2026 06:22:02] "GET /api/drone-location/ HTTP/1.1" 200 476
[27/Aug/2026 06:22:02] "GET /api/latest-detections/ HTTP/1.1" 200 453
[27/Aug/2026 06:22:03] "GET /api/latest-detections/ HTTP/1.1" 200 453
[27/Aug/2026 06:22:03] "GET /api/latest-detections/ HTTP/1.1" 200 453
[27/Aug/2026 06:22:03] "GET /api/drone-location/ HTTP/1.1" 200 476
[27/Aug/2026 06:22:03] "GET /api/latest-detections/ HTTP/1.1" 200 453
[27/Aug/2026 06:22:03] "GET /api/system-status/ HTTP/1.1" 200 479
[27/Aug/2026 06:22:04] "GET /api/latest-detections/ HTTP/1.1" 200 453
[27/Aug/2026 06:22:04] "GET /api/latest-detections/ HTTP/1.1" 200 453
[27/Aug/2026 06:22:04] "GET /api/latest-detections/ HTTP/1.1" 200 453
[27/Aug/2026 06:22:04] "GET /api/drone-location/ HTTP/1.1" 200 476
[27/Aug/2026 06:22:04] "GET /api/latest-detections/ HTTP/1.1" 200 453
[27/Aug/2026 06:22:05] "GET /api/latest-detections/ HTTP/1.1" 200 453
[27/Aug/2026 06:22:05] "GET /api/latest-detections/ HTTP/1.1" 200 453
[27/Aug/2026 06:22:05] "GET /api/drone-location/ HTTP/1.1" 200 476
[27/Aug/2026 06:22:05] "GET /api/latest-detections/ HTTP/1.1" 200 453
[27/Aug/2026 06:22:06] "GET /api/latest-detections/ HTTP/1.1" 200 453
[27/Aug/2026 06:22:06] "GET /api/latest-detections/ HTTP/1.1" 200 453
[27/Aug/2026 06:22:06] "GET /api/latest-detections/ HTTP/1.1" 200 453
[27/Aug/2026 06:22:06] "GET /api/drone-location/ HTTP/1.1" 200 476
[27/Aug/2026 06:22:06] "GET /api/system-status/ HTTP/1.1" 200 479
[27/Aug/2026 06:22:07] "GET /api/latest-detections/ HTTP/1.1" 200 453
[27/Aug/2026 06:22:07] "GET /api/latest-detections/ HTTP/1.1" 200 453
[27/Aug/2026 06:22:07] "GET /api/latest-detections/ HTTP/1.1" 200 453
[27/Aug/2026 06:22:07] "GET /api/drone-location/ HTTP/1.1" 200 476
[27/Aug/2026 06:22:08] "GET /api/latest-detections/ HTTP/1.1" 200 453
[27/Aug/2026 06:22:09] "GET /api/latest-detections/ HTTP/1.1" 200 453
[27/Aug/2026 06:22:09] "GET /api/drone-location/ HTTP/1.1" 200 476
[27/Aug/2026 06:22:10] "GET /api/latest-detections/ HTTP/1.1" 200 454
[27/Aug/2026 06:22:10] "GET /api/drone-location/ HTTP/1.1" 200 476
[27/Aug/2026 06:22:10] "GET /api/system-status/ HTTP/1.1" 200 479
[27/Aug/2026 06:22:10] "GET /api/latest-detections/ HTTP/1.1" 200 454
[27/Aug/2026 06:22:10] "GET /api/latest-detections/ HTTP/1.1" 200 454
[27/Aug/2026 06:22:10] "GET /api/drone-location/ HTTP/1.1" 200 476
[27/Aug/2026 06:22:10] "GET /api/latest-detections/ HTTP/1.1" 200 454
[27/Aug/2026 06:22:11] "GET /api/latest-detections/ HTTP/1.1" 200 454
[27/Aug/2026 06:22:11] "GET /api/latest-detections/ HTTP/1.1" 200 454
[27/Aug/2026 06:22:11] "GET /api/drone-location/ HTTP/1.1" 200 476
[27/Aug/2026 06:22:11] "GET /api/latest-detections/ HTTP/1.1" 200 454
[27/Aug/2026 06:22:12] "GET /api/latest-detections/ HTTP/1.1" 200 454
[27/Aug/2026 06:22:12] "GET /api/latest-detections/ HTTP/1.1" 200 454
[27/Aug/2026 06:22:12] "GET /api/drone-location/ HTTP/1.1" 200 476
[27/Aug/2026 06:22:12] "GET /api/latest-detections/ HTTP/1.1" 200 454
[27/Aug/2026 06:22:12] "GET /api/system-status/ HTTP/1.1" 200 479
[27/Aug/2026 06:22:13] "GET /api/latest-detections/ HTTP/1.1" 200 454
[27/Aug/2026 06:22:13] "GET /api/latest-detections/ HTTP/1.1" 200 454
[27/Aug/2026 06:22:13] "GET /api/latest-detections/ HTTP/1.1" 200 454
[27/Aug/2026 06:22:13] "GET /api/drone-location/ HTTP/1.1" 200 476
[27/Aug/2026 06:22:14] "GET /api/latest-detections/ HTTP/1.1" 200 454
[27/Aug/2026 06:22:14] "GET /api/latest-detections/ HTTP/1.1" 200 454
[27/Aug/2026 06:22:14] "GET /api/latest-detections/ HTTP/1.1" 200 454
[27/Aug/2026 06:22:14] "GET /api/drone-location/ HTTP/1.1" 200 476
[27/Aug/2026 06:22:14] "GET /api/latest-detections/ HTTP/1.1" 200 454
[27/Aug/2026 06:22:15] "GET /api/latest-detections/ HTTP/1.1" 200 454
[27/Aug/2026 06:22:15] "GET /api/latest-detections/ HTTP/1.1" 200 454
[27/Aug/2026 06:22:15] "GET /api/latest-detections/ HTTP/1.1" 200 454
[27/Aug/2026 06:22:15] "GET /api/drone-location/ HTTP/1.1" 200 476
[27/Aug/2026 06:22:15] "GET /api/system-status/ HTTP/1.1" 200 479
[27/Aug/2026 06:22:16] "GET /api/latest-detections/ HTTP/1.1" 200 454
[27/Aug/2026 06:22:16] "GET /api/latest-detections/ HTTP/1.1" 200 454
[27/Aug/2026 06:22:16] "GET /api/latest-detections/ HTTP/1.1" 200 454
[27/Aug/2026 06:22:16] "GET /api/drone-location/ HTTP/1.1" 200 476
[27/Aug/2026 06:22:17] "GET /api/latest-detections/ HTTP/1.1" 200 454
[27/Aug/2026 06:22:17] "GET /dashboard/heatmap/ HTTP/1.1" 200 5898
[27/Aug/2026 06:22:17] "GET /api/detection-dates/ HTTP/1.1" 200 53
[27/Aug/2026 06:22:17] "GET /api/heatmap-data/ HTTP/1.1" 200 14501
[27/Aug/2026 06:22:17] "GET /api/drone-location/ HTTP/1.1" 200 476
[27/Aug/2026 06:22:19] "GET /api/heatmap-data/ HTTP/1.1" 200 14501
[27/Aug/2026 06:22:19] "GET /dashboard/remote-control/ HTTP/1.1" 200 35380
[27/Aug/2026 06:22:28] "GET /api/start-service/?service=drc&action=start HTTP/1.1" 200 165
[27/Aug/2026 06:22:30] "GET /api/start-service/?service=drc&action=stop HTTP/1.1" 200 147
[27/Aug/2026 06:22:31] "GET /api/start-service/?service=drc&action=start HTTP/1.1" 200 165
[27/Aug/2026 06:22:32] "GET /api/start-service/?service=drc&action=stop HTTP/1.1" 200 147
[27/Aug/2026 06:22:33] "GET /api/start-service/?service=drc&action=start HTTP/1.1" 200 165
[27/Aug/2026 06:24:49] "GET /dashboard/mission/ HTTP/1.1" 200 36918
[27/Aug/2026 06:24:49] "GET /dashboard/remote-control/ HTTP/1.1" 200 35380
[27/Aug/2026 06:24:49] "GET /api/system-status/ HTTP/1.1" 200 479
[27/Aug/2026 06:25:01] "GET /dji/login/ HTTP/1.1" 200 10986
Not Found: /favicon.ico
[27/Aug/2026 06:25:01] "GET /favicon.ico HTTP/1.1" 404 6772
[27/Aug/2026 06:25:01] "GET /dji/login/ HTTP/1.1" 200 10986
[27/Aug/2026 06:25:02] "GET /dji/login/ HTTP/1.1" 200 10986
[27/Aug/2026 06:25:22] "GET /dashboard/remote-control/ HTTP/1.1" 200 35380
[27/Aug/2026 06:25:36] "GET /dashboard/mission/ HTTP/1.1" 200 36918
[27/Aug/2026 06:25:37] "GET /api/latest-detections/ HTTP/1.1" 200 345
[27/Aug/2026 06:25:37] "GET /api/drone-location/ HTTP/1.1" 200 398
[27/Aug/2026 06:25:37] "GET /api/system-status/ HTTP/1.1" 200 478
[27/Aug/2026 06:25:37] "GET /api/latest-detections/ HTTP/1.1" 200 346
[27/Aug/2026 06:25:37] "GET /api/latest-detections/ HTTP/1.1" 200 346
[27/Aug/2026 06:25:37] "GET /api/latest-detections/ HTTP/1.1" 200 346
[27/Aug/2026 06:25:37] "GET /api/drone-location/ HTTP/1.1" 200 398
[27/Aug/2026 06:25:38] "GET /api/latest-detections/ HTTP/1.1" 200 346
[27/Aug/2026 06:25:38] "GET /api/latest-detections/ HTTP/1.1" 200 346
[27/Aug/2026 06:25:38] "GET /api/latest-detections/ HTTP/1.1" 200 346
[27/Aug/2026 06:25:38] "GET /api/drone-location/ HTTP/1.1" 200 399
[27/Aug/2026 06:25:39] "GET /api/latest-detections/ HTTP/1.1" 200 346
[27/Aug/2026 06:25:39] "GET /api/latest-detections/ HTTP/1.1" 200 346
[27/Aug/2026 06:25:39] "GET /api/latest-detections/ HTTP/1.1" 200 346
[27/Aug/2026 06:25:39] "GET /api/latest-detections/ HTTP/1.1" 200 346
[27/Aug/2026 06:25:39] "GET /api/drone-location/ HTTP/1.1" 200 399
[27/Aug/2026 06:25:40] "GET /api/system-status/ HTTP/1.1" 200 478
[27/Aug/2026 06:25:40] "GET /api/latest-detections/ HTTP/1.1" 200 346
[27/Aug/2026 06:25:40] "GET /api/latest-detections/ HTTP/1.1" 200 346
[27/Aug/2026 06:25:40] "GET /api/latest-detections/ HTTP/1.1" 200 346
[27/Aug/2026 06:25:40] "GET /api/drone-location/ HTTP/1.1" 200 399
[27/Aug/2026 06:25:41] "GET /api/latest-detections/ HTTP/1.1" 200 346
[27/Aug/2026 06:25:41] "GET /api/latest-detections/ HTTP/1.1" 200 346
[27/Aug/2026 06:25:41] "GET /api/latest-detections/ HTTP/1.1" 200 347
[27/Aug/2026 06:25:41] "GET /api/drone-location/ HTTP/1.1" 200 399
[27/Aug/2026 06:25:42] "GET /api/latest-detections/ HTTP/1.1" 200 347
[27/Aug/2026 06:25:42] "GET /api/latest-detections/ HTTP/1.1" 200 347
[27/Aug/2026 06:25:42] "GET /api/latest-detections/ HTTP/1.1" 200 347
[27/Aug/2026 06:25:42] "GET /api/latest-detections/ HTTP/1.1" 200 347
[27/Aug/2026 06:25:42] "GET /api/drone-location/ HTTP/1.1" 200 398
[27/Aug/2026 06:25:43] "GET /api/system-status/ HTTP/1.1" 200 478
[27/Aug/2026 06:25:43] "GET /api/latest-detections/ HTTP/1.1" 200 347
[27/Aug/2026 06:25:43] "GET /api/latest-detections/ HTTP/1.1" 200 347
[27/Aug/2026 06:25:43] "GET /api/latest-detections/ HTTP/1.1" 200 347
[27/Aug/2026 06:25:43] "GET /api/drone-location/ HTTP/1.1" 200 398
[27/Aug/2026 06:25:44] "GET /api/latest-detections/ HTTP/1.1" 200 347
[27/Aug/2026 06:25:44] "GET /api/latest-detections/ HTTP/1.1" 200 347
[27/Aug/2026 06:25:44] "GET /api/latest-detections/ HTTP/1.1" 200 347
[27/Aug/2026 06:25:44] "GET /api/drone-location/ HTTP/1.1" 200 399
[27/Aug/2026 06:25:45] "GET /api/latest-detections/ HTTP/1.1" 200 347
[27/Aug/2026 06:25:45] "GET /api/latest-detections/ HTTP/1.1" 200 347
[27/Aug/2026 06:25:45] "GET /api/latest-detections/ HTTP/1.1" 200 347
[27/Aug/2026 06:25:45] "GET /api/latest-detections/ HTTP/1.1" 200 347
[27/Aug/2026 06:25:45] "GET /api/drone-location/ HTTP/1.1" 200 399
[27/Aug/2026 06:25:46] "GET /api/system-status/ HTTP/1.1" 200 478
[27/Aug/2026 06:25:46] "GET /api/latest-detections/ HTTP/1.1" 200 347
[27/Aug/2026 06:25:46] "GET /api/latest-detections/ HTTP/1.1" 200 347
[27/Aug/2026 06:25:46] "GET /api/latest-detections/ HTTP/1.1" 200 347
[27/Aug/2026 06:25:46] "GET /api/drone-location/ HTTP/1.1" 200 399
[27/Aug/2026 06:25:47] "GET /api/latest-detections/ HTTP/1.1" 200 347
[27/Aug/2026 06:25:47] "GET /api/latest-detections/ HTTP/1.1" 200 347
[27/Aug/2026 06:25:47] "GET /api/latest-detections/ HTTP/1.1" 200 347
[27/Aug/2026 06:25:47] "GET /api/drone-location/ HTTP/1.1" 200 399
[27/Aug/2026 06:25:48] "GET /api/latest-detections/ HTTP/1.1" 200 347
[27/Aug/2026 06:25:48] "GET /api/latest-detections/ HTTP/1.1" 200 347
[27/Aug/2026 06:25:48] "GET /api/latest-detections/ HTTP/1.1" 200 347
[27/Aug/2026 06:25:48] "GET /api/latest-detections/ HTTP/1.1" 200 347
[27/Aug/2026 06:25:48] "GET /api/drone-location/ HTTP/1.1" 200 398
[27/Aug/2026 06:25:49] "GET /api/system-status/ HTTP/1.1" 200 478
[27/Aug/2026 06:25:49] "GET /api/latest-detections/ HTTP/1.1" 200 347
[27/Aug/2026 06:25:49] "GET /api/latest-detections/ HTTP/1.1" 200 347
[27/Aug/2026 06:25:49] "GET /api/latest-detections/ HTTP/1.1" 200 347
[27/Aug/2026 06:25:49] "GET /api/drone-location/ HTTP/1.1" 200 398
[27/Aug/2026 06:25:50] "GET /api/latest-detections/ HTTP/1.1" 200 347
[27/Aug/2026 06:25:50] "GET /api/latest-detections/ HTTP/1.1" 200 347
[27/Aug/2026 06:25:50] "GET /api/latest-detections/ HTTP/1.1" 200 347
[27/Aug/2026 06:25:50] "GET /api/drone-location/ HTTP/1.1" 200 399
[27/Aug/2026 06:25:51] "GET /api/latest-detections/ HTTP/1.1" 200 347
[27/Aug/2026 06:25:51] "GET /api/latest-detections/ HTTP/1.1" 200 347
[27/Aug/2026 06:25:51] "GET /api/latest-detections/ HTTP/1.1" 200 347
[27/Aug/2026 06:25:51] "GET /api/latest-detections/ HTTP/1.1" 200 347
[27/Aug/2026 06:25:51] "GET /api/drone-location/ HTTP/1.1" 200 399
[27/Aug/2026 06:25:52] "GET /api/system-status/ HTTP/1.1" 200 478
[27/Aug/2026 06:25:52] "GET /api/latest-detections/ HTTP/1.1" 200 347
[27/Aug/2026 06:25:52] "GET /api/latest-detections/ HTTP/1.1" 200 347
[27/Aug/2026 06:25:52] "GET /api/latest-detections/ HTTP/1.1" 200 347
[27/Aug/2026 06:25:52] "GET /api/drone-location/ HTTP/1.1" 200 398
[27/Aug/2026 06:25:53] "GET /api/latest-detections/ HTTP/1.1" 200 347
[27/Aug/2026 06:25:53] "GET /api/latest-detections/ HTTP/1.1" 200 347
[27/Aug/2026 06:25:53] "GET /api/latest-detections/ HTTP/1.1" 200 347
[27/Aug/2026 06:25:53] "GET /api/drone-location/ HTTP/1.1" 200 398
[27/Aug/2026 06:25:54] "GET /api/latest-detections/ HTTP/1.1" 200 347
[27/Aug/2026 06:25:54] "GET /api/latest-detections/ HTTP/1.1" 200 347
[27/Aug/2026 06:25:54] "GET /api/latest-detections/ HTTP/1.1" 200 347
[27/Aug/2026 06:25:54] "GET /api/latest-detections/ HTTP/1.1" 200 347
[27/Aug/2026 06:25:54] "GET /api/drone-location/ HTTP/1.1" 200 398
[27/Aug/2026 06:25:55] "GET /api/system-status/ HTTP/1.1" 200 478
[27/Aug/2026 06:25:55] "GET /api/latest-detections/ HTTP/1.1" 200 347
[27/Aug/2026 06:25:55] "GET /api/latest-detections/ HTTP/1.1" 200 347
[27/Aug/2026 06:25:55] "GET /api/latest-detections/ HTTP/1.1" 200 347
[27/Aug/2026 06:25:55] "GET /api/drone-location/ HTTP/1.1" 200 398
[27/Aug/2026 06:25:56] "GET /api/latest-detections/ HTTP/1.1" 200 347
[27/Aug/2026 06:25:56] "GET /api/latest-detections/ HTTP/1.1" 200 347
[27/Aug/2026 06:25:56] "GET /api/latest-detections/ HTTP/1.1" 200 347
[27/Aug/2026 06:25:56] "GET /api/drone-location/ HTTP/1.1" 200 398
[27/Aug/2026 06:25:57] "GET /api/latest-detections/ HTTP/1.1" 200 347
[27/Aug/2026 06:25:57] "GET /api/latest-detections/ HTTP/1.1" 200 347
[27/Aug/2026 06:25:57] "GET /api/latest-detections/ HTTP/1.1" 200 347
[27/Aug/2026 06:25:57] "GET /api/latest-detections/ HTTP/1.1" 200 347
[27/Aug/2026 06:25:57] "GET /api/drone-location/ HTTP/1.1" 200 398
[27/Aug/2026 06:25:58] "GET /api/system-status/ HTTP/1.1" 200 478
[27/Aug/2026 06:25:58] "GET /api/latest-detections/ HTTP/1.1" 200 347
[27/Aug/2026 06:25:58] "GET /api/latest-detections/ HTTP/1.1" 200 347
[27/Aug/2026 06:25:58] "GET /api/latest-detections/ HTTP/1.1" 200 347
[27/Aug/2026 06:25:58] "GET /api/drone-location/ HTTP/1.1" 200 399
[27/Aug/2026 06:25:59] "GET /api/latest-detections/ HTTP/1.1" 200 347
[27/Aug/2026 06:25:59] "GET /api/latest-detections/ HTTP/1.1" 200 347
[27/Aug/2026 06:25:59] "GET /api/latest-detections/ HTTP/1.1" 200 347
[27/Aug/2026 06:25:59] "GET /api/drone-location/ HTTP/1.1" 200 399
[27/Aug/2026 06:26:00] "GET /api/latest-detections/ HTTP/1.1" 200 347
[27/Aug/2026 06:26:00] "GET /api/latest-detections/ HTTP/1.1" 200 347
[27/Aug/2026 06:26:00] "GET /api/latest-detections/ HTTP/1.1" 200 347
[27/Aug/2026 06:26:00] "GET /api/latest-detections/ HTTP/1.1" 200 347
[27/Aug/2026 06:26:00] "GET /api/drone-location/ HTTP/1.1" 200 398
[27/Aug/2026 06:26:01] "GET /api/system-status/ HTTP/1.1" 200 478
[27/Aug/2026 06:26:01] "GET /api/latest-detections/ HTTP/1.1" 200 347
[27/Aug/2026 06:26:01] "GET /api/latest-detections/ HTTP/1.1" 200 347
[27/Aug/2026 06:26:01] "GET /api/latest-detections/ HTTP/1.1" 200 347
[27/Aug/2026 06:26:01] "GET /api/drone-location/ HTTP/1.1" 200 398
[27/Aug/2026 06:26:02] "GET /api/latest-detections/ HTTP/1.1" 200 460
[27/Aug/2026 06:26:02] "GET /api/latest-detections/ HTTP/1.1" 200 460
[27/Aug/2026 06:26:02] "GET /api/latest-detections/ HTTP/1.1" 200 460
[27/Aug/2026 06:26:02] "GET /api/drone-location/ HTTP/1.1" 200 398
[27/Aug/2026 06:26:03] "GET /api/latest-detections/ HTTP/1.1" 200 460
[27/Aug/2026 06:26:03] "GET /api/latest-detections/ HTTP/1.1" 200 460
[27/Aug/2026 06:26:03] "GET /api/latest-detections/ HTTP/1.1" 200 460
[27/Aug/2026 06:26:03] "GET /api/latest-detections/ HTTP/1.1" 200 460
[27/Aug/2026 06:26:03] "GET /api/drone-location/ HTTP/1.1" 200 398
[27/Aug/2026 06:26:04] "GET /api/system-status/ HTTP/1.1" 200 478
[27/Aug/2026 06:26:04] "GET /api/latest-detections/ HTTP/1.1" 200 460
[27/Aug/2026 06:26:04] "GET /api/latest-detections/ HTTP/1.1" 200 460
[27/Aug/2026 06:26:04] "GET /api/latest-detections/ HTTP/1.1" 200 460
[27/Aug/2026 06:26:04] "GET /api/drone-location/ HTTP/1.1" 200 398
[27/Aug/2026 06:26:05] "GET /api/latest-detections/ HTTP/1.1" 200 461
[27/Aug/2026 06:26:05] "GET /api/latest-detections/ HTTP/1.1" 200 461
[27/Aug/2026 06:26:05] "GET /api/latest-detections/ HTTP/1.1" 200 461
[27/Aug/2026 06:26:05] "GET /api/drone-location/ HTTP/1.1" 200 398
[27/Aug/2026 06:26:06] "GET /api/latest-detections/ HTTP/1.1" 200 461
[27/Aug/2026 06:26:06] "GET /api/latest-detections/ HTTP/1.1" 200 461
[27/Aug/2026 06:26:06] "GET /api/latest-detections/ HTTP/1.1" 200 461
[27/Aug/2026 06:26:06] "GET /api/latest-detections/ HTTP/1.1" 200 461
[27/Aug/2026 06:26:06] "GET /api/drone-location/ HTTP/1.1" 200 399
[27/Aug/2026 06:26:07] "GET /api/system-status/ HTTP/1.1" 200 478
[27/Aug/2026 06:26:07] "GET /api/latest-detections/ HTTP/1.1" 200 461
[27/Aug/2026 06:26:07] "GET /api/latest-detections/ HTTP/1.1" 200 461
[27/Aug/2026 06:26:07] "GET /api/latest-detections/ HTTP/1.1" 200 461
[27/Aug/2026 06:26:07] "GET /api/drone-location/ HTTP/1.1" 200 399
[27/Aug/2026 06:26:08] "GET /api/latest-detections/ HTTP/1.1" 200 461
[27/Aug/2026 06:26:08] "GET /api/latest-detections/ HTTP/1.1" 200 461
[27/Aug/2026 06:26:08] "GET /api/latest-detections/ HTTP/1.1" 200 461
[27/Aug/2026 06:26:08] "GET /api/drone-location/ HTTP/1.1" 200 399
[27/Aug/2026 06:26:09] "GET /api/latest-detections/ HTTP/1.1" 200 461
[27/Aug/2026 06:26:09] "GET /api/latest-detections/ HTTP/1.1" 200 461
[27/Aug/2026 06:26:09] "GET /api/latest-detections/ HTTP/1.1" 200 461
[27/Aug/2026 06:26:09] "GET /api/latest-detections/ HTTP/1.1" 200 461
[27/Aug/2026 06:26:09] "GET /api/drone-location/ HTTP/1.1" 200 399
[27/Aug/2026 06:26:10] "GET /api/system-status/ HTTP/1.1" 200 478
[27/Aug/2026 06:26:10] "GET /api/latest-detections/ HTTP/1.1" 200 461
[27/Aug/2026 06:26:10] "GET /api/latest-detections/ HTTP/1.1" 200 461
[27/Aug/2026 06:26:10] "GET /api/latest-detections/ HTTP/1.1" 200 461
[27/Aug/2026 06:26:10] "GET /api/drone-location/ HTTP/1.1" 200 399
[27/Aug/2026 06:26:11] "GET /api/latest-detections/ HTTP/1.1" 200 461
[27/Aug/2026 06:26:11] "GET /api/latest-detections/ HTTP/1.1" 200 461
[27/Aug/2026 06:26:11] "GET /api/latest-detections/ HTTP/1.1" 200 461
[27/Aug/2026 06:26:11] "GET /api/drone-location/ HTTP/1.1" 200 399
[27/Aug/2026 06:26:12] "GET /api/latest-detections/ HTTP/1.1" 200 461
[27/Aug/2026 06:26:12] "GET /api/latest-detections/ HTTP/1.1" 200 462
[27/Aug/2026 06:26:12] "GET /api/latest-detections/ HTTP/1.1" 200 462
[27/Aug/2026 06:26:12] "GET /api/latest-detections/ HTTP/1.1" 200 462
[27/Aug/2026 06:26:12] "GET /api/drone-location/ HTTP/1.1" 200 398
[27/Aug/2026 06:26:13] "GET /api/system-status/ HTTP/1.1" 200 478
[27/Aug/2026 06:26:13] "GET /api/latest-detections/ HTTP/1.1" 200 462
[27/Aug/2026 06:26:13] "GET /api/latest-detections/ HTTP/1.1" 200 462
[27/Aug/2026 06:26:13] "GET /api/latest-detections/ HTTP/1.1" 200 462
[27/Aug/2026 06:26:13] "GET /api/drone-location/ HTTP/1.1" 200 398
[27/Aug/2026 06:26:14] "GET /api/latest-detections/ HTTP/1.1" 200 462
[27/Aug/2026 06:26:14] "GET /api/latest-detections/ HTTP/1.1" 200 462
[27/Aug/2026 06:26:14] "GET /api/latest-detections/ HTTP/1.1" 200 462
[27/Aug/2026 06:26:14] "GET /api/drone-location/ HTTP/1.1" 200 399
[27/Aug/2026 06:26:15] "GET /api/latest-detections/ HTTP/1.1" 200 462
[27/Aug/2026 06:26:15] "GET /api/latest-detections/ HTTP/1.1" 200 462
[27/Aug/2026 06:26:15] "GET /api/latest-detections/ HTTP/1.1" 200 462
[27/Aug/2026 06:26:15] "GET /api/latest-detections/ HTTP/1.1" 200 462
[27/Aug/2026 06:26:15] "GET /api/drone-location/ HTTP/1.1" 200 399
[27/Aug/2026 06:26:16] "GET /api/system-status/ HTTP/1.1" 200 478
[27/Aug/2026 06:26:16] "GET /api/latest-detections/ HTTP/1.1" 200 462
[27/Aug/2026 06:26:16] "GET /api/latest-detections/ HTTP/1.1" 200 462
[27/Aug/2026 06:26:16] "GET /api/latest-detections/ HTTP/1.1" 200 462
[27/Aug/2026 06:26:16] "GET /api/drone-location/ HTTP/1.1" 200 398
[27/Aug/2026 06:26:17] "GET /api/latest-detections/ HTTP/1.1" 200 462
[27/Aug/2026 06:26:17] "GET /api/latest-detections/ HTTP/1.1" 200 462
[27/Aug/2026 06:26:17] "GET /api/latest-detections/ HTTP/1.1" 200 462
[27/Aug/2026 06:26:17] "GET /api/drone-location/ HTTP/1.1" 200 398
[27/Aug/2026 06:26:18] "GET /api/latest-detections/ HTTP/1.1" 200 462
[27/Aug/2026 06:26:18] "GET /api/latest-detections/ HTTP/1.1" 200 462
[27/Aug/2026 06:26:18] "GET /api/latest-detections/ HTTP/1.1" 200 462
[27/Aug/2026 06:26:18] "GET /api/latest-detections/ HTTP/1.1" 200 462
[27/Aug/2026 06:26:18] "GET /api/drone-location/ HTTP/1.1" 200 398
[27/Aug/2026 06:26:19] "GET /api/system-status/ HTTP/1.1" 200 478
[27/Aug/2026 06:26:19] "GET /api/latest-detections/ HTTP/1.1" 200 462
[27/Aug/2026 06:26:19] "GET /api/latest-detections/ HTTP/1.1" 200 462
[27/Aug/2026 06:26:19] "GET /api/latest-detections/ HTTP/1.1" 200 462
[27/Aug/2026 06:26:19] "GET /api/drone-location/ HTTP/1.1" 200 398
[27/Aug/2026 06:26:20] "GET /api/latest-detections/ HTTP/1.1" 200 462
[27/Aug/2026 06:26:20] "GET /api/latest-detections/ HTTP/1.1" 200 462
[27/Aug/2026 06:26:20] "GET /api/latest-detections/ HTTP/1.1" 200 462
[27/Aug/2026 06:26:20] "GET /api/drone-location/ HTTP/1.1" 200 398
[27/Aug/2026 06:26:21] "GET /api/latest-detections/ HTTP/1.1" 200 462
[27/Aug/2026 06:26:21] "GET /api/latest-detections/ HTTP/1.1" 200 462
[27/Aug/2026 06:26:21] "GET /api/latest-detections/ HTTP/1.1" 200 462
[27/Aug/2026 06:26:21] "GET /api/latest-detections/ HTTP/1.1" 200 462
[27/Aug/2026 06:26:21] "GET /api/drone-location/ HTTP/1.1" 200 398
[27/Aug/2026 06:26:22] "GET /api/system-status/ HTTP/1.1" 200 478
[27/Aug/2026 06:26:22] "GET /api/latest-detections/ HTTP/1.1" 200 462
[27/Aug/2026 06:26:22] "GET /api/latest-detections/ HTTP/1.1" 200 462
[27/Aug/2026 06:26:22] "GET /api/latest-detections/ HTTP/1.1" 200 462
[27/Aug/2026 06:26:22] "GET /api/drone-location/ HTTP/1.1" 200 399
[27/Aug/2026 06:26:23] "GET /api/latest-detections/ HTTP/1.1" 200 462
[27/Aug/2026 06:26:23] "GET /dashboard/remote-control/ HTTP/1.1" 200 35380
[27/Aug/2026 06:26:52] "GET /dashboard/remote-control/ HTTP/1.1" 200 35380
Not Found: /favicon.ico
[27/Aug/2026 06:26:52] "GET /favicon.ico HTTP/1.1" 404 6772
[27/Aug/2026 06:27:14] "GET /dashboard/remote-control/ HTTP/1.1" 200 35380
Not Found: /favicon.ico
[27/Aug/2026 06:27:15] "GET /favicon.ico HTTP/1.1" 404 6772
[27/Aug/2026 06:27:18] "GET /dji/login/ HTTP/1.1" 200 10986
Not Found: /favicon.ico
[27/Aug/2026 06:27:18] "GET /favicon.ico HTTP/1.1" 404 6772
[27/Aug/2026 06:27:32] "GET /dashboard/mission/ HTTP/1.1" 200 36918
[27/Aug/2026 06:27:32] "GET /api/latest-detections/ HTTP/1.1" 200 231
[27/Aug/2026 06:27:32] "GET /api/drone-location/ HTTP/1.1" 200 399
[27/Aug/2026 06:27:32] "GET /api/system-status/ HTTP/1.1" 200 479
[27/Aug/2026 06:27:32] "GET /api/latest-detections/ HTTP/1.1" 200 231
[27/Aug/2026 06:27:33] "GET /api/latest-detections/ HTTP/1.1" 200 231
[27/Aug/2026 06:27:33] "GET /api/latest-detections/ HTTP/1.1" 200 231
[27/Aug/2026 06:27:33] "GET /api/drone-location/ HTTP/1.1" 200 399
[27/Aug/2026 06:27:33] "GET /api/latest-detections/ HTTP/1.1" 200 231
[27/Aug/2026 06:27:33] "GET /api/latest-detections/ HTTP/1.1" 200 231
[27/Aug/2026 06:27:34] "GET /api/latest-detections/ HTTP/1.1" 200 231
[27/Aug/2026 06:27:34] "GET /api/drone-location/ HTTP/1.1" 200 399
[27/Aug/2026 06:27:34] "GET /api/latest-detections/ HTTP/1.1" 200 231
[27/Aug/2026 06:27:34] "GET /api/latest-detections/ HTTP/1.1" 200 231
[27/Aug/2026 06:27:35] "GET /api/latest-detections/ HTTP/1.1" 200 231
[27/Aug/2026 06:27:35] "GET /api/latest-detections/ HTTP/1.1" 200 231
[27/Aug/2026 06:27:35] "GET /api/drone-location/ HTTP/1.1" 200 399
[27/Aug/2026 06:27:35] "GET /api/system-status/ HTTP/1.1" 200 479
[27/Aug/2026 06:27:35] "GET /api/latest-detections/ HTTP/1.1" 200 231
[27/Aug/2026 06:27:36] "GET /api/latest-detections/ HTTP/1.1" 200 231
[27/Aug/2026 06:27:36] "GET /api/latest-detections/ HTTP/1.1" 200 231
[27/Aug/2026 06:27:36] "GET /api/drone-location/ HTTP/1.1" 200 399
[27/Aug/2026 06:27:36] "GET /api/latest-detections/ HTTP/1.1" 200 231
[27/Aug/2026 06:27:36] "GET /api/latest-detections/ HTTP/1.1" 200 231
[27/Aug/2026 06:27:37] "GET /api/latest-detections/ HTTP/1.1" 200 231
[27/Aug/2026 06:27:37] "GET /api/drone-location/ HTTP/1.1" 200 399
[27/Aug/2026 06:27:37] "GET /api/latest-detections/ HTTP/1.1" 200 231
[27/Aug/2026 06:27:37] "GET /api/latest-detections/ HTTP/1.1" 200 231
[27/Aug/2026 06:27:38] "GET /api/latest-detections/ HTTP/1.1" 200 231
[27/Aug/2026 06:27:38] "GET /api/latest-detections/ HTTP/1.1" 200 231
[27/Aug/2026 06:27:38] "GET /api/drone-location/ HTTP/1.1" 200 399
[27/Aug/2026 06:27:38] "GET /api/system-status/ HTTP/1.1" 200 479
[27/Aug/2026 06:27:38] "GET /api/latest-detections/ HTTP/1.1" 200 231
[27/Aug/2026 06:27:39] "GET /api/latest-detections/ HTTP/1.1" 200 231
[27/Aug/2026 06:27:39] "GET /api/latest-detections/ HTTP/1.1" 200 231
[27/Aug/2026 06:27:39] "GET /api/drone-location/ HTTP/1.1" 200 399
[27/Aug/2026 06:27:39] "GET /api/latest-detections/ HTTP/1.1" 200 231
[27/Aug/2026 06:27:39] "GET /api/latest-detections/ HTTP/1.1" 200 231
[27/Aug/2026 06:27:40] "GET /api/latest-detections/ HTTP/1.1" 200 231
[27/Aug/2026 06:27:40] "GET /api/drone-location/ HTTP/1.1" 200 399
[27/Aug/2026 06:27:40] "GET /api/latest-detections/ HTTP/1.1" 200 231
[27/Aug/2026 06:27:40] "GET /api/latest-detections/ HTTP/1.1" 200 231
[27/Aug/2026 06:27:41] "GET /api/latest-detections/ HTTP/1.1" 200 231
[27/Aug/2026 06:27:41] "GET /api/latest-detections/ HTTP/1.1" 200 231
[27/Aug/2026 06:27:41] "GET /api/drone-location/ HTTP/1.1" 200 399
[27/Aug/2026 06:27:41] "GET /api/system-status/ HTTP/1.1" 200 479
[27/Aug/2026 06:27:41] "GET /api/latest-detections/ HTTP/1.1" 200 231
[27/Aug/2026 06:27:42] "GET /api/latest-detections/ HTTP/1.1" 200 231
[27/Aug/2026 06:27:42] "GET /api/latest-detections/ HTTP/1.1" 200 231
[27/Aug/2026 06:27:42] "GET /api/drone-location/ HTTP/1.1" 200 399
[27/Aug/2026 06:27:42] "GET /api/latest-detections/ HTTP/1.1" 200 231
[27/Aug/2026 06:27:42] "GET /api/latest-detections/ HTTP/1.1" 200 231
[27/Aug/2026 06:27:43] "GET /api/latest-detections/ HTTP/1.1" 200 231
[27/Aug/2026 06:27:43] "GET /api/drone-location/ HTTP/1.1" 200 399
[27/Aug/2026 06:27:43] "GET /api/latest-detections/ HTTP/1.1" 200 231
[27/Aug/2026 06:27:43] "GET /api/latest-detections/ HTTP/1.1" 200 231
[27/Aug/2026 06:27:44] "GET /api/latest-detections/ HTTP/1.1" 200 231
[27/Aug/2026 06:27:44] "GET /api/latest-detections/ HTTP/1.1" 200 231
[27/Aug/2026 06:27:44] "GET /api/drone-location/ HTTP/1.1" 200 399
[27/Aug/2026 06:27:44] "GET /api/system-status/ HTTP/1.1" 200 479
[27/Aug/2026 06:27:44] "GET /api/latest-detections/ HTTP/1.1" 200 231
[27/Aug/2026 06:27:45] "GET /api/latest-detections/ HTTP/1.1" 200 231
[27/Aug/2026 06:27:45] "GET /api/latest-detections/ HTTP/1.1" 200 231
[27/Aug/2026 06:27:45] "GET /api/drone-location/ HTTP/1.1" 200 399
[27/Aug/2026 06:27:45] "GET /api/latest-detections/ HTTP/1.1" 200 231
[27/Aug/2026 06:27:45] "GET /api/latest-detections/ HTTP/1.1" 200 231
[27/Aug/2026 06:27:46] "GET /api/latest-detections/ HTTP/1.1" 200 231
[27/Aug/2026 06:27:46] "GET /api/drone-location/ HTTP/1.1" 200 399
[27/Aug/2026 06:27:46] "GET /api/latest-detections/ HTTP/1.1" 200 231
[27/Aug/2026 06:27:46] "GET /api/latest-detections/ HTTP/1.1" 200 231
[27/Aug/2026 06:27:47] "GET /api/latest-detections/ HTTP/1.1" 200 231
[27/Aug/2026 06:27:47] "GET /api/latest-detections/ HTTP/1.1" 200 231
[27/Aug/2026 06:27:47] "GET /api/drone-location/ HTTP/1.1" 200 456
[27/Aug/2026 06:27:47] "GET /api/system-status/ HTTP/1.1" 200 480
[27/Aug/2026 06:27:47] "GET /api/latest-detections/ HTTP/1.1" 200 231
[27/Aug/2026 06:27:48] "GET /api/latest-detections/ HTTP/1.1" 200 231
[27/Aug/2026 06:27:48] "GET /api/latest-detections/ HTTP/1.1" 200 231
[27/Aug/2026 06:27:48] "GET /api/drone-location/ HTTP/1.1" 200 456
[27/Aug/2026 06:27:48] "GET /api/latest-detections/ HTTP/1.1" 200 231
[27/Aug/2026 06:27:49] "GET /api/latest-detections/ HTTP/1.1" 200 231
[27/Aug/2026 06:27:49] "GET /api/latest-detections/ HTTP/1.1" 200 231
[27/Aug/2026 06:27:49] "GET /api/drone-location/ HTTP/1.1" 200 456
[27/Aug/2026 06:27:49] "GET /api/latest-detections/ HTTP/1.1" 200 231
[27/Aug/2026 06:27:49] "GET /api/latest-detections/ HTTP/1.1" 200 231
[27/Aug/2026 06:27:50] "GET /api/latest-detections/ HTTP/1.1" 200 231
[27/Aug/2026 06:27:50] "GET /api/drone-location/ HTTP/1.1" 200 456
[27/Aug/2026 06:27:50] "GET /api/latest-detections/ HTTP/1.1" 200 231
[27/Aug/2026 06:27:50] "GET /api/system-status/ HTTP/1.1" 200 480
[27/Aug/2026 06:27:50] "GET /api/latest-detections/ HTTP/1.1" 200 231
[27/Aug/2026 06:27:51] "GET /api/latest-detections/ HTTP/1.1" 200 231
[27/Aug/2026 06:27:52] "GET /api/latest-detections/ HTTP/1.1" 200 231
[27/Aug/2026 06:27:52] "GET /api/drone-location/ HTTP/1.1" 200 456
[27/Aug/2026 06:27:53] "GET /api/latest-detections/ HTTP/1.1" 200 231
[27/Aug/2026 06:27:53] "GET /api/drone-location/ HTTP/1.1" 200 456
[27/Aug/2026 06:27:54] "GET /api/latest-detections/ HTTP/1.1" 200 231
[27/Aug/2026 06:27:54] "GET /api/drone-location/ HTTP/1.1" 200 456
[27/Aug/2026 06:27:54] "GET /api/system-status/ HTTP/1.1" 200 480
[27/Aug/2026 06:27:55] "GET /api/latest-detections/ HTTP/1.1" 200 231
[27/Aug/2026 06:27:55] "GET /api/drone-location/ HTTP/1.1" 200 456
[27/Aug/2026 06:27:56] "GET /api/latest-detections/ HTTP/1.1" 200 231
[27/Aug/2026 06:27:56] "GET /api/drone-location/ HTTP/1.1" 200 456
[27/Aug/2026 06:27:57] "GET /api/drone-location/ HTTP/1.1" 200 456
[27/Aug/2026 06:27:57] "GET /api/latest-detections/ HTTP/1.1" 200 231
[27/Aug/2026 06:27:57] "GET /api/system-status/ HTTP/1.1" 200 480
[27/Aug/2026 06:27:58] "GET /api/latest-detections/ HTTP/1.1" 200 231
[27/Aug/2026 06:27:58] "GET /api/drone-location/ HTTP/1.1" 200 456
[27/Aug/2026 06:27:59] "GET /api/latest-detections/ HTTP/1.1" 200 231
[27/Aug/2026 06:27:59] "GET /api/drone-location/ HTTP/1.1" 200 456
[27/Aug/2026 06:28:00] "GET /api/latest-detections/ HTTP/1.1" 200 231
[27/Aug/2026 06:28:00] "GET /api/drone-location/ HTTP/1.1" 200 456
[27/Aug/2026 06:28:00] "GET /api/system-status/ HTTP/1.1" 200 480
[27/Aug/2026 06:28:01] "GET /api/latest-detections/ HTTP/1.1" 200 231
[27/Aug/2026 06:28:01] "GET /api/drone-location/ HTTP/1.1" 200 456
[27/Aug/2026 06:28:02] "GET /api/latest-detections/ HTTP/1.1" 200 231
[27/Aug/2026 06:28:02] "GET /api/drone-location/ HTTP/1.1" 200 456
[27/Aug/2026 06:28:03] "GET /api/latest-detections/ HTTP/1.1" 200 231
[27/Aug/2026 06:28:03] "GET /api/drone-location/ HTTP/1.1" 200 456
[27/Aug/2026 06:28:03] "GET /api/system-status/ HTTP/1.1" 200 480
[27/Aug/2026 06:28:04] "GET /api/latest-detections/ HTTP/1.1" 200 231
[27/Aug/2026 06:28:04] "GET /api/drone-location/ HTTP/1.1" 200 456
[27/Aug/2026 06:28:05] "GET /api/latest-detections/ HTTP/1.1" 200 231
[27/Aug/2026 06:28:05] "GET /api/drone-location/ HTTP/1.1" 200 456
[27/Aug/2026 06:28:06] "GET /api/drone-location/ HTTP/1.1" 200 456
[27/Aug/2026 06:28:06] "GET /api/latest-detections/ HTTP/1.1" 200 231
[27/Aug/2026 06:28:06] "GET /api/system-status/ HTTP/1.1" 200 480
[27/Aug/2026 06:28:07] "GET /api/latest-detections/ HTTP/1.1" 200 231
[27/Aug/2026 06:28:07] "GET /api/drone-location/ HTTP/1.1" 200 456
[27/Aug/2026 06:28:08] "GET /api/latest-detections/ HTTP/1.1" 200 231
[27/Aug/2026 06:28:08] "GET /api/drone-location/ HTTP/1.1" 200 456
[27/Aug/2026 06:28:09] "GET /api/latest-detections/ HTTP/1.1" 200 231
[27/Aug/2026 06:28:09] "GET /api/drone-location/ HTTP/1.1" 200 456
[27/Aug/2026 06:28:09] "GET /api/system-status/ HTTP/1.1" 200 480
[27/Aug/2026 06:28:10] "GET /api/latest-detections/ HTTP/1.1" 200 231
[27/Aug/2026 06:28:10] "GET /api/drone-location/ HTTP/1.1" 200 456
[27/Aug/2026 06:28:11] "GET /api/latest-detections/ HTTP/1.1" 200 231
[27/Aug/2026 06:28:11] "GET /api/drone-location/ HTTP/1.1" 200 456
[27/Aug/2026 06:28:12] "GET /api/latest-detections/ HTTP/1.1" 200 231
[27/Aug/2026 06:28:12] "GET /api/drone-location/ HTTP/1.1" 200 456
[27/Aug/2026 06:28:12] "GET /api/system-status/ HTTP/1.1" 200 480
[27/Aug/2026 06:28:12] "GET /api/latest-detections/ HTTP/1.1" 200 231
[27/Aug/2026 06:28:12] "GET /api/drone-location/ HTTP/1.1" 200 456
[27/Aug/2026 06:28:12] "GET /api/latest-detections/ HTTP/1.1" 200 231
[27/Aug/2026 06:28:12] "GET /api/latest-detections/ HTTP/1.1" 200 231
[27/Aug/2026 06:28:13] "GET /api/latest-detections/ HTTP/1.1" 200 231
[27/Aug/2026 06:28:13] "GET /api/drone-location/ HTTP/1.1" 200 456
[27/Aug/2026 06:28:13] "GET /api/latest-detections/ HTTP/1.1" 200 231
[27/Aug/2026 06:28:13] "GET /api/latest-detections/ HTTP/1.1" 200 231
[27/Aug/2026 06:28:14] "GET /api/latest-detections/ HTTP/1.1" 200 231
[27/Aug/2026 06:28:14] "GET /api/latest-detections/ HTTP/1.1" 200 231
[27/Aug/2026 06:28:14] "GET /api/drone-location/ HTTP/1.1" 200 456
[27/Aug/2026 06:28:14] "GET /api/system-status/ HTTP/1.1" 200 480
[27/Aug/2026 06:28:14] "GET /api/latest-detections/ HTTP/1.1" 200 231
[27/Aug/2026 06:28:15] "GET /api/latest-detections/ HTTP/1.1" 200 231
[27/Aug/2026 06:28:15] "GET /api/latest-detections/ HTTP/1.1" 200 231
[27/Aug/2026 06:28:15] "GET /api/drone-location/ HTTP/1.1" 200 456
[27/Aug/2026 06:28:15] "GET /api/latest-detections/ HTTP/1.1" 200 231
[27/Aug/2026 06:28:15] "GET /api/latest-detections/ HTTP/1.1" 200 231
[27/Aug/2026 06:28:16] "GET /api/latest-detections/ HTTP/1.1" 200 231
[27/Aug/2026 06:28:16] "GET /api/drone-location/ HTTP/1.1" 200 456
[27/Aug/2026 06:28:16] "GET /api/latest-detections/ HTTP/1.1" 200 231
[27/Aug/2026 06:28:16] "GET /api/latest-detections/ HTTP/1.1" 200 231
[27/Aug/2026 06:28:17] "GET /api/latest-detections/ HTTP/1.1" 200 231
[27/Aug/2026 06:28:18] "GET /api/drone-location/ HTTP/1.1" 200 456
[27/Aug/2026 06:28:18] "GET /api/latest-detections/ HTTP/1.1" 200 231
[27/Aug/2026 06:28:18] "GET /api/system-status/ HTTP/1.1" 200 480
[27/Aug/2026 06:28:19] "GET /api/latest-detections/ HTTP/1.1" 200 231
[27/Aug/2026 06:28:19] "GET /api/drone-location/ HTTP/1.1" 200 456
[27/Aug/2026 06:28:20] "GET /api/latest-detections/ HTTP/1.1" 200 231
[27/Aug/2026 06:28:20] "GET /api/drone-location/ HTTP/1.1" 200 456
[27/Aug/2026 06:28:20] "GET /api/latest-detections/ HTTP/1.1" 200 231
[27/Aug/2026 06:28:20] "GET /api/drone-location/ HTTP/1.1" 200 456
[27/Aug/2026 06:28:20] "GET /api/system-status/ HTTP/1.1" 200 480
[27/Aug/2026 06:28:20] "GET /api/latest-detections/ HTTP/1.1" 200 231
[27/Aug/2026 06:28:21] "GET /api/latest-detections/ HTTP/1.1" 200 231
[27/Aug/2026 06:28:21] "GET /api/latest-detections/ HTTP/1.1" 200 231
[27/Aug/2026 06:28:21] "GET /api/drone-location/ HTTP/1.1" 200 456
[27/Aug/2026 06:28:21] "GET /api/latest-detections/ HTTP/1.1" 200 231
[27/Aug/2026 06:28:21] "GET /api/latest-detections/ HTTP/1.1" 200 231
[27/Aug/2026 06:28:22] "GET /api/latest-detections/ HTTP/1.1" 200 231
[27/Aug/2026 06:28:22] "GET /api/drone-location/ HTTP/1.1" 200 456
[27/Aug/2026 06:28:22] "GET /api/latest-detections/ HTTP/1.1" 200 231
[27/Aug/2026 06:28:22] "GET /api/latest-detections/ HTTP/1.1" 200 231
[27/Aug/2026 06:28:23] "GET /api/latest-detections/ HTTP/1.1" 200 231
[27/Aug/2026 06:28:23] "GET /api/latest-detections/ HTTP/1.1" 200 231
[27/Aug/2026 06:28:23] "GET /api/drone-location/ HTTP/1.1" 200 456
[27/Aug/2026 06:28:23] "GET /api/system-status/ HTTP/1.1" 200 480
[27/Aug/2026 06:28:23] "GET /api/latest-detections/ HTTP/1.1" 200 231
[27/Aug/2026 06:28:24] "GET /api/latest-detections/ HTTP/1.1" 200 231
[27/Aug/2026 06:28:24] "GET /api/latest-detections/ HTTP/1.1" 200 231
[27/Aug/2026 06:28:24] "GET /api/drone-location/ HTTP/1.1" 200 456
[27/Aug/2026 06:28:24] "GET /api/latest-detections/ HTTP/1.1" 200 231
[27/Aug/2026 06:28:24] "GET /api/latest-detections/ HTTP/1.1" 200 231
[27/Aug/2026 06:28:25] "GET /dashboard/remote-control/ HTTP/1.1" 200 35380
[27/Aug/2026 06:29:35] "GET /dji/login/ HTTP/1.1" 200 10986
Not Found: /favicon.ico
[27/Aug/2026 06:29:36] "GET /favicon.ico HTTP/1.1" 404 6772
[27/Aug/2026 06:29:44] "GET /dji/login/ HTTP/1.1" 200 10986
[27/Aug/2026 06:29:54] "GET /dashboard/mission/ HTTP/1.1" 200 36918
[27/Aug/2026 06:29:54] "GET /api/drone-location/ HTTP/1.1" 200 395
[27/Aug/2026 06:29:54] "GET /api/latest-detections/ HTTP/1.1" 200 232
[27/Aug/2026 06:29:55] "GET /api/latest-detections/ HTTP/1.1" 200 232
[27/Aug/2026 06:29:55] "GET /api/system-status/ HTTP/1.1" 200 479
[27/Aug/2026 06:29:55] "GET /api/latest-detections/ HTTP/1.1" 200 232
[27/Aug/2026 06:29:55] "GET /api/latest-detections/ HTTP/1.1" 200 232
[27/Aug/2026 06:29:55] "GET /api/drone-location/ HTTP/1.1" 200 395
[27/Aug/2026 06:29:55] "GET /api/latest-detections/ HTTP/1.1" 200 232
[27/Aug/2026 06:29:56] "GET /api/latest-detections/ HTTP/1.1" 200 232
[27/Aug/2026 06:29:56] "GET /api/latest-detections/ HTTP/1.1" 200 232
[27/Aug/2026 06:29:56] "GET /api/drone-location/ HTTP/1.1" 200 395
[27/Aug/2026 06:29:56] "GET /api/latest-detections/ HTTP/1.1" 200 232
[27/Aug/2026 06:29:57] "GET /api/latest-detections/ HTTP/1.1" 200 232
[27/Aug/2026 06:29:57] "GET /api/latest-detections/ HTTP/1.1" 200 232
[27/Aug/2026 06:29:57] "GET /api/latest-detections/ HTTP/1.1" 200 232
[27/Aug/2026 06:29:57] "GET /api/drone-location/ HTTP/1.1" 200 395
[27/Aug/2026 06:29:57] "GET /api/system-status/ HTTP/1.1" 200 479
[27/Aug/2026 06:29:58] "GET /api/latest-detections/ HTTP/1.1" 200 232
[27/Aug/2026 06:29:58] "GET /api/latest-detections/ HTTP/1.1" 200 232
[27/Aug/2026 06:29:58] "GET /api/latest-detections/ HTTP/1.1" 200 232
[27/Aug/2026 06:29:58] "GET /api/drone-location/ HTTP/1.1" 200 395
[27/Aug/2026 06:29:58] "GET /api/latest-detections/ HTTP/1.1" 200 232
[27/Aug/2026 06:29:59] "GET /api/latest-detections/ HTTP/1.1" 200 232
[27/Aug/2026 06:29:59] "GET /api/latest-detections/ HTTP/1.1" 200 232
[27/Aug/2026 06:29:59] "GET /api/drone-location/ HTTP/1.1" 200 395
[27/Aug/2026 06:29:59] "GET /api/latest-detections/ HTTP/1.1" 200 232
[27/Aug/2026 06:30:00] "GET /api/latest-detections/ HTTP/1.1" 200 232
[27/Aug/2026 06:30:00] "GET /api/latest-detections/ HTTP/1.1" 200 232
[27/Aug/2026 06:30:00] "GET /api/latest-detections/ HTTP/1.1" 200 232
[27/Aug/2026 06:30:00] "GET /api/drone-location/ HTTP/1.1" 200 395
[27/Aug/2026 06:30:00] "GET /api/system-status/ HTTP/1.1" 200 479
[27/Aug/2026 06:30:01] "GET /api/latest-detections/ HTTP/1.1" 200 232
[27/Aug/2026 06:30:01] "GET /api/latest-detections/ HTTP/1.1" 200 232
[27/Aug/2026 06:30:01] "GET /api/latest-detections/ HTTP/1.1" 200 232
[27/Aug/2026 06:30:01] "GET /api/drone-location/ HTTP/1.1" 200 395
[27/Aug/2026 06:30:01] "GET /api/latest-detections/ HTTP/1.1" 200 232
[27/Aug/2026 06:30:02] "GET /api/latest-detections/ HTTP/1.1" 200 232
[27/Aug/2026 06:30:02] "GET /api/latest-detections/ HTTP/1.1" 200 232
[27/Aug/2026 06:30:02] "GET /api/drone-location/ HTTP/1.1" 200 395
[27/Aug/2026 06:30:02] "GET /api/latest-detections/ HTTP/1.1" 200 232
[27/Aug/2026 06:30:03] "GET /api/latest-detections/ HTTP/1.1" 200 232
[27/Aug/2026 06:30:03] "GET /api/latest-detections/ HTTP/1.1" 200 232
[27/Aug/2026 06:30:03] "GET /api/drone-location/ HTTP/1.1" 200 395
[27/Aug/2026 06:30:03] "GET /api/latest-detections/ HTTP/1.1" 200 232
[27/Aug/2026 06:30:03] "GET /api/system-status/ HTTP/1.1" 200 479
[27/Aug/2026 06:30:04] "GET /api/latest-detections/ HTTP/1.1" 200 232
[27/Aug/2026 06:30:04] "GET /api/latest-detections/ HTTP/1.1" 200 232
[27/Aug/2026 06:30:04] "GET /api/latest-detections/ HTTP/1.1" 200 232
[27/Aug/2026 06:30:04] "GET /api/drone-location/ HTTP/1.1" 200 395
[27/Aug/2026 06:30:04] "GET /api/latest-detections/ HTTP/1.1" 200 232
[27/Aug/2026 06:30:05] "GET /api/latest-detections/ HTTP/1.1" 200 232
[27/Aug/2026 06:30:05] "GET /api/latest-detections/ HTTP/1.1" 200 232
[27/Aug/2026 06:30:06] "GET /api/drone-location/ HTTP/1.1" 200 395
[27/Aug/2026 06:30:06] "GET /api/latest-detections/ HTTP/1.1" 200 232
[27/Aug/2026 06:30:07] "GET /api/latest-detections/ HTTP/1.1" 200 232
[27/Aug/2026 06:30:07] "GET /api/drone-location/ HTTP/1.1" 200 395
[27/Aug/2026 06:30:07] "GET /api/system-status/ HTTP/1.1" 200 479
[27/Aug/2026 06:30:08] "GET /api/latest-detections/ HTTP/1.1" 200 232
[27/Aug/2026 06:30:08] "GET /api/drone-location/ HTTP/1.1" 200 395
[27/Aug/2026 06:30:09] "GET /api/latest-detections/ HTTP/1.1" 200 232
[27/Aug/2026 06:30:09] "GET /api/drone-location/ HTTP/1.1" 200 395
[27/Aug/2026 06:30:10] "GET /api/latest-detections/ HTTP/1.1" 200 232
[27/Aug/2026 06:30:10] "GET /api/drone-location/ HTTP/1.1" 200 395
[27/Aug/2026 06:30:10] "GET /api/system-status/ HTTP/1.1" 200 479
[27/Aug/2026 06:30:11] "GET /api/latest-detections/ HTTP/1.1" 200 232
[27/Aug/2026 06:30:11] "GET /api/drone-location/ HTTP/1.1" 200 395
[27/Aug/2026 06:30:12] "GET /api/latest-detections/ HTTP/1.1" 200 232
[27/Aug/2026 06:30:12] "GET /api/drone-location/ HTTP/1.1" 200 395
[27/Aug/2026 06:30:13] "GET /api/latest-detections/ HTTP/1.1" 200 232
[27/Aug/2026 06:30:13] "GET /api/drone-location/ HTTP/1.1" 200 395
[27/Aug/2026 06:30:13] "GET /api/system-status/ HTTP/1.1" 200 479
[27/Aug/2026 06:30:14] "GET /api/latest-detections/ HTTP/1.1" 200 232
[27/Aug/2026 06:30:14] "GET /api/drone-location/ HTTP/1.1" 200 395
[27/Aug/2026 06:30:15] "GET /api/latest-detections/ HTTP/1.1" 200 232
[27/Aug/2026 06:30:15] "GET /api/drone-location/ HTTP/1.1" 200 395
[27/Aug/2026 06:30:16] "GET /api/latest-detections/ HTTP/1.1" 200 232
[27/Aug/2026 06:30:16] "GET /api/drone-location/ HTTP/1.1" 200 452
[27/Aug/2026 06:30:16] "GET /api/system-status/ HTTP/1.1" 200 480
[27/Aug/2026 06:30:17] "GET /api/latest-detections/ HTTP/1.1" 200 232
[27/Aug/2026 06:30:17] "GET /api/drone-location/ HTTP/1.1" 200 452
[27/Aug/2026 06:30:17] "GET /api/latest-detections/ HTTP/1.1" 200 232
[27/Aug/2026 06:30:17] "GET /api/latest-detections/ HTTP/1.1" 200 232
[27/Aug/2026 06:30:17] "GET /api/drone-location/ HTTP/1.1" 200 452
[27/Aug/2026 06:30:17] "GET /api/latest-detections/ HTTP/1.1" 200 232
[27/Aug/2026 06:30:18] "GET /api/latest-detections/ HTTP/1.1" 200 232
[27/Aug/2026 06:30:18] "GET /api/latest-detections/ HTTP/1.1" 200 232
[27/Aug/2026 06:30:18] "GET /api/latest-detections/ HTTP/1.1" 200 232
[27/Aug/2026 06:30:18] "GET /api/drone-location/ HTTP/1.1" 200 452
[27/Aug/2026 06:30:18] "GET /api/system-status/ HTTP/1.1" 200 480
[27/Aug/2026 06:30:19] "GET /api/latest-detections/ HTTP/1.1" 200 232
[27/Aug/2026 06:30:19] "GET /api/latest-detections/ HTTP/1.1" 200 232
[27/Aug/2026 06:30:19] "GET /api/latest-detections/ HTTP/1.1" 200 232
[27/Aug/2026 06:30:19] "GET /api/drone-location/ HTTP/1.1" 200 452
[27/Aug/2026 06:30:19] "GET /api/latest-detections/ HTTP/1.1" 200 232
[27/Aug/2026 06:30:20] "GET /api/latest-detections/ HTTP/1.1" 200 232
[27/Aug/2026 06:30:20] "GET /api/latest-detections/ HTTP/1.1" 200 232
[27/Aug/2026 06:30:20] "GET /api/drone-location/ HTTP/1.1" 200 452
[27/Aug/2026 06:30:20] "GET /api/latest-detections/ HTTP/1.1" 200 232
[27/Aug/2026 06:30:21] "GET /api/latest-detections/ HTTP/1.1" 200 232
[27/Aug/2026 06:30:22] "GET /api/latest-detections/ HTTP/1.1" 200 232
[27/Aug/2026 06:30:22] "GET /api/drone-location/ HTTP/1.1" 200 452
[27/Aug/2026 06:30:22] "GET /api/system-status/ HTTP/1.1" 200 480
[27/Aug/2026 06:30:23] "GET /api/latest-detections/ HTTP/1.1" 200 232
[27/Aug/2026 06:30:23] "GET /api/drone-location/ HTTP/1.1" 200 452
[27/Aug/2026 06:30:24] "GET /api/latest-detections/ HTTP/1.1" 200 232
[27/Aug/2026 06:30:24] "GET /api/drone-location/ HTTP/1.1" 200 452
[27/Aug/2026 06:30:25] "GET /api/latest-detections/ HTTP/1.1" 200 232
[27/Aug/2026 06:30:25] "GET /api/drone-location/ HTTP/1.1" 200 452
[27/Aug/2026 06:30:25] "GET /api/system-status/ HTTP/1.1" 200 480
[27/Aug/2026 06:30:26] "GET /api/latest-detections/ HTTP/1.1" 200 232
[27/Aug/2026 06:30:26] "GET /api/drone-location/ HTTP/1.1" 200 452
[27/Aug/2026 06:30:27] "GET /api/latest-detections/ HTTP/1.1" 200 232
[27/Aug/2026 06:30:27] "GET /api/drone-location/ HTTP/1.1" 200 452
[27/Aug/2026 06:30:28] "GET /api/latest-detections/ HTTP/1.1" 200 232
[27/Aug/2026 06:30:28] "GET /api/drone-location/ HTTP/1.1" 200 452
[27/Aug/2026 06:30:28] "GET /api/system-status/ HTTP/1.1" 200 480
[27/Aug/2026 06:30:29] "GET /api/latest-detections/ HTTP/1.1" 200 232
[27/Aug/2026 06:30:29] "GET /api/drone-location/ HTTP/1.1" 200 452
[27/Aug/2026 06:30:30] "GET /api/latest-detections/ HTTP/1.1" 200 232
[27/Aug/2026 06:30:30] "GET /api/drone-location/ HTTP/1.1" 200 452
[27/Aug/2026 06:30:31] "GET /api/latest-detections/ HTTP/1.1" 200 232
[27/Aug/2026 06:30:31] "GET /api/drone-location/ HTTP/1.1" 200 452
[27/Aug/2026 06:30:31] "GET /api/system-status/ HTTP/1.1" 200 480
[27/Aug/2026 06:30:32] "GET /api/latest-detections/ HTTP/1.1" 200 232
[27/Aug/2026 06:30:32] "GET /api/drone-location/ HTTP/1.1" 200 452
[27/Aug/2026 06:30:33] "GET /api/latest-detections/ HTTP/1.1" 200 232
[27/Aug/2026 06:30:33] "GET /api/drone-location/ HTTP/1.1" 200 452
[27/Aug/2026 06:30:34] "GET /api/latest-detections/ HTTP/1.1" 200 232
[27/Aug/2026 06:30:34] "GET /api/drone-location/ HTTP/1.1" 200 452
[27/Aug/2026 06:30:34] "GET /api/system-status/ HTTP/1.1" 200 480
[27/Aug/2026 06:30:35] "GET /api/latest-detections/ HTTP/1.1" 200 232
[27/Aug/2026 06:30:35] "GET /api/drone-location/ HTTP/1.1" 200 452
[27/Aug/2026 06:30:36] "GET /api/latest-detections/ HTTP/1.1" 200 232
[27/Aug/2026 06:30:36] "GET /api/drone-location/ HTTP/1.1" 200 452
[27/Aug/2026 06:30:37] "GET /api/latest-detections/ HTTP/1.1" 200 232
[27/Aug/2026 06:30:37] "GET /api/drone-location/ HTTP/1.1" 200 452
[27/Aug/2026 06:30:37] "GET /api/system-status/ HTTP/1.1" 200 480
[27/Aug/2026 06:30:38] "GET /api/latest-detections/ HTTP/1.1" 200 232
[27/Aug/2026 06:30:38] "GET /api/drone-location/ HTTP/1.1" 200 452
[27/Aug/2026 06:30:39] "GET /api/latest-detections/ HTTP/1.1" 200 232
[27/Aug/2026 06:30:39] "GET /api/drone-location/ HTTP/1.1" 200 452
[27/Aug/2026 06:30:40] "GET /api/latest-detections/ HTTP/1.1" 200 231
[27/Aug/2026 06:30:40] "GET /api/drone-location/ HTTP/1.1" 200 452
[27/Aug/2026 06:30:40] "GET /api/system-status/ HTTP/1.1" 200 480
[27/Aug/2026 06:30:41] "GET /api/latest-detections/ HTTP/1.1" 200 232
[27/Aug/2026 06:30:41] "GET /api/drone-location/ HTTP/1.1" 200 452
[27/Aug/2026 06:30:42] "GET /api/latest-detections/ HTTP/1.1" 200 232
[27/Aug/2026 06:30:42] "GET /api/drone-location/ HTTP/1.1" 200 452
[27/Aug/2026 06:30:43] "GET /api/latest-detections/ HTTP/1.1" 200 232
[27/Aug/2026 06:30:43] "GET /api/drone-location/ HTTP/1.1" 200 452
[27/Aug/2026 06:30:43] "GET /api/system-status/ HTTP/1.1" 200 480
[27/Aug/2026 06:30:44] "GET /api/latest-detections/ HTTP/1.1" 200 232
[27/Aug/2026 06:30:44] "GET /api/drone-location/ HTTP/1.1" 200 452
[27/Aug/2026 06:30:45] "GET /api/latest-detections/ HTTP/1.1" 200 232
[27/Aug/2026 06:30:45] "GET /api/drone-location/ HTTP/1.1" 200 452
[27/Aug/2026 06:30:46] "GET /api/latest-detections/ HTTP/1.1" 200 232
[27/Aug/2026 06:30:46] "GET /api/drone-location/ HTTP/1.1" 200 452
[27/Aug/2026 06:30:46] "GET /api/system-status/ HTTP/1.1" 200 480
[27/Aug/2026 06:30:47] "GET /api/latest-detections/ HTTP/1.1" 200 232
[27/Aug/2026 06:30:47] "GET /api/drone-location/ HTTP/1.1" 200 452
[27/Aug/2026 06:30:48] "GET /api/latest-detections/ HTTP/1.1" 200 232
[27/Aug/2026 06:30:48] "GET /api/drone-location/ HTTP/1.1" 200 452
[27/Aug/2026 06:30:49] "GET /api/latest-detections/ HTTP/1.1" 200 232
[27/Aug/2026 06:30:49] "GET /api/drone-location/ HTTP/1.1" 200 452
[27/Aug/2026 06:30:49] "GET /api/system-status/ HTTP/1.1" 200 480
[27/Aug/2026 06:30:50] "GET /api/latest-detections/ HTTP/1.1" 200 232
[27/Aug/2026 06:30:50] "GET /api/drone-location/ HTTP/1.1" 200 452
[27/Aug/2026 06:30:51] "GET /api/latest-detections/ HTTP/1.1" 200 232
[27/Aug/2026 06:30:51] "GET /api/drone-location/ HTTP/1.1" 200 452
[27/Aug/2026 06:30:52] "GET /api/latest-detections/ HTTP/1.1" 200 232
[27/Aug/2026 06:30:52] "GET /api/drone-location/ HTTP/1.1" 200 452
[27/Aug/2026 06:30:52] "GET /api/system-status/ HTTP/1.1" 200 480
[27/Aug/2026 06:30:53] "GET /api/latest-detections/ HTTP/1.1" 200 232
[27/Aug/2026 06:30:53] "GET /api/drone-location/ HTTP/1.1" 200 452
[27/Aug/2026 06:30:54] "GET /api/latest-detections/ HTTP/1.1" 200 232
[27/Aug/2026 06:30:54] "GET /api/drone-location/ HTTP/1.1" 200 452
[27/Aug/2026 06:30:55] "GET /api/latest-detections/ HTTP/1.1" 200 232
[27/Aug/2026 06:30:55] "GET /api/drone-location/ HTTP/1.1" 200 452
[27/Aug/2026 06:30:55] "GET /api/system-status/ HTTP/1.1" 200 480
[27/Aug/2026 06:30:56] "GET /api/latest-detections/ HTTP/1.1" 200 232
[27/Aug/2026 06:30:56] "GET /api/drone-location/ HTTP/1.1" 200 452
[27/Aug/2026 06:30:57] "GET /api/latest-detections/ HTTP/1.1" 200 232
[27/Aug/2026 06:30:57] "GET /api/drone-location/ HTTP/1.1" 200 452
[27/Aug/2026 06:30:57] "GET /api/latest-detections/ HTTP/1.1" 200 232
[27/Aug/2026 06:30:57] "GET /api/latest-detections/ HTTP/1.1" 200 232
[27/Aug/2026 06:30:57] "GET /api/drone-location/ HTTP/1.1" 200 452
[27/Aug/2026 06:30:57] "GET /api/system-status/ HTTP/1.1" 200 480
[27/Aug/2026 06:30:58] "GET /api/latest-detections/ HTTP/1.1" 200 232
[27/Aug/2026 06:30:58] "GET /api/latest-detections/ HTTP/1.1" 200 232
[27/Aug/2026 06:30:58] "GET /api/latest-detections/ HTTP/1.1" 200 232
[27/Aug/2026 06:30:58] "GET /api/drone-location/ HTTP/1.1" 200 452
[27/Aug/2026 06:30:58] "GET /api/latest-detections/ HTTP/1.1" 200 232
[27/Aug/2026 06:30:59] "GET /api/latest-detections/ HTTP/1.1" 200 232
[27/Aug/2026 06:30:59] "GET /api/latest-detections/ HTTP/1.1" 200 232
[27/Aug/2026 06:30:59] "GET /api/drone-location/ HTTP/1.1" 200 452
[27/Aug/2026 06:30:59] "GET /api/latest-detections/ HTTP/1.1" 200 232
[27/Aug/2026 06:31:00] "GET /api/latest-detections/ HTTP/1.1" 200 232
[27/Aug/2026 06:31:00] "GET /api/latest-detections/ HTTP/1.1" 200 232
[27/Aug/2026 06:31:00] "GET /api/latest-detections/ HTTP/1.1" 200 232
[27/Aug/2026 06:31:00] "GET /api/drone-location/ HTTP/1.1" 200 452
[27/Aug/2026 06:31:00] "GET /api/system-status/ HTTP/1.1" 200 480
[27/Aug/2026 06:31:01] "GET /api/latest-detections/ HTTP/1.1" 200 232
[27/Aug/2026 06:31:01] "GET /api/latest-detections/ HTTP/1.1" 200 232
[27/Aug/2026 06:31:01] "GET /api/latest-detections/ HTTP/1.1" 200 232
[27/Aug/2026 06:31:01] "GET /api/drone-location/ HTTP/1.1" 200 452
[27/Aug/2026 06:31:01] "GET /api/latest-detections/ HTTP/1.1" 200 232
[27/Aug/2026 06:31:02] "GET /api/latest-detections/ HTTP/1.1" 200 232
[27/Aug/2026 06:31:02] "GET /api/latest-detections/ HTTP/1.1" 200 232
[27/Aug/2026 06:31:02] "GET /api/drone-location/ HTTP/1.1" 200 452
[27/Aug/2026 06:31:02] "GET /api/latest-detections/ HTTP/1.1" 200 232
[27/Aug/2026 06:31:03] "GET /api/latest-detections/ HTTP/1.1" 200 232
[27/Aug/2026 06:31:03] "GET /api/latest-detections/ HTTP/1.1" 200 232
[27/Aug/2026 06:31:03] "GET /api/latest-detections/ HTTP/1.1" 200 232
[27/Aug/2026 06:31:03] "GET /api/drone-location/ HTTP/1.1" 200 452
[27/Aug/2026 06:31:03] "GET /api/system-status/ HTTP/1.1" 200 480
[27/Aug/2026 06:31:04] "GET /api/latest-detections/ HTTP/1.1" 200 232
[27/Aug/2026 06:31:04] "GET /api/latest-detections/ HTTP/1.1" 200 232
[27/Aug/2026 06:31:04] "GET /api/latest-detections/ HTTP/1.1" 200 232
[27/Aug/2026 06:31:04] "GET /api/drone-location/ HTTP/1.1" 200 452
[27/Aug/2026 06:31:04] "GET /api/latest-detections/ HTTP/1.1" 200 232
[27/Aug/2026 06:31:05] "GET /dashboard/mission/ HTTP/1.1" 200 36918
[27/Aug/2026 06:31:05] "GET /api/latest-detections/ HTTP/1.1" 200 232
[27/Aug/2026 06:31:05] "GET /api/drone-location/ HTTP/1.1" 200 452
[27/Aug/2026 06:31:05] "GET /api/system-status/ HTTP/1.1" 200 480
[27/Aug/2026 06:31:05] "GET /api/latest-detections/ HTTP/1.1" 200 232
Not Found: /favicon.ico
[27/Aug/2026 06:31:05] "GET /favicon.ico HTTP/1.1" 404 6772
[27/Aug/2026 06:31:05] "GET /api/latest-detections/ HTTP/1.1" 200 232
[27/Aug/2026 06:31:06] "GET /api/latest-detections/ HTTP/1.1" 200 232
[27/Aug/2026 06:31:06] "GET /api/drone-location/ HTTP/1.1" 200 452
[27/Aug/2026 06:31:06] "GET /api/latest-detections/ HTTP/1.1" 200 232
[27/Aug/2026 06:31:06] "GET /api/latest-detections/ HTTP/1.1" 200 232
[27/Aug/2026 06:31:07] "GET /api/latest-detections/ HTTP/1.1" 200 232
[27/Aug/2026 06:31:07] "GET /api/drone-location/ HTTP/1.1" 200 452
[27/Aug/2026 06:31:07] "GET /api/latest-detections/ HTTP/1.1" 200 232
[27/Aug/2026 06:31:07] "GET /api/latest-detections/ HTTP/1.1" 200 232
[27/Aug/2026 06:31:08] "GET /api/latest-detections/ HTTP/1.1" 200 232
[27/Aug/2026 06:31:08] "GET /api/latest-detections/ HTTP/1.1" 200 232
[27/Aug/2026 06:31:08] "GET /api/drone-location/ HTTP/1.1" 200 452
[27/Aug/2026 06:31:08] "GET /api/system-status/ HTTP/1.1" 200 480
[27/Aug/2026 06:31:08] "GET /api/latest-detections/ HTTP/1.1" 200 232
[27/Aug/2026 06:31:08] "GET /api/latest-detections/ HTTP/1.1" 200 232
[27/Aug/2026 06:31:09] "GET /api/latest-detections/ HTTP/1.1" 200 232
[27/Aug/2026 06:31:09] "GET /api/drone-location/ HTTP/1.1" 200 452
[27/Aug/2026 06:31:09] "GET /api/latest-detections/ HTTP/1.1" 200 232
[27/Aug/2026 06:31:09] "GET /api/latest-detections/ HTTP/1.1" 200 232
[27/Aug/2026 06:31:10] "GET /api/latest-detections/ HTTP/1.1" 200 232
[27/Aug/2026 06:31:10] "GET /api/drone-location/ HTTP/1.1" 200 452
[27/Aug/2026 06:31:10] "GET /api/latest-detections/ HTTP/1.1" 200 232
[27/Aug/2026 06:31:10] "GET /api/latest-detections/ HTTP/1.1" 200 232
[27/Aug/2026 06:31:11] "GET /api/latest-detections/ HTTP/1.1" 200 232
[27/Aug/2026 06:31:11] "GET /api/latest-detections/ HTTP/1.1" 200 232
[27/Aug/2026 06:31:11] "GET /api/drone-location/ HTTP/1.1" 200 452
[27/Aug/2026 06:31:11] "GET /api/system-status/ HTTP/1.1" 200 480
[27/Aug/2026 06:31:11] "GET /api/latest-detections/ HTTP/1.1" 200 232
[27/Aug/2026 06:31:11] "GET /api/latest-detections/ HTTP/1.1" 200 232
[27/Aug/2026 06:31:12] "GET /api/latest-detections/ HTTP/1.1" 200 232
[27/Aug/2026 06:31:12] "GET /api/drone-location/ HTTP/1.1" 200 452
[27/Aug/2026 06:31:12] "GET /api/latest-detections/ HTTP/1.1" 200 232
[27/Aug/2026 06:31:12] "GET /api/latest-detections/ HTTP/1.1" 200 232
[27/Aug/2026 06:31:13] "GET /api/latest-detections/ HTTP/1.1" 200 232
[27/Aug/2026 06:31:13] "GET /api/drone-location/ HTTP/1.1" 200 452
[27/Aug/2026 06:31:13] "GET /api/latest-detections/ HTTP/1.1" 200 232
[27/Aug/2026 06:31:13] "GET /api/latest-detections/ HTTP/1.1" 200 232
[27/Aug/2026 06:31:14] "GET /api/latest-detections/ HTTP/1.1" 200 232
[27/Aug/2026 06:31:14] "GET /dashboard/mission/ HTTP/1.1" 200 36918
[27/Aug/2026 06:31:14] "GET /api/latest-detections/ HTTP/1.1" 200 232
[27/Aug/2026 06:31:14] "GET /api/drone-location/ HTTP/1.1" 200 452
[27/Aug/2026 06:31:14] "GET /api/system-status/ HTTP/1.1" 200 480
Not Found: /favicon.ico
[27/Aug/2026 06:31:14] "GET /favicon.ico HTTP/1.1" 404 6772
[27/Aug/2026 06:31:14] "GET /api/latest-detections/ HTTP/1.1" 200 232
[27/Aug/2026 06:31:15] "GET /api/latest-detections/ HTTP/1.1" 200 232
[27/Aug/2026 06:31:15] "GET /api/latest-detections/ HTTP/1.1" 200 232
[27/Aug/2026 06:31:15] "GET /api/drone-location/ HTTP/1.1" 200 452
[27/Aug/2026 06:31:15] "GET /api/latest-detections/ HTTP/1.1" 200 232
[27/Aug/2026 06:31:15] "GET /api/latest-detections/ HTTP/1.1" 200 232
[27/Aug/2026 06:31:16] "GET /api/latest-detections/ HTTP/1.1" 200 232
[27/Aug/2026 06:31:16] "GET /api/drone-location/ HTTP/1.1" 200 452
[27/Aug/2026 06:31:16] "GET /api/latest-detections/ HTTP/1.1" 200 232
[27/Aug/2026 06:31:16] "GET /api/start-service/?service=ai HTTP/1.1" 200 166
[27/Aug/2026 06:31:17] "GET /api/latest-detections/ HTTP/1.1" 200 232
[27/Aug/2026 06:31:17] "GET /api/drone-location/ HTTP/1.1" 200 452
[27/Aug/2026 06:31:17] "GET /api/latest-detections/ HTTP/1.1" 200 232
[27/Aug/2026 06:31:17] "GET /api/system-status/ HTTP/1.1" 200 479
[27/Aug/2026 06:31:17] "GET /api/system-status/ HTTP/1.1" 200 479
[27/Aug/2026 06:31:18] "GET /api/latest-detections/ HTTP/1.1" 200 232
[27/Aug/2026 06:31:18] "GET /api/latest-detections/ HTTP/1.1" 200 232
[27/Aug/2026 06:31:18] "GET /api/drone-location/ HTTP/1.1" 200 452
[27/Aug/2026 06:31:18] "GET /api/latest-detections/ HTTP/1.1" 200 232
[27/Aug/2026 06:31:18] "GET /api/latest-detections/ HTTP/1.1" 200 232
[27/Aug/2026 06:31:19] "GET /api/start-service/?service=telemetry HTTP/1.1" 200 169
[27/Aug/2026 06:31:20] "GET /api/latest-detections/ HTTP/1.1" 200 232
[27/Aug/2026 06:31:20] "GET /api/drone-location/ HTTP/1.1" 200 452
[27/Aug/2026 06:31:20] "GET /api/latest-detections/ HTTP/1.1" 200 232
[27/Aug/2026 06:31:20] "GET /api/system-status/ HTTP/1.1" 200 479
[27/Aug/2026 06:31:20] "GET /api/drone-location/ HTTP/1.1" 200 452
[27/Aug/2026 06:31:20] "GET /api/latest-detections/ HTTP/1.1" 200 232
[27/Aug/2026 06:31:20] "GET /api/system-status/ HTTP/1.1" 200 479
[27/Aug/2026 06:31:20] "GET /api/latest-detections/ HTTP/1.1" 200 232
[27/Aug/2026 06:31:21] "GET /api/latest-detections/ HTTP/1.1" 200 232
[27/Aug/2026 06:31:21] "GET /api/latest-detections/ HTTP/1.1" 200 232
[27/Aug/2026 06:31:21] "GET /api/drone-location/ HTTP/1.1" 200 452
[27/Aug/2026 06:31:21] "GET /api/latest-detections/ HTTP/1.1" 200 232
[27/Aug/2026 06:31:22] "GET /api/latest-detections/ HTTP/1.1" 200 232
[27/Aug/2026 06:31:22] "GET /api/latest-detections/ HTTP/1.1" 200 232
[27/Aug/2026 06:31:22] "GET /api/drone-location/ HTTP/1.1" 200 452
[27/Aug/2026 06:31:22] "GET /api/latest-detections/ HTTP/1.1" 200 232
[27/Aug/2026 06:31:22] "GET /api/latest-detections/ HTTP/1.1" 200 232
[27/Aug/2026 06:31:23] "GET /api/latest-detections/ HTTP/1.1" 200 232
[27/Aug/2026 06:31:23] "GET /api/latest-detections/ HTTP/1.1" 200 232
[27/Aug/2026 06:31:23] "GET /api/drone-location/ HTTP/1.1" 200 452
[27/Aug/2026 06:31:23] "GET /api/system-status/ HTTP/1.1" 200 479
[27/Aug/2026 06:31:23] "GET /api/latest-detections/ HTTP/1.1" 200 232
[27/Aug/2026 06:31:24] "GET /api/latest-detections/ HTTP/1.1" 200 232
[27/Aug/2026 06:31:24] "GET /api/latest-detections/ HTTP/1.1" 200 232
[27/Aug/2026 06:31:24] "GET /api/drone-location/ HTTP/1.1" 200 452
[27/Aug/2026 06:31:24] "GET /api/latest-detections/ HTTP/1.1" 200 232
[27/Aug/2026 06:31:24] "GET /dashboard/remote-control/ HTTP/1.1" 200 35380
[27/Aug/2026 06:32:41] "GET /dashboard/mission/ HTTP/1.1" 200 36918
[27/Aug/2026 06:32:41] "GET /api/latest-detections/ HTTP/1.1" 200 232
[27/Aug/2026 06:32:41] "GET /api/drone-location/ HTTP/1.1" 200 452
[27/Aug/2026 06:32:41] "GET /api/system-status/ HTTP/1.1" 200 479
[27/Aug/2026 06:32:42] "GET /api/latest-detections/ HTTP/1.1" 200 232
[27/Aug/2026 06:32:42] "GET /api/latest-detections/ HTTP/1.1" 200 232
[27/Aug/2026 06:32:42] "GET /api/latest-detections/ HTTP/1.1" 200 232
[27/Aug/2026 06:32:42] "GET /api/drone-location/ HTTP/1.1" 200 452
[27/Aug/2026 06:32:43] "GET /api/latest-detections/ HTTP/1.1" 200 232
[27/Aug/2026 06:32:43] "GET /api/latest-detections/ HTTP/1.1" 200 232
[27/Aug/2026 06:32:43] "GET /api/latest-detections/ HTTP/1.1" 200 232
[27/Aug/2026 06:32:43] "GET /api/drone-location/ HTTP/1.1" 200 452
[27/Aug/2026 06:32:43] "GET /api/latest-detections/ HTTP/1.1" 200 232
[27/Aug/2026 06:32:44] "GET /api/latest-detections/ HTTP/1.1" 200 232
[27/Aug/2026 06:32:44] "GET /api/latest-detections/ HTTP/1.1" 200 232
[27/Aug/2026 06:32:44] "GET /api/latest-detections/ HTTP/1.1" 200 232
[27/Aug/2026 06:32:44] "GET /api/drone-location/ HTTP/1.1" 200 452
[27/Aug/2026 06:32:45] "GET /api/system-status/ HTTP/1.1" 200 479
[27/Aug/2026 06:32:45] "GET /api/latest-detections/ HTTP/1.1" 200 232
[27/Aug/2026 06:32:45] "GET /api/latest-detections/ HTTP/1.1" 200 232
[27/Aug/2026 06:32:45] "GET /api/latest-detections/ HTTP/1.1" 200 232
[27/Aug/2026 06:32:45] "GET /api/drone-location/ HTTP/1.1" 200 452
[27/Aug/2026 06:32:46] "GET /api/latest-detections/ HTTP/1.1" 200 232
[27/Aug/2026 06:32:46] "GET /api/latest-detections/ HTTP/1.1" 200 232
[27/Aug/2026 06:32:46] "GET /api/latest-detections/ HTTP/1.1" 200 232
[27/Aug/2026 06:32:46] "GET /api/drone-location/ HTTP/1.1" 200 452
[27/Aug/2026 06:32:46] "GET /api/latest-detections/ HTTP/1.1" 200 232
[27/Aug/2026 06:32:47] "GET /api/latest-detections/ HTTP/1.1" 200 232
[27/Aug/2026 06:32:47] "GET /api/latest-detections/ HTTP/1.1" 200 232
[27/Aug/2026 06:32:47] "GET /api/drone-location/ HTTP/1.1" 200 452
[27/Aug/2026 06:32:47] "GET /api/latest-detections/ HTTP/1.1" 200 232
[27/Aug/2026 06:32:47] "GET /api/system-status/ HTTP/1.1" 200 479
[27/Aug/2026 06:32:48] "GET /api/latest-detections/ HTTP/1.1" 200 232
[27/Aug/2026 06:32:48] "GET /api/latest-detections/ HTTP/1.1" 200 232
[27/Aug/2026 06:32:48] "GET /api/latest-detections/ HTTP/1.1" 200 232
[27/Aug/2026 06:32:48] "GET /api/drone-location/ HTTP/1.1" 200 452
[27/Aug/2026 06:32:49] "GET /api/latest-detections/ HTTP/1.1" 200 232
[27/Aug/2026 06:32:49] "GET /api/latest-detections/ HTTP/1.1" 200 338
[27/Aug/2026 06:32:49] "GET /api/latest-detections/ HTTP/1.1" 200 338
[27/Aug/2026 06:32:49] "GET /api/drone-location/ HTTP/1.1" 200 452
[27/Aug/2026 06:32:49] "GET /api/latest-detections/ HTTP/1.1" 200 338
[27/Aug/2026 06:32:50] "GET /api/latest-detections/ HTTP/1.1" 200 338
[27/Aug/2026 06:32:50] "GET /api/latest-detections/ HTTP/1.1" 200 338
[27/Aug/2026 06:32:50] "GET /api/latest-detections/ HTTP/1.1" 200 338
[27/Aug/2026 06:32:50] "GET /api/drone-location/ HTTP/1.1" 200 452
[27/Aug/2026 06:32:50] "GET /api/system-status/ HTTP/1.1" 200 479
[27/Aug/2026 06:32:51] "GET /api/latest-detections/ HTTP/1.1" 200 338
[27/Aug/2026 06:32:51] "GET /api/latest-detections/ HTTP/1.1" 200 338
[27/Aug/2026 06:32:51] "GET /api/latest-detections/ HTTP/1.1" 200 338
[27/Aug/2026 06:32:51] "GET /api/drone-location/ HTTP/1.1" 200 452
[27/Aug/2026 06:32:52] "GET /api/latest-detections/ HTTP/1.1" 200 338
[27/Aug/2026 06:32:52] "GET /api/latest-detections/ HTTP/1.1" 200 339
[27/Aug/2026 06:32:52] "GET /api/latest-detections/ HTTP/1.1" 200 339
[27/Aug/2026 06:32:52] "GET /api/drone-location/ HTTP/1.1" 200 452
[27/Aug/2026 06:32:52] "GET /api/latest-detections/ HTTP/1.1" 200 339
[27/Aug/2026 06:32:53] "GET /api/latest-detections/ HTTP/1.1" 200 339
[27/Aug/2026 06:32:53] "GET /api/latest-detections/ HTTP/1.1" 200 339
[27/Aug/2026 06:32:53] "GET /api/latest-detections/ HTTP/1.1" 200 339
[27/Aug/2026 06:32:53] "GET /api/drone-location/ HTTP/1.1" 200 452
[27/Aug/2026 06:32:54] "GET /api/system-status/ HTTP/1.1" 200 479
[27/Aug/2026 06:32:54] "GET /api/latest-detections/ HTTP/1.1" 200 339
[27/Aug/2026 06:32:54] "GET /api/latest-detections/ HTTP/1.1" 200 339
[27/Aug/2026 06:32:54] "GET /api/latest-detections/ HTTP/1.1" 200 339
[27/Aug/2026 06:32:54] "GET /api/drone-location/ HTTP/1.1" 200 452
[27/Aug/2026 06:32:55] "GET /api/latest-detections/ HTTP/1.1" 200 339
[27/Aug/2026 06:32:55] "GET /api/latest-detections/ HTTP/1.1" 200 339
[27/Aug/2026 06:32:55] "GET /api/latest-detections/ HTTP/1.1" 200 339
[27/Aug/2026 06:32:55] "GET /api/drone-location/ HTTP/1.1" 200 452
[27/Aug/2026 06:32:55] "GET /api/latest-detections/ HTTP/1.1" 200 339
[27/Aug/2026 06:32:56] "GET /api/latest-detections/ HTTP/1.1" 200 339
[27/Aug/2026 06:32:56] "GET /api/latest-detections/ HTTP/1.1" 200 339
[27/Aug/2026 06:32:56] "GET /api/latest-detections/ HTTP/1.1" 200 339
[27/Aug/2026 06:32:56] "GET /api/drone-location/ HTTP/1.1" 200 452
[27/Aug/2026 06:32:57] "GET /api/system-status/ HTTP/1.1" 200 479
[27/Aug/2026 06:32:57] "GET /api/latest-detections/ HTTP/1.1" 200 339
[27/Aug/2026 06:32:57] "GET /api/latest-detections/ HTTP/1.1" 200 339
[27/Aug/2026 06:32:57] "GET /api/latest-detections/ HTTP/1.1" 200 339
[27/Aug/2026 06:32:57] "GET /api/drone-location/ HTTP/1.1" 200 452
[27/Aug/2026 06:32:58] "GET /api/latest-detections/ HTTP/1.1" 200 339
[27/Aug/2026 06:32:58] "GET /api/latest-detections/ HTTP/1.1" 200 339
[27/Aug/2026 06:32:58] "GET /api/latest-detections/ HTTP/1.1" 200 339
[27/Aug/2026 06:32:58] "GET /api/drone-location/ HTTP/1.1" 200 452
[27/Aug/2026 06:32:58] "GET /api/latest-detections/ HTTP/1.1" 200 339
[27/Aug/2026 06:32:59] "GET /api/latest-detections/ HTTP/1.1" 200 340
[27/Aug/2026 06:32:59] "GET /api/latest-detections/ HTTP/1.1" 200 340
[27/Aug/2026 06:32:59] "GET /api/drone-location/ HTTP/1.1" 200 452
[27/Aug/2026 06:32:59] "GET /api/latest-detections/ HTTP/1.1" 200 340
[27/Aug/2026 06:33:00] "GET /api/system-status/ HTTP/1.1" 200 479
[27/Aug/2026 06:33:00] "GET /api/latest-detections/ HTTP/1.1" 200 340
[27/Aug/2026 06:33:00] "GET /api/latest-detections/ HTTP/1.1" 200 340
[27/Aug/2026 06:33:00] "GET /api/latest-detections/ HTTP/1.1" 200 340
[27/Aug/2026 06:33:00] "GET /api/drone-location/ HTTP/1.1" 200 452
[27/Aug/2026 06:33:01] "GET /api/latest-detections/ HTTP/1.1" 200 340
[27/Aug/2026 06:33:01] "GET /api/latest-detections/ HTTP/1.1" 200 340
[27/Aug/2026 06:33:01] "GET /api/latest-detections/ HTTP/1.1" 200 340
[27/Aug/2026 06:33:01] "GET /api/drone-location/ HTTP/1.1" 200 452
[27/Aug/2026 06:33:01] "GET /api/latest-detections/ HTTP/1.1" 200 340
[27/Aug/2026 06:33:02] "GET /api/latest-detections/ HTTP/1.1" 200 340
[27/Aug/2026 06:33:02] "GET /api/latest-detections/ HTTP/1.1" 200 340
[27/Aug/2026 06:33:02] "GET /api/latest-detections/ HTTP/1.1" 200 340
[27/Aug/2026 06:33:02] "GET /api/drone-location/ HTTP/1.1" 200 452
[27/Aug/2026 06:33:03] "GET /api/system-status/ HTTP/1.1" 200 479
[27/Aug/2026 06:33:03] "GET /api/latest-detections/ HTTP/1.1" 200 340
[27/Aug/2026 06:33:03] "GET /api/latest-detections/ HTTP/1.1" 200 340
[27/Aug/2026 06:33:03] "GET /api/latest-detections/ HTTP/1.1" 200 340
[27/Aug/2026 06:33:03] "GET /api/drone-location/ HTTP/1.1" 200 452
[27/Aug/2026 06:33:04] "GET /api/latest-detections/ HTTP/1.1" 200 340
[27/Aug/2026 06:33:04] "GET /api/latest-detections/ HTTP/1.1" 200 340
[27/Aug/2026 06:33:04] "GET /api/latest-detections/ HTTP/1.1" 200 340
[27/Aug/2026 06:33:04] "GET /api/drone-location/ HTTP/1.1" 200 452
[27/Aug/2026 06:33:04] "GET /api/latest-detections/ HTTP/1.1" 200 340
[27/Aug/2026 06:33:05] "GET /api/latest-detections/ HTTP/1.1" 200 340
[27/Aug/2026 06:33:05] "GET /api/latest-detections/ HTTP/1.1" 200 340
[27/Aug/2026 06:33:05] "GET /api/latest-detections/ HTTP/1.1" 200 340
[27/Aug/2026 06:33:05] "GET /api/drone-location/ HTTP/1.1" 200 452
[27/Aug/2026 06:33:06] "GET /api/system-status/ HTTP/1.1" 200 479
[27/Aug/2026 06:33:06] "GET /api/latest-detections/ HTTP/1.1" 200 340
[27/Aug/2026 06:33:06] "GET /api/latest-detections/ HTTP/1.1" 200 340
[27/Aug/2026 06:33:06] "GET /api/latest-detections/ HTTP/1.1" 200 340
[27/Aug/2026 06:33:06] "GET /api/drone-location/ HTTP/1.1" 200 452
[27/Aug/2026 06:33:07] "GET /api/latest-detections/ HTTP/1.1" 200 340
[27/Aug/2026 06:33:07] "GET /api/latest-detections/ HTTP/1.1" 200 340
[27/Aug/2026 06:33:07] "GET /api/latest-detections/ HTTP/1.1" 200 340
[27/Aug/2026 06:33:07] "GET /api/drone-location/ HTTP/1.1" 200 452
[27/Aug/2026 06:33:07] "GET /api/latest-detections/ HTTP/1.1" 200 340
[27/Aug/2026 06:33:08] "GET /api/latest-detections/ HTTP/1.1" 200 340
[27/Aug/2026 06:33:08] "GET /api/latest-detections/ HTTP/1.1" 200 340
[27/Aug/2026 06:33:08] "GET /api/drone-location/ HTTP/1.1" 200 452
[27/Aug/2026 06:33:08] "GET /api/latest-detections/ HTTP/1.1" 200 340
[27/Aug/2026 06:33:08] "GET /api/system-status/ HTTP/1.1" 200 479
[27/Aug/2026 06:33:09] "GET /api/latest-detections/ HTTP/1.1" 200 340
[27/Aug/2026 06:33:09] "GET /api/latest-detections/ HTTP/1.1" 200 340
[27/Aug/2026 06:33:09] "GET /api/latest-detections/ HTTP/1.1" 200 340
[27/Aug/2026 06:33:09] "GET /api/drone-location/ HTTP/1.1" 200 452
[27/Aug/2026 06:33:10] "GET /api/latest-detections/ HTTP/1.1" 200 340
[27/Aug/2026 06:33:10] "GET /api/latest-detections/ HTTP/1.1" 200 340
[27/Aug/2026 06:33:10] "GET /api/latest-detections/ HTTP/1.1" 200 340
[27/Aug/2026 06:33:10] "GET /api/drone-location/ HTTP/1.1" 200 452
[27/Aug/2026 06:33:10] "GET /api/latest-detections/ HTTP/1.1" 200 340
[27/Aug/2026 06:33:11] "GET /api/latest-detections/ HTTP/1.1" 200 340
[27/Aug/2026 06:33:11] "GET /api/latest-detections/ HTTP/1.1" 200 340
[27/Aug/2026 06:33:11] "GET /api/latest-detections/ HTTP/1.1" 200 340
[27/Aug/2026 06:33:11] "GET /api/drone-location/ HTTP/1.1" 200 452
[27/Aug/2026 06:33:12] "GET /api/system-status/ HTTP/1.1" 200 479
[27/Aug/2026 06:33:12] "GET /api/latest-detections/ HTTP/1.1" 200 340
[27/Aug/2026 06:33:12] "GET /api/latest-detections/ HTTP/1.1" 200 340
[27/Aug/2026 06:33:12] "GET /api/latest-detections/ HTTP/1.1" 200 340
[27/Aug/2026 06:33:12] "GET /api/drone-location/ HTTP/1.1" 200 452
[27/Aug/2026 06:33:13] "GET /api/latest-detections/ HTTP/1.1" 200 340
[27/Aug/2026 06:33:13] "GET /api/latest-detections/ HTTP/1.1" 200 340
[27/Aug/2026 06:33:13] "GET /api/latest-detections/ HTTP/1.1" 200 340
[27/Aug/2026 06:33:13] "GET /api/drone-location/ HTTP/1.1" 200 452
[27/Aug/2026 06:33:13] "GET /api/latest-detections/ HTTP/1.1" 200 340
[27/Aug/2026 06:33:14] "GET /api/latest-detections/ HTTP/1.1" 200 340
[27/Aug/2026 06:33:14] "GET /api/latest-detections/ HTTP/1.1" 200 340
[27/Aug/2026 06:33:14] "GET /api/drone-location/ HTTP/1.1" 200 452
[27/Aug/2026 06:33:14] "GET /api/latest-detections/ HTTP/1.1" 200 340
[27/Aug/2026 06:33:14] "GET /api/system-status/ HTTP/1.1" 200 479
[27/Aug/2026 06:33:15] "GET /api/latest-detections/ HTTP/1.1" 200 340
[27/Aug/2026 06:33:15] "GET /api/latest-detections/ HTTP/1.1" 200 340
[27/Aug/2026 06:33:15] "GET /api/latest-detections/ HTTP/1.1" 200 340
[27/Aug/2026 06:33:15] "GET /api/drone-location/ HTTP/1.1" 200 452
[27/Aug/2026 06:33:16] "GET /api/latest-detections/ HTTP/1.1" 200 340
[27/Aug/2026 06:33:16] "GET /api/latest-detections/ HTTP/1.1" 200 340
[27/Aug/2026 06:33:16] "GET /api/latest-detections/ HTTP/1.1" 200 340
[27/Aug/2026 06:33:16] "GET /api/drone-location/ HTTP/1.1" 200 452
[27/Aug/2026 06:33:16] "GET /api/latest-detections/ HTTP/1.1" 200 340
[27/Aug/2026 06:33:17] "GET /api/latest-detections/ HTTP/1.1" 200 340
[27/Aug/2026 06:33:17] "GET /api/latest-detections/ HTTP/1.1" 200 340
[27/Aug/2026 06:33:17] "GET /api/latest-detections/ HTTP/1.1" 200 340
[27/Aug/2026 06:33:17] "GET /api/drone-location/ HTTP/1.1" 200 452
[27/Aug/2026 06:33:17] "GET /api/system-status/ HTTP/1.1" 200 479
[27/Aug/2026 06:33:18] "GET /api/latest-detections/ HTTP/1.1" 200 340
[27/Aug/2026 06:33:18] "GET /api/latest-detections/ HTTP/1.1" 200 340
[27/Aug/2026 06:33:18] "GET /api/latest-detections/ HTTP/1.1" 200 340
[27/Aug/2026 06:33:18] "GET /api/drone-location/ HTTP/1.1" 200 452
[27/Aug/2026 06:33:19] "GET /api/latest-detections/ HTTP/1.1" 200 340
[27/Aug/2026 06:33:19] "GET /api/latest-detections/ HTTP/1.1" 200 340
[27/Aug/2026 06:33:19] "GET /api/latest-detections/ HTTP/1.1" 200 227
[27/Aug/2026 06:33:19] "GET /api/drone-location/ HTTP/1.1" 200 452
[27/Aug/2026 06:33:19] "GET /api/latest-detections/ HTTP/1.1" 200 232
[27/Aug/2026 06:33:20] "GET /api/latest-detections/ HTTP/1.1" 200 232
[27/Aug/2026 06:33:20] "GET /api/latest-detections/ HTTP/1.1" 200 232
[27/Aug/2026 06:33:20] "GET /api/latest-detections/ HTTP/1.1" 200 233
[27/Aug/2026 06:33:20] "GET /api/drone-location/ HTTP/1.1" 200 452
[27/Aug/2026 06:33:21] "GET /api/system-status/ HTTP/1.1" 200 479
[27/Aug/2026 06:33:21] "GET /api/latest-detections/ HTTP/1.1" 200 232
[27/Aug/2026 06:33:21] "GET /api/latest-detections/ HTTP/1.1" 200 232
[27/Aug/2026 06:33:21] "GET /api/latest-detections/ HTTP/1.1" 200 232
[27/Aug/2026 06:33:21] "GET /api/drone-location/ HTTP/1.1" 200 452
[27/Aug/2026 06:33:22] "GET /api/latest-detections/ HTTP/1.1" 200 338
[27/Aug/2026 06:33:22] "GET /api/latest-detections/ HTTP/1.1" 200 457
[27/Aug/2026 06:33:22] "GET /api/latest-detections/ HTTP/1.1" 200 231
[27/Aug/2026 06:33:22] "GET /api/drone-location/ HTTP/1.1" 200 452
[27/Aug/2026 06:33:22] "GET /api/latest-detections/ HTTP/1.1" 200 231
[27/Aug/2026 06:33:23] "GET /api/latest-detections/ HTTP/1.1" 200 339
[27/Aug/2026 06:33:23] "GET /api/latest-detections/ HTTP/1.1" 200 229
[27/Aug/2026 06:33:23] "GET /api/latest-detections/ HTTP/1.1" 200 231
[27/Aug/2026 06:33:23] "GET /api/drone-location/ HTTP/1.1" 200 452
[27/Aug/2026 06:33:23] "GET /api/system-status/ HTTP/1.1" 200 479
[27/Aug/2026 06:33:24] "GET /api/latest-detections/ HTTP/1.1" 200 232
[27/Aug/2026 06:33:24] "GET /api/latest-detections/ HTTP/1.1" 200 227
[27/Aug/2026 06:33:24] "GET /api/latest-detections/ HTTP/1.1" 200 229
[27/Aug/2026 06:33:24] "GET /api/drone-location/ HTTP/1.1" 200 452
[27/Aug/2026 06:33:25] "GET /api/latest-detections/ HTTP/1.1" 200 232
[27/Aug/2026 06:33:25] "GET /api/latest-detections/ HTTP/1.1" 200 340
[27/Aug/2026 06:33:25] "GET /api/latest-detections/ HTTP/1.1" 200 343
[27/Aug/2026 06:33:25] "GET /api/drone-location/ HTTP/1.1" 200 452
[27/Aug/2026 06:33:25] "GET /api/latest-detections/ HTTP/1.1" 200 342
[27/Aug/2026 06:33:26] "GET /api/latest-detections/ HTTP/1.1" 200 341
[27/Aug/2026 06:33:26] "GET /api/latest-detections/ HTTP/1.1" 200 344
[27/Aug/2026 06:33:26] "GET /api/latest-detections/ HTTP/1.1" 200 342
[27/Aug/2026 06:33:26] "GET /api/drone-location/ HTTP/1.1" 200 452
[27/Aug/2026 06:33:27] "GET /api/system-status/ HTTP/1.1" 200 479
[27/Aug/2026 06:33:27] "GET /api/latest-detections/ HTTP/1.1" 200 345
[27/Aug/2026 06:33:27] "GET /api/latest-detections/ HTTP/1.1" 200 344
[27/Aug/2026 06:33:27] "GET /api/latest-detections/ HTTP/1.1" 200 344
[27/Aug/2026 06:33:27] "GET /api/drone-location/ HTTP/1.1" 200 452
[27/Aug/2026 06:33:28] "GET /api/latest-detections/ HTTP/1.1" 200 343
[27/Aug/2026 06:33:28] "GET /api/latest-detections/ HTTP/1.1" 200 340
[27/Aug/2026 06:33:28] "GET /api/latest-detections/ HTTP/1.1" 200 343
[27/Aug/2026 06:33:28] "GET /api/drone-location/ HTTP/1.1" 200 452
[27/Aug/2026 06:33:28] "GET /api/latest-detections/ HTTP/1.1" 200 230
[27/Aug/2026 06:33:29] "GET /api/latest-detections/ HTTP/1.1" 200 229
[27/Aug/2026 06:33:29] "GET /api/latest-detections/ HTTP/1.1" 200 233
[27/Aug/2026 06:33:29] "GET /api/latest-detections/ HTTP/1.1" 200 341
[27/Aug/2026 06:33:29] "GET /api/drone-location/ HTTP/1.1" 200 452
[27/Aug/2026 06:33:30] "GET /api/system-status/ HTTP/1.1" 200 479
[27/Aug/2026 06:33:30] "GET /api/latest-detections/ HTTP/1.1" 200 344
[27/Aug/2026 06:33:30] "GET /api/latest-detections/ HTTP/1.1" 200 233
[27/Aug/2026 06:33:30] "GET /api/latest-detections/ HTTP/1.1" 200 233
[27/Aug/2026 06:33:30] "GET /api/drone-location/ HTTP/1.1" 200 452
[27/Aug/2026 06:33:31] "GET /api/latest-detections/ HTTP/1.1" 200 234
[27/Aug/2026 06:33:31] "GET /api/latest-detections/ HTTP/1.1" 200 233
[27/Aug/2026 06:33:31] "GET /api/latest-detections/ HTTP/1.1" 200 232
[27/Aug/2026 06:33:31] "GET /api/drone-location/ HTTP/1.1" 200 452
[27/Aug/2026 06:33:31] "GET /api/latest-detections/ HTTP/1.1" 200 231
[27/Aug/2026 06:33:32] "GET /api/latest-detections/ HTTP/1.1" 200 231
[27/Aug/2026 06:33:32] "GET /api/latest-detections/ HTTP/1.1" 200 231
[27/Aug/2026 06:33:32] "GET /api/latest-detections/ HTTP/1.1" 200 231
[27/Aug/2026 06:33:32] "GET /api/drone-location/ HTTP/1.1" 200 452
[27/Aug/2026 06:33:33] "GET /api/system-status/ HTTP/1.1" 200 479
[27/Aug/2026 06:33:33] "GET /api/latest-detections/ HTTP/1.1" 200 233
[27/Aug/2026 06:33:33] "GET /api/latest-detections/ HTTP/1.1" 200 234
[27/Aug/2026 06:33:33] "GET /api/latest-detections/ HTTP/1.1" 200 234
[27/Aug/2026 06:33:33] "GET /api/drone-location/ HTTP/1.1" 200 452
[27/Aug/2026 06:33:34] "GET /api/latest-detections/ HTTP/1.1" 200 232
[27/Aug/2026 06:33:34] "GET /api/latest-detections/ HTTP/1.1" 200 233
[27/Aug/2026 06:33:34] "GET /api/latest-detections/ HTTP/1.1" 200 345
[27/Aug/2026 06:33:34] "GET /api/drone-location/ HTTP/1.1" 200 452
[27/Aug/2026 06:33:34] "GET /api/latest-detections/ HTTP/1.1" 200 230
[27/Aug/2026 06:33:35] "GET /api/latest-detections/ HTTP/1.1" 200 230
[27/Aug/2026 06:33:35] "GET /api/latest-detections/ HTTP/1.1" 200 233
[27/Aug/2026 06:33:35] "GET /api/latest-detections/ HTTP/1.1" 200 229
[27/Aug/2026 06:33:35] "GET /api/drone-location/ HTTP/1.1" 200 452
[27/Aug/2026 06:33:36] "GET /api/system-status/ HTTP/1.1" 200 479
[27/Aug/2026 06:33:36] "GET /api/latest-detections/ HTTP/1.1" 200 231
[27/Aug/2026 06:33:36] "GET /api/latest-detections/ HTTP/1.1" 200 231
[27/Aug/2026 06:33:36] "GET /api/latest-detections/ HTTP/1.1" 200 230
[27/Aug/2026 06:33:36] "GET /api/drone-location/ HTTP/1.1" 200 452
[27/Aug/2026 06:33:37] "GET /api/latest-detections/ HTTP/1.1" 200 230
[27/Aug/2026 06:33:37] "GET /api/latest-detections/ HTTP/1.1" 200 232
[27/Aug/2026 06:33:37] "GET /api/latest-detections/ HTTP/1.1" 200 231
[27/Aug/2026 06:33:37] "GET /api/drone-location/ HTTP/1.1" 200 452
[27/Aug/2026 06:33:37] "GET /api/latest-detections/ HTTP/1.1" 200 232
[27/Aug/2026 06:33:38] "GET /api/latest-detections/ HTTP/1.1" 200 342
[27/Aug/2026 06:33:38] "GET /api/latest-detections/ HTTP/1.1" 200 342
[27/Aug/2026 06:33:38] "GET /api/latest-detections/ HTTP/1.1" 200 229
[27/Aug/2026 06:33:38] "GET /api/drone-location/ HTTP/1.1" 200 452
[27/Aug/2026 06:33:38] "GET /api/system-status/ HTTP/1.1" 200 479
[27/Aug/2026 06:33:39] "GET /api/latest-detections/ HTTP/1.1" 200 231
[27/Aug/2026 06:33:39] "GET /api/latest-detections/ HTTP/1.1" 200 232
[27/Aug/2026 06:33:39] "GET /api/latest-detections/ HTTP/1.1" 200 231
[27/Aug/2026 06:33:39] "GET /api/drone-location/ HTTP/1.1" 200 452
[27/Aug/2026 06:33:40] "GET /api/latest-detections/ HTTP/1.1" 200 232
[27/Aug/2026 06:33:40] "GET /api/latest-detections/ HTTP/1.1" 200 229
[27/Aug/2026 06:33:40] "GET /api/latest-detections/ HTTP/1.1" 200 229
[27/Aug/2026 06:33:40] "GET /api/drone-location/ HTTP/1.1" 200 452
[27/Aug/2026 06:33:40] "GET /api/latest-detections/ HTTP/1.1" 200 229
[27/Aug/2026 06:33:41] "GET /api/latest-detections/ HTTP/1.1" 200 232
[27/Aug/2026 06:33:41] "GET /api/latest-detections/ HTTP/1.1" 200 339
[27/Aug/2026 06:33:41] "GET /api/latest-detections/ HTTP/1.1" 200 339
[27/Aug/2026 06:33:41] "GET /api/drone-location/ HTTP/1.1" 200 452
[27/Aug/2026 06:33:42] "GET /api/system-status/ HTTP/1.1" 200 479
[27/Aug/2026 06:33:42] "GET /api/latest-detections/ HTTP/1.1" 200 342
[27/Aug/2026 06:33:42] "GET /api/latest-detections/ HTTP/1.1" 200 233
[27/Aug/2026 06:33:42] "GET /api/latest-detections/ HTTP/1.1" 200 230
[27/Aug/2026 06:33:42] "GET /api/drone-location/ HTTP/1.1" 200 452
[27/Aug/2026 06:33:43] "GET /api/latest-detections/ HTTP/1.1" 200 339
[27/Aug/2026 06:33:43] "GET /api/latest-detections/ HTTP/1.1" 200 341
[27/Aug/2026 06:33:43] "GET /api/latest-detections/ HTTP/1.1" 200 341
[27/Aug/2026 06:33:43] "GET /api/drone-location/ HTTP/1.1" 200 452
[27/Aug/2026 06:33:43] "GET /api/latest-detections/ HTTP/1.1" 200 232
[27/Aug/2026 06:33:44] "GET /api/latest-detections/ HTTP/1.1" 200 230
[27/Aug/2026 06:33:44] "GET /api/latest-detections/ HTTP/1.1" 200 230
[27/Aug/2026 06:33:44] "GET /api/latest-detections/ HTTP/1.1" 200 230
[27/Aug/2026 06:33:44] "GET /api/drone-location/ HTTP/1.1" 200 452
[27/Aug/2026 06:33:45] "GET /api/system-status/ HTTP/1.1" 200 479
[27/Aug/2026 06:33:45] "GET /api/latest-detections/ HTTP/1.1" 200 231
[27/Aug/2026 06:33:45] "GET /api/latest-detections/ HTTP/1.1" 200 231
[27/Aug/2026 06:33:45] "GET /api/latest-detections/ HTTP/1.1" 200 231
[27/Aug/2026 06:33:45] "GET /api/drone-location/ HTTP/1.1" 200 452
[27/Aug/2026 06:33:46] "GET /api/latest-detections/ HTTP/1.1" 200 231
[27/Aug/2026 06:33:46] "GET /api/latest-detections/ HTTP/1.1" 200 230
[27/Aug/2026 06:33:46] "GET /api/latest-detections/ HTTP/1.1" 200 230
[27/Aug/2026 06:33:46] "GET /api/drone-location/ HTTP/1.1" 200 452
[27/Aug/2026 06:33:46] "GET /api/latest-detections/ HTTP/1.1" 200 230
[27/Aug/2026 06:33:47] "GET /api/latest-detections/ HTTP/1.1" 200 230
[27/Aug/2026 06:33:47] "GET /api/latest-detections/ HTTP/1.1" 200 231
[27/Aug/2026 06:33:47] "GET /api/latest-detections/ HTTP/1.1" 200 231
[27/Aug/2026 06:33:47] "GET /api/drone-location/ HTTP/1.1" 200 452
[27/Aug/2026 06:33:48] "GET /api/system-status/ HTTP/1.1" 200 479
[27/Aug/2026 06:33:48] "GET /api/latest-detections/ HTTP/1.1" 200 231
[27/Aug/2026 06:33:49] "GET /api/latest-detections/ HTTP/1.1" 200 231
[27/Aug/2026 06:33:49] "GET /api/drone-location/ HTTP/1.1" 200 452
[27/Aug/2026 06:33:50] "GET /api/latest-detections/ HTTP/1.1" 200 231
[27/Aug/2026 06:33:50] "GET /api/drone-location/ HTTP/1.1" 200 452
[27/Aug/2026 06:33:51] "GET /api/latest-detections/ HTTP/1.1" 200 231
[27/Aug/2026 06:33:51] "GET /api/drone-location/ HTTP/1.1" 200 452
[27/Aug/2026 06:33:51] "GET /api/system-status/ HTTP/1.1" 200 479
[27/Aug/2026 06:33:52] "GET /api/latest-detections/ HTTP/1.1" 200 231
[27/Aug/2026 06:33:52] "GET /api/drone-location/ HTTP/1.1" 200 452
[27/Aug/2026 06:33:53] "GET /api/latest-detections/ HTTP/1.1" 200 231
[27/Aug/2026 06:33:53] "GET /api/drone-location/ HTTP/1.1" 200 452
[27/Aug/2026 06:33:54] "GET /api/latest-detections/ HTTP/1.1" 200 231
[27/Aug/2026 06:33:54] "GET /api/drone-location/ HTTP/1.1" 200 452
[27/Aug/2026 06:33:54] "GET /api/system-status/ HTTP/1.1" 200 479
[27/Aug/2026 06:33:55] "GET /api/latest-detections/ HTTP/1.1" 200 231
[27/Aug/2026 06:33:55] "GET /api/drone-location/ HTTP/1.1" 200 452
[27/Aug/2026 06:33:56] "GET /api/latest-detections/ HTTP/1.1" 200 232
[27/Aug/2026 06:33:56] "GET /api/drone-location/ HTTP/1.1" 200 452
[27/Aug/2026 06:33:57] "GET /api/latest-detections/ HTTP/1.1" 200 232
[27/Aug/2026 06:33:57] "GET /api/drone-location/ HTTP/1.1" 200 452
[27/Aug/2026 06:33:57] "GET /api/system-status/ HTTP/1.1" 200 479
[27/Aug/2026 06:33:58] "GET /api/latest-detections/ HTTP/1.1" 200 232
[27/Aug/2026 06:33:58] "GET /api/drone-location/ HTTP/1.1" 200 452
[27/Aug/2026 06:33:59] "GET /api/latest-detections/ HTTP/1.1" 200 232
[27/Aug/2026 06:33:59] "GET /api/drone-location/ HTTP/1.1" 200 452
[27/Aug/2026 06:34:00] "GET /api/latest-detections/ HTTP/1.1" 200 232
[27/Aug/2026 06:34:00] "GET /api/drone-location/ HTTP/1.1" 200 452
[27/Aug/2026 06:34:00] "GET /api/latest-detections/ HTTP/1.1" 200 232
[27/Aug/2026 06:34:00] "GET /api/system-status/ HTTP/1.1" 200 479
[27/Aug/2026 06:34:01] "GET /api/latest-detections/ HTTP/1.1" 200 232
[27/Aug/2026 06:34:01] "GET /api/drone-location/ HTTP/1.1" 200 452
[27/Aug/2026 06:34:02] "GET /api/latest-detections/ HTTP/1.1" 200 232
[27/Aug/2026 06:34:02] "GET /api/drone-location/ HTTP/1.1" 200 452
[27/Aug/2026 06:34:03] "GET /api/latest-detections/ HTTP/1.1" 200 232
[27/Aug/2026 06:34:03] "GET /api/drone-location/ HTTP/1.1" 200 452
[27/Aug/2026 06:34:03] "GET /api/system-status/ HTTP/1.1" 200 479
[27/Aug/2026 06:34:04] "GET /api/latest-detections/ HTTP/1.1" 200 232
[27/Aug/2026 06:34:04] "GET /api/drone-location/ HTTP/1.1" 200 452
[27/Aug/2026 06:34:05] "GET /api/latest-detections/ HTTP/1.1" 200 232
[27/Aug/2026 06:34:05] "GET /api/drone-location/ HTTP/1.1" 200 452
[27/Aug/2026 06:34:06] "GET /api/latest-detections/ HTTP/1.1" 200 232
[27/Aug/2026 06:34:06] "GET /api/drone-location/ HTTP/1.1" 200 452
[27/Aug/2026 06:34:06] "GET /api/system-status/ HTTP/1.1" 200 479
[27/Aug/2026 06:34:07] "GET /api/latest-detections/ HTTP/1.1" 200 232
[27/Aug/2026 06:34:07] "GET /api/drone-location/ HTTP/1.1" 200 452
[27/Aug/2026 06:34:08] "GET /api/latest-detections/ HTTP/1.1" 200 232
[27/Aug/2026 06:34:08] "GET /api/drone-location/ HTTP/1.1" 200 452
[27/Aug/2026 06:34:09] "GET /api/latest-detections/ HTTP/1.1" 200 232
[27/Aug/2026 06:34:09] "GET /api/drone-location/ HTTP/1.1" 200 452
[27/Aug/2026 06:34:09] "GET /api/system-status/ HTTP/1.1" 200 479
[27/Aug/2026 06:34:10] "GET /api/latest-detections/ HTTP/1.1" 200 232
[27/Aug/2026 06:34:10] "GET /api/drone-location/ HTTP/1.1" 200 452
[27/Aug/2026 06:34:11] "GET /api/latest-detections/ HTTP/1.1" 200 232
[27/Aug/2026 06:34:11] "GET /api/drone-location/ HTTP/1.1" 200 452
[27/Aug/2026 06:34:12] "GET /api/latest-detections/ HTTP/1.1" 200 232
[27/Aug/2026 06:34:12] "GET /api/drone-location/ HTTP/1.1" 200 452
[27/Aug/2026 06:34:12] "GET /api/system-status/ HTTP/1.1" 200 479
[27/Aug/2026 06:34:13] "GET /api/latest-detections/ HTTP/1.1" 200 232
[27/Aug/2026 06:34:13] "GET /api/drone-location/ HTTP/1.1" 200 452
[27/Aug/2026 06:34:14] "GET /api/latest-detections/ HTTP/1.1" 200 232
[27/Aug/2026 06:34:14] "GET /api/drone-location/ HTTP/1.1" 200 452
[27/Aug/2026 06:34:15] "GET /api/latest-detections/ HTTP/1.1" 200 232
[27/Aug/2026 06:34:15] "GET /api/drone-location/ HTTP/1.1" 200 452
[27/Aug/2026 06:34:15] "GET /api/system-status/ HTTP/1.1" 200 479
[27/Aug/2026 06:34:16] "GET /api/latest-detections/ HTTP/1.1" 200 231
[27/Aug/2026 06:34:16] "GET /api/drone-location/ HTTP/1.1" 200 452
[27/Aug/2026 06:34:17] "GET /api/latest-detections/ HTTP/1.1" 200 232
[27/Aug/2026 06:34:17] "GET /api/drone-location/ HTTP/1.1" 200 452
[27/Aug/2026 06:34:18] "GET /api/latest-detections/ HTTP/1.1" 200 232
[27/Aug/2026 06:34:18] "GET /api/drone-location/ HTTP/1.1" 200 452
[27/Aug/2026 06:34:18] "GET /api/system-status/ HTTP/1.1" 200 479
[27/Aug/2026 06:34:19] "GET /api/latest-detections/ HTTP/1.1" 200 339
[27/Aug/2026 06:34:19] "GET /api/drone-location/ HTTP/1.1" 200 452
[27/Aug/2026 06:34:20] "GET /api/latest-detections/ HTTP/1.1" 200 339
[27/Aug/2026 06:34:20] "GET /api/drone-location/ HTTP/1.1" 200 452
[27/Aug/2026 06:34:21] "GET /api/latest-detections/ HTTP/1.1" 200 339
[27/Aug/2026 06:34:21] "GET /api/drone-location/ HTTP/1.1" 200 452
[27/Aug/2026 06:34:21] "GET /api/system-status/ HTTP/1.1" 200 479
[27/Aug/2026 06:34:22] "GET /api/latest-detections/ HTTP/1.1" 200 340
[27/Aug/2026 06:34:22] "GET /api/drone-location/ HTTP/1.1" 200 452
[27/Aug/2026 06:34:23] "GET /api/latest-detections/ HTTP/1.1" 200 340
[27/Aug/2026 06:34:23] "GET /api/drone-location/ HTTP/1.1" 200 452
[27/Aug/2026 06:34:24] "GET /api/latest-detections/ HTTP/1.1" 200 340
[27/Aug/2026 06:34:24] "GET /api/drone-location/ HTTP/1.1" 200 452
[27/Aug/2026 06:34:24] "GET /api/system-status/ HTTP/1.1" 200 479
[27/Aug/2026 06:34:25] "GET /api/latest-detections/ HTTP/1.1" 200 340
[27/Aug/2026 06:34:25] "GET /api/drone-location/ HTTP/1.1" 200 452
[27/Aug/2026 06:34:26] "GET /api/latest-detections/ HTTP/1.1" 200 340
[27/Aug/2026 06:34:26] "GET /api/drone-location/ HTTP/1.1" 200 452
[27/Aug/2026 06:34:27] "GET /api/latest-detections/ HTTP/1.1" 200 340
[27/Aug/2026 06:34:27] "GET /api/drone-location/ HTTP/1.1" 200 452
[27/Aug/2026 06:34:27] "GET /api/system-status/ HTTP/1.1" 200 479
[27/Aug/2026 06:34:28] "GET /api/latest-detections/ HTTP/1.1" 200 340
[27/Aug/2026 06:34:28] "GET /api/drone-location/ HTTP/1.1" 200 452
[27/Aug/2026 06:34:29] "GET /api/latest-detections/ HTTP/1.1" 200 341
[27/Aug/2026 06:34:29] "GET /api/drone-location/ HTTP/1.1" 200 452
[27/Aug/2026 06:34:30] "GET /api/latest-detections/ HTTP/1.1" 200 341
[27/Aug/2026 06:34:30] "GET /api/drone-location/ HTTP/1.1" 200 452
[27/Aug/2026 06:34:30] "GET /api/system-status/ HTTP/1.1" 200 479
[27/Aug/2026 06:34:31] "GET /api/latest-detections/ HTTP/1.1" 200 341
[27/Aug/2026 06:34:31] "GET /api/drone-location/ HTTP/1.1" 200 452
[27/Aug/2026 06:34:32] "GET /api/latest-detections/ HTTP/1.1" 200 341
[27/Aug/2026 06:34:32] "GET /api/drone-location/ HTTP/1.1" 200 452
[27/Aug/2026 06:34:33] "GET /api/latest-detections/ HTTP/1.1" 200 341
[27/Aug/2026 06:34:33] "GET /api/drone-location/ HTTP/1.1" 200 452
[27/Aug/2026 06:34:33] "GET /api/system-status/ HTTP/1.1" 200 479
[27/Aug/2026 06:34:34] "GET /api/latest-detections/ HTTP/1.1" 200 341
[27/Aug/2026 06:34:34] "GET /api/drone-location/ HTTP/1.1" 200 452
[27/Aug/2026 06:34:35] "GET /api/latest-detections/ HTTP/1.1" 200 341
[27/Aug/2026 06:34:35] "GET /api/drone-location/ HTTP/1.1" 200 452
[27/Aug/2026 06:34:35] "GET /api/latest-detections/ HTTP/1.1" 200 341
[27/Aug/2026 06:34:36] "GET /api/latest-detections/ HTTP/1.1" 200 341
[27/Aug/2026 06:34:36] "GET /api/drone-location/ HTTP/1.1" 200 452
[27/Aug/2026 06:34:36] "GET /api/system-status/ HTTP/1.1" 200 479
[27/Aug/2026 06:34:37] "GET /api/latest-detections/ HTTP/1.1" 200 341
[27/Aug/2026 06:34:37] "GET /api/drone-location/ HTTP/1.1" 200 452
[27/Aug/2026 06:34:38] "GET /api/latest-detections/ HTTP/1.1" 200 341
[27/Aug/2026 06:34:38] "GET /api/drone-location/ HTTP/1.1" 200 452
[27/Aug/2026 06:34:39] "GET /api/latest-detections/ HTTP/1.1" 200 341
[27/Aug/2026 06:34:39] "GET /api/drone-location/ HTTP/1.1" 200 452
[27/Aug/2026 06:34:39] "GET /api/system-status/ HTTP/1.1" 200 479
[27/Aug/2026 06:34:40] "GET /api/latest-detections/ HTTP/1.1" 200 341
[27/Aug/2026 06:34:40] "GET /api/drone-location/ HTTP/1.1" 200 452
[27/Aug/2026 06:34:41] "GET /api/latest-detections/ HTTP/1.1" 200 341
[27/Aug/2026 06:34:41] "GET /api/drone-location/ HTTP/1.1" 200 452
[27/Aug/2026 06:34:42] "GET /api/latest-detections/ HTTP/1.1" 200 341
[27/Aug/2026 06:34:42] "GET /api/drone-location/ HTTP/1.1" 200 452
[27/Aug/2026 06:34:42] "GET /api/system-status/ HTTP/1.1" 200 479
[27/Aug/2026 06:34:43] "GET /api/latest-detections/ HTTP/1.1" 200 341
[27/Aug/2026 06:34:43] "GET /api/drone-location/ HTTP/1.1" 200 452
[27/Aug/2026 06:34:44] "GET /api/latest-detections/ HTTP/1.1" 200 341
[27/Aug/2026 06:34:44] "GET /api/drone-location/ HTTP/1.1" 200 452
[27/Aug/2026 06:34:45] "GET /api/latest-detections/ HTTP/1.1" 200 341
[27/Aug/2026 06:34:45] "GET /api/drone-location/ HTTP/1.1" 200 452
[27/Aug/2026 06:34:45] "GET /api/system-status/ HTTP/1.1" 200 479
[27/Aug/2026 06:34:46] "GET /api/latest-detections/ HTTP/1.1" 200 341
[27/Aug/2026 06:34:46] "GET /api/drone-location/ HTTP/1.1" 200 452
[27/Aug/2026 06:34:47] "GET /api/latest-detections/ HTTP/1.1" 200 341
[27/Aug/2026 06:34:47] "GET /api/drone-location/ HTTP/1.1" 200 452
[27/Aug/2026 06:34:48] "GET /api/latest-detections/ HTTP/1.1" 200 341
[27/Aug/2026 06:34:48] "GET /api/drone-location/ HTTP/1.1" 200 452
[27/Aug/2026 06:34:48] "GET /api/system-status/ HTTP/1.1" 200 479
[27/Aug/2026 06:35:20] "GET /api/latest-detections/ HTTP/1.1" 200 340
[27/Aug/2026 06:35:24] "GET /api/latest-detections/ HTTP/1.1" 200 341
[27/Aug/2026 06:35:24] "GET /api/drone-location/ HTTP/1.1" 200 452
[27/Aug/2026 06:35:24] "GET /api/system-status/ HTTP/1.1" 200 479
[27/Aug/2026 06:36:24] "GET /api/latest-detections/ HTTP/1.1" 200 230
[27/Aug/2026 06:36:24] "GET /api/drone-location/ HTTP/1.1" 200 452
[27/Aug/2026 06:36:24] "GET /api/system-status/ HTTP/1.1" 200 479
[27/Aug/2026 06:37:24] "GET /api/latest-detections/ HTTP/1.1" 200 232
[27/Aug/2026 06:37:24] "GET /api/drone-location/ HTTP/1.1" 200 452
[27/Aug/2026 06:37:24] "GET /api/system-status/ HTTP/1.1" 200 479
[27/Aug/2026 06:38:24] "GET /api/latest-detections/ HTTP/1.1" 200 231
[27/Aug/2026 06:38:24] "GET /api/drone-location/ HTTP/1.1" 200 452
[27/Aug/2026 06:38:24] "GET /api/system-status/ HTTP/1.1" 200 479
[27/Aug/2026 06:39:24] "GET /api/latest-detections/ HTTP/1.1" 200 343
[27/Aug/2026 06:39:24] "GET /api/drone-location/ HTTP/1.1" 200 452
[27/Aug/2026 06:39:24] "GET /api/system-status/ HTTP/1.1" 200 480
[27/Aug/2026 06:39:30] "GET /api/latest-detections/ HTTP/1.1" 200 343
[27/Aug/2026 06:39:48] "GET /api/latest-detections/ HTTP/1.1" 200 343
[27/Aug/2026 06:40:05] "GET /api/system-status/ HTTP/1.1" 200 480
[27/Aug/2026 06:40:05] "GET /dashboard/mission/ HTTP/1.1" 200 36918
[27/Aug/2026 06:40:05] "GET /dashboard/remote-control/ HTTP/1.1" 200 35380
[27/Aug/2026 06:40:05] "GET /dji/login/ HTTP/1.1" 200 10986
[27/Aug/2026 06:40:22] "GET /api/latest-detections/ HTTP/1.1" 200 344
[27/Aug/2026 06:40:24] "GET /api/latest-detections/ HTTP/1.1" 200 344
[27/Aug/2026 06:40:24] "GET /api/drone-location/ HTTP/1.1" 200 452
[27/Aug/2026 06:40:24] "GET /api/system-status/ HTTP/1.1" 200 480
[27/Aug/2026 06:40:52] "GET /api/latest-detections/ HTTP/1.1" 200 344
[27/Aug/2026 06:40:58] "GET /api/latest-detections/ HTTP/1.1" 200 344
[27/Aug/2026 06:41:04] "GET /api/latest-detections/ HTTP/1.1" 200 343
[27/Aug/2026 06:41:10] "GET /api/latest-detections/ HTTP/1.1" 200 344
[27/Aug/2026 06:41:16] "GET /api/latest-detections/ HTTP/1.1" 200 344
[27/Aug/2026 06:41:22] "GET /api/latest-detections/ HTTP/1.1" 200 344
[27/Aug/2026 06:41:24] "GET /api/latest-detections/ HTTP/1.1" 200 344
[27/Aug/2026 06:41:24] "GET /api/drone-location/ HTTP/1.1" 200 452
[27/Aug/2026 06:41:24] "GET /api/system-status/ HTTP/1.1" 200 480
[27/Aug/2026 06:41:28] "GET /api/latest-detections/ HTTP/1.1" 200 344
[27/Aug/2026 06:41:34] "GET /api/latest-detections/ HTTP/1.1" 200 344
[27/Aug/2026 06:41:40] "GET /api/latest-detections/ HTTP/1.1" 200 344
[27/Aug/2026 06:41:46] "GET /api/latest-detections/ HTTP/1.1" 200 344
[27/Aug/2026 06:41:52] "GET /api/latest-detections/ HTTP/1.1" 200 344
[27/Aug/2026 06:41:58] "GET /api/latest-detections/ HTTP/1.1" 200 343
[27/Aug/2026 06:42:04] "GET /api/latest-detections/ HTTP/1.1" 200 344
[27/Aug/2026 06:42:10] "GET /api/latest-detections/ HTTP/1.1" 200 344
[27/Aug/2026 06:42:16] "GET /api/latest-detections/ HTTP/1.1" 200 344
[27/Aug/2026 06:42:22] "GET /api/latest-detections/ HTTP/1.1" 200 344
[27/Aug/2026 06:42:24] "GET /api/latest-detections/ HTTP/1.1" 200 344
[27/Aug/2026 06:42:24] "GET /api/drone-location/ HTTP/1.1" 200 452
[27/Aug/2026 06:42:24] "GET /api/system-status/ HTTP/1.1" 200 480
[27/Aug/2026 06:42:24] "GET /api/latest-detections/ HTTP/1.1" 200 343
[27/Aug/2026 06:42:24] "GET /api/latest-detections/ HTTP/1.1" 200 344
[27/Aug/2026 06:42:24] "GET /api/drone-location/ HTTP/1.1" 200 452
[27/Aug/2026 06:42:25] "GET /api/latest-detections/ HTTP/1.1" 200 344
[27/Aug/2026 06:42:25] "GET /api/latest-detections/ HTTP/1.1" 200 344
[27/Aug/2026 06:42:25] "GET /api/latest-detections/ HTTP/1.1" 200 344
[27/Aug/2026 06:42:25] "GET /api/drone-location/ HTTP/1.1" 200 452
[27/Aug/2026 06:42:25] "GET /api/latest-detections/ HTTP/1.1" 200 344
[27/Aug/2026 06:42:26] "GET /api/latest-detections/ HTTP/1.1" 200 343
[27/Aug/2026 06:42:26] "GET /api/latest-detections/ HTTP/1.1" 200 344
[27/Aug/2026 06:42:26] "GET /api/latest-detections/ HTTP/1.1" 200 344
[27/Aug/2026 06:42:26] "GET /api/drone-location/ HTTP/1.1" 200 452
[27/Aug/2026 06:42:27] "GET /api/system-status/ HTTP/1.1" 200 480
[27/Aug/2026 06:42:27] "GET /dashboard/mission/ HTTP/1.1" 200 36918
[27/Aug/2026 06:42:27] "GET /api/latest-detections/ HTTP/1.1" 200 343
[27/Aug/2026 06:42:27] "GET /api/drone-location/ HTTP/1.1" 200 452
[27/Aug/2026 06:42:27] "GET /api/system-status/ HTTP/1.1" 200 480
[27/Aug/2026 06:42:27] "GET /api/latest-detections/ HTTP/1.1" 200 343
[27/Aug/2026 06:42:27] "GET /api/latest-detections/ HTTP/1.1" 200 344
[27/Aug/2026 06:42:28] "GET /api/latest-detections/ HTTP/1.1" 200 343
[27/Aug/2026 06:42:28] "GET /api/drone-location/ HTTP/1.1" 200 452
[27/Aug/2026 06:42:28] "GET /api/latest-detections/ HTTP/1.1" 200 344
[27/Aug/2026 06:42:28] "GET /api/latest-detections/ HTTP/1.1" 200 343
[27/Aug/2026 06:42:28] "GET /api/latest-detections/ HTTP/1.1" 200 344
[27/Aug/2026 06:42:28] "GET /api/latest-detections/ HTTP/1.1" 200 344
[27/Aug/2026 06:42:29] "GET /api/drone-location/ HTTP/1.1" 200 452
[27/Aug/2026 06:42:29] "GET /api/latest-detections/ HTTP/1.1" 200 343
[27/Aug/2026 06:42:29] "GET /api/latest-detections/ HTTP/1.1" 200 344
[27/Aug/2026 06:42:29] "GET /dashboard/remote-control/ HTTP/1.1" 200 35380
[27/Aug/2026 06:42:34] "GET /api/latest-detections/ HTTP/1.1" 200 344
[27/Aug/2026 06:42:40] "GET /api/latest-detections/ HTTP/1.1" 200 344
[27/Aug/2026 06:42:46] "GET /api/start-service/?service=drc&action=start HTTP/1.1" 200 165
[27/Aug/2026 06:42:46] "GET /api/latest-detections/ HTTP/1.1" 200 344
[27/Aug/2026 06:42:52] "GET /dashboard/remote-control/ HTTP/1.1" 200 35380
[27/Aug/2026 06:42:54] "GET /api/start-service/?service=drc&action=start HTTP/1.1" 200 165
[27/Aug/2026 06:42:57] "GET /dashboard/remote-control/ HTTP/1.1" 200 35380
[27/Aug/2026 06:42:59] "GET /api/start-service/?service=drc&action=start HTTP/1.1" 200 165
[27/Aug/2026 06:43:06] "GET /dji/login/ HTTP/1.1" 200 10986
Not Found: /favicon.ico
[27/Aug/2026 06:43:06] "GET /favicon.ico HTTP/1.1" 404 6772
[27/Aug/2026 06:43:21] "GET /dashboard/mission/ HTTP/1.1" 200 36918
[27/Aug/2026 06:43:22] "GET /api/drone-location/ HTTP/1.1" 200 399
[27/Aug/2026 06:43:22] "GET /api/latest-detections/ HTTP/1.1" 200 344
[27/Aug/2026 06:43:22] "GET /api/system-status/ HTTP/1.1" 200 478
[27/Aug/2026 06:43:22] "GET /api/latest-detections/ HTTP/1.1" 200 344
[27/Aug/2026 06:43:22] "GET /api/latest-detections/ HTTP/1.1" 200 344
[27/Aug/2026 06:43:22] "GET /api/latest-detections/ HTTP/1.1" 200 344
[27/Aug/2026 06:43:23] "GET /api/drone-location/ HTTP/1.1" 200 399
[27/Aug/2026 06:43:23] "GET /api/latest-detections/ HTTP/1.1" 200 344
[27/Aug/2026 06:43:23] "GET /api/latest-detections/ HTTP/1.1" 200 344
[27/Aug/2026 06:43:23] "GET /api/latest-detections/ HTTP/1.1" 200 344
[27/Aug/2026 06:43:24] "GET /api/drone-location/ HTTP/1.1" 200 399
[27/Aug/2026 06:43:24] "GET /api/latest-detections/ HTTP/1.1" 200 344
[27/Aug/2026 06:43:24] "GET /api/latest-detections/ HTTP/1.1" 200 344
[27/Aug/2026 06:43:24] "GET /api/latest-detections/ HTTP/1.1" 200 344
[27/Aug/2026 06:43:25] "GET /api/drone-location/ HTTP/1.1" 200 399
[27/Aug/2026 06:43:25] "GET /api/latest-detections/ HTTP/1.1" 200 344
[27/Aug/2026 06:43:25] "GET /api/system-status/ HTTP/1.1" 200 478
[27/Aug/2026 06:43:25] "GET /api/latest-detections/ HTTP/1.1" 200 344
[27/Aug/2026 06:43:25] "GET /api/latest-detections/ HTTP/1.1" 200 344
[27/Aug/2026 06:43:25] "GET /api/latest-detections/ HTTP/1.1" 200 344
[27/Aug/2026 06:43:26] "GET /api/drone-location/ HTTP/1.1" 200 399
[27/Aug/2026 06:43:26] "GET /api/latest-detections/ HTTP/1.1" 200 344
[27/Aug/2026 06:43:26] "GET /api/latest-detections/ HTTP/1.1" 200 344
[27/Aug/2026 06:43:26] "GET /api/latest-detections/ HTTP/1.1" 200 344
[27/Aug/2026 06:43:27] "GET /api/drone-location/ HTTP/1.1" 200 399
[27/Aug/2026 06:43:27] "GET /api/latest-detections/ HTTP/1.1" 200 344
[27/Aug/2026 06:43:27] "GET /api/latest-detections/ HTTP/1.1" 200 344
[27/Aug/2026 06:43:27] "GET /api/latest-detections/ HTTP/1.1" 200 344
[27/Aug/2026 06:43:28] "GET /api/latest-detections/ HTTP/1.1" 200 344
[27/Aug/2026 06:43:28] "GET /api/drone-location/ HTTP/1.1" 200 399
[27/Aug/2026 06:43:28] "GET /api/system-status/ HTTP/1.1" 200 478
[27/Aug/2026 06:43:28] "GET /api/latest-detections/ HTTP/1.1" 200 344
[27/Aug/2026 06:43:28] "GET /api/latest-detections/ HTTP/1.1" 200 344
[27/Aug/2026 06:43:28] "GET /api/latest-detections/ HTTP/1.1" 200 344
[27/Aug/2026 06:43:29] "GET /api/drone-location/ HTTP/1.1" 200 399
[27/Aug/2026 06:43:29] "GET /api/latest-detections/ HTTP/1.1" 200 344
[27/Aug/2026 06:43:29] "GET /api/latest-detections/ HTTP/1.1" 200 344
[27/Aug/2026 06:43:29] "GET /api/latest-detections/ HTTP/1.1" 200 344
[27/Aug/2026 06:43:30] "GET /api/drone-location/ HTTP/1.1" 200 398
[27/Aug/2026 06:43:30] "GET /api/latest-detections/ HTTP/1.1" 200 344
[27/Aug/2026 06:43:30] "GET /api/latest-detections/ HTTP/1.1" 200 344
[27/Aug/2026 06:43:30] "GET /api/latest-detections/ HTTP/1.1" 200 344
[27/Aug/2026 06:43:31] "GET /api/latest-detections/ HTTP/1.1" 200 344
[27/Aug/2026 06:43:31] "GET /api/drone-location/ HTTP/1.1" 200 398
[27/Aug/2026 06:43:31] "GET /api/system-status/ HTTP/1.1" 200 478
[27/Aug/2026 06:43:31] "GET /api/latest-detections/ HTTP/1.1" 200 344
[27/Aug/2026 06:43:31] "GET /api/latest-detections/ HTTP/1.1" 200 344
[27/Aug/2026 06:43:31] "GET /api/latest-detections/ HTTP/1.1" 200 344
[27/Aug/2026 06:43:32] "GET /api/drone-location/ HTTP/1.1" 200 399
[27/Aug/2026 06:43:32] "GET /api/latest-detections/ HTTP/1.1" 200 344
[27/Aug/2026 06:43:32] "GET /api/latest-detections/ HTTP/1.1" 200 344
[27/Aug/2026 06:43:32] "GET /api/latest-detections/ HTTP/1.1" 200 344
[27/Aug/2026 06:43:33] "GET /api/drone-location/ HTTP/1.1" 200 399
[27/Aug/2026 06:43:33] "GET /api/latest-detections/ HTTP/1.1" 200 344
[27/Aug/2026 06:43:33] "GET /api/latest-detections/ HTTP/1.1" 200 344
[27/Aug/2026 06:43:33] "GET /api/latest-detections/ HTTP/1.1" 200 344
[27/Aug/2026 06:43:34] "GET /api/latest-detections/ HTTP/1.1" 200 344
[27/Aug/2026 06:43:34] "GET /api/drone-location/ HTTP/1.1" 200 399
[27/Aug/2026 06:43:34] "GET /api/system-status/ HTTP/1.1" 200 478
[27/Aug/2026 06:43:34] "GET /api/latest-detections/ HTTP/1.1" 200 344
[27/Aug/2026 06:43:34] "GET /api/latest-detections/ HTTP/1.1" 200 344
[27/Aug/2026 06:43:34] "GET /api/latest-detections/ HTTP/1.1" 200 344
[27/Aug/2026 06:43:34] "GET /api/latest-detections/ HTTP/1.1" 200 344
[27/Aug/2026 06:43:35] "GET /api/drone-location/ HTTP/1.1" 200 399
[27/Aug/2026 06:43:35] "GET /api/latest-detections/ HTTP/1.1" 200 344
[27/Aug/2026 06:43:35] "GET /api/latest-detections/ HTTP/1.1" 200 344
[27/Aug/2026 06:43:35] "GET /api/latest-detections/ HTTP/1.1" 200 344
[27/Aug/2026 06:43:36] "GET /api/drone-location/ HTTP/1.1" 200 398
[27/Aug/2026 06:43:36] "GET /api/latest-detections/ HTTP/1.1" 200 344
[27/Aug/2026 06:43:36] "GET /api/latest-detections/ HTTP/1.1" 200 344
[27/Aug/2026 06:43:36] "GET /api/latest-detections/ HTTP/1.1" 200 344
[27/Aug/2026 06:43:37] "GET /api/drone-location/ HTTP/1.1" 200 398
[27/Aug/2026 06:43:37] "GET /api/latest-detections/ HTTP/1.1" 200 344
[27/Aug/2026 06:43:37] "GET /api/system-status/ HTTP/1.1" 200 478
[27/Aug/2026 06:43:37] "GET /api/latest-detections/ HTTP/1.1" 200 344
[27/Aug/2026 06:43:37] "GET /api/latest-detections/ HTTP/1.1" 200 344
[27/Aug/2026 06:43:37] "GET /api/latest-detections/ HTTP/1.1" 200 344
[27/Aug/2026 06:43:38] "GET /api/drone-location/ HTTP/1.1" 200 398
[27/Aug/2026 06:43:38] "GET /api/latest-detections/ HTTP/1.1" 200 344
[27/Aug/2026 06:43:38] "GET /api/latest-detections/ HTTP/1.1" 200 344
[27/Aug/2026 06:43:38] "GET /api/latest-detections/ HTTP/1.1" 200 344
[27/Aug/2026 06:43:39] "GET /api/drone-location/ HTTP/1.1" 200 398
[27/Aug/2026 06:43:39] "GET /api/latest-detections/ HTTP/1.1" 200 344
[27/Aug/2026 06:43:39] "GET /api/latest-detections/ HTTP/1.1" 200 344
[27/Aug/2026 06:43:39] "GET /api/latest-detections/ HTTP/1.1" 200 344
[27/Aug/2026 06:43:40] "GET /api/latest-detections/ HTTP/1.1" 200 344
[27/Aug/2026 06:43:40] "GET /api/drone-location/ HTTP/1.1" 200 399
[27/Aug/2026 06:43:40] "GET /api/system-status/ HTTP/1.1" 200 478
[27/Aug/2026 06:43:40] "GET /api/latest-detections/ HTTP/1.1" 200 344
[27/Aug/2026 06:43:40] "GET /api/latest-detections/ HTTP/1.1" 200 344
[27/Aug/2026 06:43:40] "GET /api/latest-detections/ HTTP/1.1" 200 344
[27/Aug/2026 06:43:41] "GET /api/drone-location/ HTTP/1.1" 200 399
[27/Aug/2026 06:43:41] "GET /api/latest-detections/ HTTP/1.1" 200 344
[27/Aug/2026 06:43:41] "GET /api/latest-detections/ HTTP/1.1" 200 344
[27/Aug/2026 06:43:41] "GET /api/latest-detections/ HTTP/1.1" 200 344
[27/Aug/2026 06:43:42] "GET /api/drone-location/ HTTP/1.1" 200 399
[27/Aug/2026 06:43:42] "GET /api/latest-detections/ HTTP/1.1" 200 344
[27/Aug/2026 06:43:42] "GET /api/latest-detections/ HTTP/1.1" 200 344
[27/Aug/2026 06:43:42] "GET /api/latest-detections/ HTTP/1.1" 200 344
[27/Aug/2026 06:43:42] "GET /api/latest-detections/ HTTP/1.1" 200 344
[27/Aug/2026 06:43:43] "GET /api/latest-detections/ HTTP/1.1" 200 344
[27/Aug/2026 06:43:43] "GET /api/drone-location/ HTTP/1.1" 200 399
[27/Aug/2026 06:43:43] "GET /api/system-status/ HTTP/1.1" 200 478
[27/Aug/2026 06:43:43] "GET /api/latest-detections/ HTTP/1.1" 200 344
[27/Aug/2026 06:43:43] "GET /api/latest-detections/ HTTP/1.1" 200 344
[27/Aug/2026 06:43:43] "GET /api/latest-detections/ HTTP/1.1" 200 344
[27/Aug/2026 06:43:44] "GET /api/drone-location/ HTTP/1.1" 200 399
[27/Aug/2026 06:43:44] "GET /api/latest-detections/ HTTP/1.1" 200 344
[27/Aug/2026 06:43:44] "GET /api/latest-detections/ HTTP/1.1" 200 344
[27/Aug/2026 06:43:44] "GET /api/latest-detections/ HTTP/1.1" 200 344
[27/Aug/2026 06:43:44] "GET /dashboard/remote-control/ HTTP/1.1" 200 35380
[27/Aug/2026 06:43:50] "GET /api/latest-detections/ HTTP/1.1" 200 344
[27/Aug/2026 06:43:54] "GET /api/start-service/?service=drc&action=start HTTP/1.1" 200 165
[27/Aug/2026 06:43:58] "GET /api/latest-detections/ HTTP/1.1" 200 344
[27/Aug/2026 06:44:06] "GET /api/latest-detections/ HTTP/1.1" 200 344
[27/Aug/2026 06:44:14] "GET /api/latest-detections/ HTTP/1.1" 200 344
[27/Aug/2026 06:44:22] "GET /api/latest-detections/ HTTP/1.1" 200 344
[27/Aug/2026 06:44:30] "GET /api/latest-detections/ HTTP/1.1" 200 344
[27/Aug/2026 06:44:38] "GET /api/latest-detections/ HTTP/1.1" 200 344
[27/Aug/2026 06:44:46] "GET /api/latest-detections/ HTTP/1.1" 200 344
[27/Aug/2026 06:44:54] "GET /api/latest-detections/ HTTP/1.1" 200 344
[27/Aug/2026 06:45:03] "GET /api/latest-detections/ HTTP/1.1" 200 344
[27/Aug/2026 06:46:19] "GET /api/latest-detections/ HTTP/1.1" 200 343
[27/Aug/2026 06:46:28] "GET /api/latest-detections/ HTTP/1.1" 200 344
[27/Aug/2026 06:46:36] "GET /api/latest-detections/ HTTP/1.1" 200 344
[27/Aug/2026 06:46:44] "GET /api/latest-detections/ HTTP/1.1" 200 344
[27/Aug/2026 06:46:52] "GET /api/latest-detections/ HTTP/1.1" 200 344
[27/Aug/2026 06:47:01] "GET /api/latest-detections/ HTTP/1.1" 200 344
[27/Aug/2026 06:47:09] "GET /api/latest-detections/ HTTP/1.1" 200 343
[27/Aug/2026 06:47:17] "GET /api/latest-detections/ HTTP/1.1" 200 344
[27/Aug/2026 06:47:25] "GET /api/latest-detections/ HTTP/1.1" 200 344
[27/Aug/2026 06:47:33] "GET /api/latest-detections/ HTTP/1.1" 200 344
[27/Aug/2026 06:47:41] "GET /api/latest-detections/ HTTP/1.1" 200 344
[27/Aug/2026 06:48:57] "GET /api/latest-detections/ HTTP/1.1" 200 344
[27/Aug/2026 06:49:07] "GET /api/latest-detections/ HTTP/1.1" 200 344
[27/Aug/2026 06:49:17] "GET /api/latest-detections/ HTTP/1.1" 200 344
[27/Aug/2026 06:49:27] "GET /api/latest-detections/ HTTP/1.1" 200 343
[27/Aug/2026 06:49:37] "GET /api/latest-detections/ HTTP/1.1" 200 344
[27/Aug/2026 06:49:47] "GET /api/latest-detections/ HTTP/1.1" 200 344
[27/Aug/2026 06:49:57] "GET /api/latest-detections/ HTTP/1.1" 200 344
[27/Aug/2026 06:50:07] "GET /api/latest-detections/ HTTP/1.1" 200 344
[27/Aug/2026 06:50:17] "GET /api/latest-detections/ HTTP/1.1" 200 344
[27/Aug/2026 06:50:27] "GET /api/latest-detections/ HTTP/1.1" 200 344
[27/Aug/2026 06:50:37] "GET /api/latest-detections/ HTTP/1.1" 200 344
[27/Aug/2026 06:50:47] "GET /api/latest-detections/ HTTP/1.1" 200 344
[27/Aug/2026 06:51:15] "GET /dashboard/remote-control/ HTTP/1.1" 200 35380
Not Found: /favicon.ico
[27/Aug/2026 06:51:15] "GET /favicon.ico HTTP/1.1" 404 6772
[27/Aug/2026 06:51:16] "GET /api/system-status/ HTTP/1.1" 200 478
[27/Aug/2026 06:51:19] "GET /dashboard/mission/ HTTP/1.1" 200 36918
[27/Aug/2026 06:51:19] "GET /api/latest-detections/ HTTP/1.1" 200 344
[27/Aug/2026 06:51:19] "GET /api/drone-location/ HTTP/1.1" 200 399
[27/Aug/2026 06:51:19] "GET /api/system-status/ HTTP/1.1" 200 478
[27/Aug/2026 06:51:19] "GET /api/latest-detections/ HTTP/1.1" 200 344
[27/Aug/2026 06:51:19] "GET /api/latest-detections/ HTTP/1.1" 200 344
[27/Aug/2026 06:51:20] "GET /api/latest-detections/ HTTP/1.1" 200 344
[27/Aug/2026 06:51:20] "GET /api/drone-location/ HTTP/1.1" 200 399
[27/Aug/2026 06:51:20] "GET /api/latest-detections/ HTTP/1.1" 200 344
[27/Aug/2026 06:51:20] "GET /api/latest-detections/ HTTP/1.1" 200 344
[27/Aug/2026 06:51:21] "GET /api/latest-detections/ HTTP/1.1" 200 344
[27/Aug/2026 06:51:21] "GET /api/drone-location/ HTTP/1.1" 200 398
[27/Aug/2026 06:51:21] "GET /api/latest-detections/ HTTP/1.1" 200 344
[27/Aug/2026 06:51:21] "GET /api/latest-detections/ HTTP/1.1" 200 344
[27/Aug/2026 06:51:22] "GET /api/latest-detections/ HTTP/1.1" 200 344
[27/Aug/2026 06:51:22] "GET /api/latest-detections/ HTTP/1.1" 200 344
[27/Aug/2026 06:51:22] "GET /api/drone-location/ HTTP/1.1" 200 398
[27/Aug/2026 06:51:22] "GET /api/system-status/ HTTP/1.1" 200 478
[27/Aug/2026 06:51:22] "GET /api/latest-detections/ HTTP/1.1" 200 344
[27/Aug/2026 06:51:22] "GET /api/latest-detections/ HTTP/1.1" 200 344
[27/Aug/2026 06:51:23] "GET /api/latest-detections/ HTTP/1.1" 200 344
[27/Aug/2026 06:51:23] "GET /api/drone-location/ HTTP/1.1" 200 398
[27/Aug/2026 06:51:23] "GET /api/latest-detections/ HTTP/1.1" 200 344
[27/Aug/2026 06:51:23] "GET /api/latest-detections/ HTTP/1.1" 200 344
[27/Aug/2026 06:51:24] "GET /api/latest-detections/ HTTP/1.1" 200 344
[27/Aug/2026 06:51:24] "GET /api/drone-location/ HTTP/1.1" 200 398
[27/Aug/2026 06:51:24] "GET /api/latest-detections/ HTTP/1.1" 200 344
[27/Aug/2026 06:51:24] "GET /api/latest-detections/ HTTP/1.1" 200 344
[27/Aug/2026 06:51:25] "GET /api/latest-detections/ HTTP/1.1" 200 344
[27/Aug/2026 06:51:25] "GET /api/latest-detections/ HTTP/1.1" 200 344
[27/Aug/2026 06:51:25] "GET /api/drone-location/ HTTP/1.1" 200 398
[27/Aug/2026 06:51:25] "GET /api/system-status/ HTTP/1.1" 200 478
[27/Aug/2026 06:51:25] "GET /api/latest-detections/ HTTP/1.1" 200 344
[27/Aug/2026 06:51:25] "GET /api/latest-detections/ HTTP/1.1" 200 344
[27/Aug/2026 06:51:26] "GET /api/latest-detections/ HTTP/1.1" 200 344
[27/Aug/2026 06:51:26] "GET /api/drone-location/ HTTP/1.1" 200 398
[27/Aug/2026 06:51:26] "GET /api/latest-detections/ HTTP/1.1" 200 344
[27/Aug/2026 06:51:26] "GET /api/latest-detections/ HTTP/1.1" 200 344
[27/Aug/2026 06:51:27] "GET /api/latest-detections/ HTTP/1.1" 200 344
[27/Aug/2026 06:51:27] "GET /api/drone-location/ HTTP/1.1" 200 399
[27/Aug/2026 06:51:27] "GET /api/latest-detections/ HTTP/1.1" 200 344
[27/Aug/2026 06:51:27] "GET /api/latest-detections/ HTTP/1.1" 200 344
[27/Aug/2026 06:51:28] "GET /api/latest-detections/ HTTP/1.1" 200 344
[27/Aug/2026 06:51:28] "GET /api/latest-detections/ HTTP/1.1" 200 344
[27/Aug/2026 06:51:28] "GET /api/drone-location/ HTTP/1.1" 200 399
[27/Aug/2026 06:51:28] "GET /api/system-status/ HTTP/1.1" 200 478
[27/Aug/2026 06:51:28] "GET /api/latest-detections/ HTTP/1.1" 200 344
[27/Aug/2026 06:51:28] "GET /api/latest-detections/ HTTP/1.1" 200 344
[27/Aug/2026 06:51:29] "GET /api/latest-detections/ HTTP/1.1" 200 344
[27/Aug/2026 06:51:29] "GET /api/drone-location/ HTTP/1.1" 200 398
[27/Aug/2026 06:51:29] "GET /api/latest-detections/ HTTP/1.1" 200 344
[27/Aug/2026 06:51:29] "GET /api/latest-detections/ HTTP/1.1" 200 344
[27/Aug/2026 06:51:30] "GET /api/latest-detections/ HTTP/1.1" 200 344
[27/Aug/2026 06:51:30] "GET /api/drone-location/ HTTP/1.1" 200 398
[27/Aug/2026 06:51:30] "GET /api/latest-detections/ HTTP/1.1" 200 344
[27/Aug/2026 06:51:30] "GET /api/latest-detections/ HTTP/1.1" 200 344
[27/Aug/2026 06:51:31] "GET /api/latest-detections/ HTTP/1.1" 200 344
[27/Aug/2026 06:51:31] "GET /api/latest-detections/ HTTP/1.1" 200 344
[27/Aug/2026 06:51:31] "GET /api/drone-location/ HTTP/1.1" 200 399
[27/Aug/2026 06:51:31] "GET /api/system-status/ HTTP/1.1" 200 478
[27/Aug/2026 06:51:31] "GET /api/latest-detections/ HTTP/1.1" 200 344
[27/Aug/2026 06:51:31] "GET /api/latest-detections/ HTTP/1.1" 200 344
[27/Aug/2026 06:51:32] "GET /api/latest-detections/ HTTP/1.1" 200 344
[27/Aug/2026 06:51:32] "GET /api/drone-location/ HTTP/1.1" 200 399
[27/Aug/2026 06:51:32] "GET /api/latest-detections/ HTTP/1.1" 200 344
[27/Aug/2026 06:51:32] "GET /api/latest-detections/ HTTP/1.1" 200 344
[27/Aug/2026 06:51:33] "GET /api/latest-detections/ HTTP/1.1" 200 344
[27/Aug/2026 06:51:33] "GET /api/drone-location/ HTTP/1.1" 200 397
[27/Aug/2026 06:51:33] "GET /api/latest-detections/ HTTP/1.1" 200 344
[27/Aug/2026 06:51:33] "GET /api/latest-detections/ HTTP/1.1" 200 344
[27/Aug/2026 06:51:34] "GET /api/latest-detections/ HTTP/1.1" 200 344
[27/Aug/2026 06:51:34] "GET /api/latest-detections/ HTTP/1.1" 200 343
[27/Aug/2026 06:51:34] "GET /api/drone-location/ HTTP/1.1" 200 397
[27/Aug/2026 06:51:34] "GET /api/system-status/ HTTP/1.1" 200 478
[27/Aug/2026 06:51:34] "GET /api/latest-detections/ HTTP/1.1" 200 344
[27/Aug/2026 06:51:34] "GET /api/latest-detections/ HTTP/1.1" 200 344
[27/Aug/2026 06:51:35] "GET /api/latest-detections/ HTTP/1.1" 200 344
[27/Aug/2026 06:51:35] "GET /api/drone-location/ HTTP/1.1" 200 398
[27/Aug/2026 06:51:35] "GET /api/latest-detections/ HTTP/1.1" 200 344
[27/Aug/2026 06:51:35] "GET /api/latest-detections/ HTTP/1.1" 200 344
[27/Aug/2026 06:51:36] "GET /api/latest-detections/ HTTP/1.1" 200 344
[27/Aug/2026 06:51:36] "GET /api/drone-location/ HTTP/1.1" 200 398
[27/Aug/2026 06:51:36] "GET /api/latest-detections/ HTTP/1.1" 200 344
[27/Aug/2026 06:51:36] "GET /api/latest-detections/ HTTP/1.1" 200 344
[27/Aug/2026 06:51:37] "GET /api/latest-detections/ HTTP/1.1" 200 344
[27/Aug/2026 06:51:37] "GET /api/drone-location/ HTTP/1.1" 200 398
[27/Aug/2026 06:51:37] "GET /api/latest-detections/ HTTP/1.1" 200 344
[27/Aug/2026 06:51:37] "GET /api/system-status/ HTTP/1.1" 200 478
[27/Aug/2026 06:51:37] "GET /api/latest-detections/ HTTP/1.1" 200 344
[27/Aug/2026 06:51:37] "GET /api/latest-detections/ HTTP/1.1" 200 344
[27/Aug/2026 06:51:38] "GET /api/latest-detections/ HTTP/1.1" 200 344
[27/Aug/2026 06:51:38] "GET /api/drone-location/ HTTP/1.1" 200 398
[27/Aug/2026 06:51:38] "GET /api/latest-detections/ HTTP/1.1" 200 344
[27/Aug/2026 06:51:38] "GET /api/latest-detections/ HTTP/1.1" 200 344
[27/Aug/2026 06:51:39] "GET /api/latest-detections/ HTTP/1.1" 200 344
[27/Aug/2026 06:51:39] "GET /api/drone-location/ HTTP/1.1" 200 399
[27/Aug/2026 06:51:39] "GET /api/latest-detections/ HTTP/1.1" 200 344
[27/Aug/2026 06:51:39] "GET /api/latest-detections/ HTTP/1.1" 200 344
[27/Aug/2026 06:51:40] "GET /api/latest-detections/ HTTP/1.1" 200 344
[27/Aug/2026 06:51:40] "GET /api/latest-detections/ HTTP/1.1" 200 344
[27/Aug/2026 06:51:40] "GET /api/drone-location/ HTTP/1.1" 200 399
[27/Aug/2026 06:51:40] "GET /api/system-status/ HTTP/1.1" 200 478
[27/Aug/2026 06:51:40] "GET /api/latest-detections/ HTTP/1.1" 200 344
[27/Aug/2026 06:51:40] "GET /api/latest-detections/ HTTP/1.1" 200 344
[27/Aug/2026 06:51:41] "GET /api/latest-detections/ HTTP/1.1" 200 344
[27/Aug/2026 06:51:41] "GET /api/drone-location/ HTTP/1.1" 200 398
[27/Aug/2026 06:51:41] "GET /api/latest-detections/ HTTP/1.1" 200 344
[27/Aug/2026 06:51:41] "GET /api/latest-detections/ HTTP/1.1" 200 344
[27/Aug/2026 06:51:42] "GET /api/latest-detections/ HTTP/1.1" 200 344
[27/Aug/2026 06:51:42] "GET /api/drone-location/ HTTP/1.1" 200 398
[27/Aug/2026 06:51:42] "GET /api/latest-detections/ HTTP/1.1" 200 344
[27/Aug/2026 06:51:42] "GET /api/latest-detections/ HTTP/1.1" 200 344
[27/Aug/2026 06:51:43] "GET /api/latest-detections/ HTTP/1.1" 200 344
[27/Aug/2026 06:51:43] "GET /api/latest-detections/ HTTP/1.1" 200 344
[27/Aug/2026 06:51:43] "GET /api/drone-location/ HTTP/1.1" 200 399
[27/Aug/2026 06:51:43] "GET /api/system-status/ HTTP/1.1" 200 478
[27/Aug/2026 06:51:43] "GET /api/latest-detections/ HTTP/1.1" 200 344
[27/Aug/2026 06:51:43] "GET /api/latest-detections/ HTTP/1.1" 200 344
[27/Aug/2026 06:51:44] "GET /api/latest-detections/ HTTP/1.1" 200 344
[27/Aug/2026 06:51:44] "GET /api/drone-location/ HTTP/1.1" 200 399
[27/Aug/2026 06:51:44] "GET /api/latest-detections/ HTTP/1.1" 200 344
[27/Aug/2026 06:51:44] "GET /api/latest-detections/ HTTP/1.1" 200 344
[27/Aug/2026 06:51:45] "GET /api/latest-detections/ HTTP/1.1" 200 344
[27/Aug/2026 06:51:45] "GET /api/drone-location/ HTTP/1.1" 200 398
[27/Aug/2026 06:51:45] "GET /api/latest-detections/ HTTP/1.1" 200 344
[27/Aug/2026 06:51:45] "GET /api/latest-detections/ HTTP/1.1" 200 344
[27/Aug/2026 06:51:46] "GET /api/latest-detections/ HTTP/1.1" 200 344
[27/Aug/2026 06:51:46] "GET /api/latest-detections/ HTTP/1.1" 200 344
[27/Aug/2026 06:51:46] "GET /api/drone-location/ HTTP/1.1" 200 398
[27/Aug/2026 06:51:46] "GET /api/system-status/ HTTP/1.1" 200 478
[27/Aug/2026 06:51:46] "GET /api/latest-detections/ HTTP/1.1" 200 344
[27/Aug/2026 06:51:46] "GET /api/latest-detections/ HTTP/1.1" 200 344
[27/Aug/2026 06:51:47] "GET /api/latest-detections/ HTTP/1.1" 200 344
[27/Aug/2026 06:51:47] "GET /api/drone-location/ HTTP/1.1" 200 398
[27/Aug/2026 06:51:47] "GET /api/latest-detections/ HTTP/1.1" 200 344
[27/Aug/2026 06:51:47] "GET /api/latest-detections/ HTTP/1.1" 200 344
[27/Aug/2026 06:51:48] "GET /api/latest-detections/ HTTP/1.1" 200 344
[27/Aug/2026 06:51:48] "GET /api/drone-location/ HTTP/1.1" 200 398
[27/Aug/2026 06:51:48] "GET /api/latest-detections/ HTTP/1.1" 200 344
[27/Aug/2026 06:51:48] "GET /api/latest-detections/ HTTP/1.1" 200 344
[27/Aug/2026 06:51:49] "GET /api/latest-detections/ HTTP/1.1" 200 344
[27/Aug/2026 06:51:49] "GET /api/drone-location/ HTTP/1.1" 200 398
[27/Aug/2026 06:51:49] "GET /api/latest-detections/ HTTP/1.1" 200 344
[27/Aug/2026 06:51:49] "GET /api/system-status/ HTTP/1.1" 200 479
[27/Aug/2026 06:51:49] "GET /api/latest-detections/ HTTP/1.1" 200 344
[27/Aug/2026 06:51:49] "GET /api/latest-detections/ HTTP/1.1" 200 344
[27/Aug/2026 06:51:50] "GET /api/latest-detections/ HTTP/1.1" 200 343
[27/Aug/2026 06:51:50] "GET /api/drone-location/ HTTP/1.1" 200 398
[27/Aug/2026 06:51:50] "GET /api/latest-detections/ HTTP/1.1" 200 344
[27/Aug/2026 06:51:50] "GET /api/latest-detections/ HTTP/1.1" 200 344
[27/Aug/2026 06:51:51] "GET /api/latest-detections/ HTTP/1.1" 200 344
[27/Aug/2026 06:51:51] "GET /api/drone-location/ HTTP/1.1" 200 398
[27/Aug/2026 06:51:51] "GET /api/latest-detections/ HTTP/1.1" 200 344
[27/Aug/2026 06:51:51] "GET /api/latest-detections/ HTTP/1.1" 200 344
[27/Aug/2026 06:51:52] "GET /api/latest-detections/ HTTP/1.1" 200 344
[27/Aug/2026 06:51:52] "GET /api/latest-detections/ HTTP/1.1" 200 344
[27/Aug/2026 06:51:52] "GET /api/drone-location/ HTTP/1.1" 200 398
[27/Aug/2026 06:51:52] "GET /api/system-status/ HTTP/1.1" 200 479
[27/Aug/2026 06:51:52] "GET /api/latest-detections/ HTTP/1.1" 200 344
[27/Aug/2026 06:51:52] "GET /api/latest-detections/ HTTP/1.1" 200 344
[27/Aug/2026 06:51:53] "GET /api/latest-detections/ HTTP/1.1" 200 344
[27/Aug/2026 06:51:53] "GET /api/drone-location/ HTTP/1.1" 200 397
[27/Aug/2026 06:51:53] "GET /api/latest-detections/ HTTP/1.1" 200 344
[27/Aug/2026 06:51:53] "GET /api/latest-detections/ HTTP/1.1" 200 344
[27/Aug/2026 06:51:54] "GET /api/latest-detections/ HTTP/1.1" 200 344
[27/Aug/2026 06:51:54] "GET /api/drone-location/ HTTP/1.1" 200 397
[27/Aug/2026 06:51:54] "GET /api/latest-detections/ HTTP/1.1" 200 344
[27/Aug/2026 06:51:54] "GET /api/latest-detections/ HTTP/1.1" 200 344
[27/Aug/2026 06:51:55] "GET /api/latest-detections/ HTTP/1.1" 200 344
[27/Aug/2026 06:51:55] "GET /api/latest-detections/ HTTP/1.1" 200 344
[27/Aug/2026 06:51:55] "GET /api/drone-location/ HTTP/1.1" 200 398
[27/Aug/2026 06:51:55] "GET /api/system-status/ HTTP/1.1" 200 479
[27/Aug/2026 06:51:55] "GET /dashboard/remote-control/ HTTP/1.1" 200 35380
[27/Aug/2026 06:51:55] "GET /api/latest-detections/ HTTP/1.1" 200 344
[27/Aug/2026 06:52:05] "GET /api/system-status/ HTTP/1.1" 200 480
[27/Aug/2026 06:55:44] "GET /dashboard/remote-control/ HTTP/1.1" 200 35380
[27/Aug/2026 06:55:44] "GET /dashboard/mission/ HTTP/1.1" 200 36918
[27/Aug/2026 06:55:53] "GET /dashboard/remote-control/ HTTP/1.1" 200 35380
[27/Aug/2026 06:56:50] "GET /dashboard/mission/ HTTP/1.1" 200 32880
[27/Aug/2026 06:56:50] "GET /api/drone-location/ HTTP/1.1" 200 399
[27/Aug/2026 06:56:50] "GET /api/latest-detections/ HTTP/1.1" 200 345
[27/Aug/2026 06:56:50] "GET /api/system-status/ HTTP/1.1" 200 480
[27/Aug/2026 06:56:51] "GET /api/latest-detections/ HTTP/1.1" 200 345
[27/Aug/2026 06:56:51] "GET /api/latest-detections/ HTTP/1.1" 200 345
[27/Aug/2026 06:56:51] "GET /api/latest-detections/ HTTP/1.1" 200 345
[27/Aug/2026 06:56:51] "GET /api/drone-location/ HTTP/1.1" 200 398
[27/Aug/2026 06:56:51] "GET /api/latest-detections/ HTTP/1.1" 200 345
[27/Aug/2026 06:56:52] "GET /api/latest-detections/ HTTP/1.1" 200 345
[27/Aug/2026 06:56:52] "GET /api/latest-detections/ HTTP/1.1" 200 345
[27/Aug/2026 06:56:52] "GET /api/drone-location/ HTTP/1.1" 200 398
[27/Aug/2026 06:56:52] "GET /api/latest-detections/ HTTP/1.1" 200 345
[27/Aug/2026 06:56:53] "GET /api/latest-detections/ HTTP/1.1" 200 345
[27/Aug/2026 06:56:53] "GET /api/latest-detections/ HTTP/1.1" 200 345
[27/Aug/2026 06:56:53] "GET /api/drone-location/ HTTP/1.1" 200 398
[27/Aug/2026 06:56:53] "GET /api/latest-detections/ HTTP/1.1" 200 345
[27/Aug/2026 06:56:53] "GET /api/system-status/ HTTP/1.1" 200 480
[27/Aug/2026 06:56:54] "GET /api/latest-detections/ HTTP/1.1" 200 344
[27/Aug/2026 06:56:54] "GET /api/latest-detections/ HTTP/1.1" 200 345
[27/Aug/2026 06:56:54] "GET /api/latest-detections/ HTTP/1.1" 200 345
[27/Aug/2026 06:56:54] "GET /api/drone-location/ HTTP/1.1" 200 398
[27/Aug/2026 06:56:54] "GET /api/latest-detections/ HTTP/1.1" 200 345
[27/Aug/2026 06:56:55] "GET /api/latest-detections/ HTTP/1.1" 200 345
[27/Aug/2026 06:56:55] "GET /api/latest-detections/ HTTP/1.1" 200 345
[27/Aug/2026 06:56:55] "GET /api/drone-location/ HTTP/1.1" 200 399
[27/Aug/2026 06:56:55] "GET /api/latest-detections/ HTTP/1.1" 200 345
[27/Aug/2026 06:56:56] "GET /api/latest-detections/ HTTP/1.1" 200 345
[27/Aug/2026 06:56:56] "GET /api/latest-detections/ HTTP/1.1" 200 345
[27/Aug/2026 06:56:56] "GET /api/latest-detections/ HTTP/1.1" 200 345
[27/Aug/2026 06:56:56] "GET /api/drone-location/ HTTP/1.1" 200 399
[27/Aug/2026 06:56:56] "GET /api/system-status/ HTTP/1.1" 200 480
[27/Aug/2026 06:56:57] "GET /api/latest-detections/ HTTP/1.1" 200 345
[27/Aug/2026 06:56:57] "GET /api/latest-detections/ HTTP/1.1" 200 345
[27/Aug/2026 06:56:57] "GET /api/latest-detections/ HTTP/1.1" 200 345
[27/Aug/2026 06:56:57] "GET /dashboard/remote-control/ HTTP/1.1" 200 34620
[27/Aug/2026 06:56:57] "GET /dashboard/mission/ HTTP/1.1" 200 32880
[27/Aug/2026 06:56:57] "GET /api/drone-location/ HTTP/1.1" 200 398
[27/Aug/2026 06:56:57] "GET /api/system-status/ HTTP/1.1" 200 480
[27/Aug/2026 06:56:57] "GET /api/latest-detections/ HTTP/1.1" 200 345
[27/Aug/2026 06:56:58] "GET /api/latest-detections/ HTTP/1.1" 200 345
[27/Aug/2026 06:56:58] "GET /api/latest-detections/ HTTP/1.1" 200 344
[27/Aug/2026 06:56:58] "GET /api/drone-location/ HTTP/1.1" 200 398
[27/Aug/2026 06:56:58] "GET /api/latest-detections/ HTTP/1.1" 200 345
[27/Aug/2026 06:56:59] "GET /api/latest-detections/ HTTP/1.1" 200 345
[27/Aug/2026 06:56:59] "GET /api/latest-detections/ HTTP/1.1" 200 345
[27/Aug/2026 06:56:59] "GET /api/latest-detections/ HTTP/1.1" 200 345
[27/Aug/2026 06:56:59] "GET /api/drone-location/ HTTP/1.1" 200 398
[27/Aug/2026 06:56:59] "GET /api/system-status/ HTTP/1.1" 200 480
[27/Aug/2026 06:57:00] "GET /api/latest-detections/ HTTP/1.1" 200 345
[27/Aug/2026 06:57:00] "GET /api/latest-detections/ HTTP/1.1" 200 345
[27/Aug/2026 06:57:00] "GET /api/latest-detections/ HTTP/1.1" 200 345
[27/Aug/2026 06:57:00] "GET /api/drone-location/ HTTP/1.1" 200 398
[27/Aug/2026 06:57:00] "GET /api/latest-detections/ HTTP/1.1" 200 345
[27/Aug/2026 06:57:01] "GET /api/latest-detections/ HTTP/1.1" 200 345
[27/Aug/2026 06:57:01] "GET /api/latest-detections/ HTTP/1.1" 200 345
[27/Aug/2026 06:57:01] "GET /api/drone-location/ HTTP/1.1" 200 398
[27/Aug/2026 06:57:01] "GET /api/latest-detections/ HTTP/1.1" 200 345
[27/Aug/2026 06:57:02] "GET /api/latest-detections/ HTTP/1.1" 200 345
[27/Aug/2026 06:57:02] "GET /api/latest-detections/ HTTP/1.1" 200 345
[27/Aug/2026 06:57:02] "GET /api/latest-detections/ HTTP/1.1" 200 344
[27/Aug/2026 06:57:02] "GET /api/drone-location/ HTTP/1.1" 200 398
[27/Aug/2026 06:57:02] "GET /api/system-status/ HTTP/1.1" 200 480
[27/Aug/2026 06:57:03] "GET /api/latest-detections/ HTTP/1.1" 200 345
[27/Aug/2026 06:57:03] "GET /api/latest-detections/ HTTP/1.1" 200 345
[27/Aug/2026 06:57:03] "GET /api/latest-detections/ HTTP/1.1" 200 345
[27/Aug/2026 06:57:03] "GET /api/drone-location/ HTTP/1.1" 200 398
[27/Aug/2026 06:57:03] "GET /api/latest-detections/ HTTP/1.1" 200 344
[27/Aug/2026 06:57:04] "GET /api/latest-detections/ HTTP/1.1" 200 345
[27/Aug/2026 06:57:04] "GET /api/latest-detections/ HTTP/1.1" 200 345
[27/Aug/2026 06:57:04] "GET /api/drone-location/ HTTP/1.1" 200 398
[27/Aug/2026 06:57:04] "GET /api/latest-detections/ HTTP/1.1" 200 345
[27/Aug/2026 06:57:05] "GET /api/latest-detections/ HTTP/1.1" 200 345
[27/Aug/2026 06:57:06] "GET /api/latest-detections/ HTTP/1.1" 200 345
[27/Aug/2026 06:57:06] "GET /api/drone-location/ HTTP/1.1" 200 398
[27/Aug/2026 06:57:06] "GET /api/system-status/ HTTP/1.1" 200 480
[27/Aug/2026 06:57:07] "GET /api/latest-detections/ HTTP/1.1" 200 345
[27/Aug/2026 06:57:07] "GET /api/drone-location/ HTTP/1.1" 200 398
[27/Aug/2026 06:57:08] "GET /api/latest-detections/ HTTP/1.1" 200 345
[27/Aug/2026 06:57:08] "GET /api/drone-location/ HTTP/1.1" 200 398
[27/Aug/2026 06:57:09] "GET /api/latest-detections/ HTTP/1.1" 200 345
[27/Aug/2026 06:57:09] "GET /api/drone-location/ HTTP/1.1" 200 398
[27/Aug/2026 06:57:09] "GET /api/system-status/ HTTP/1.1" 200 480
[27/Aug/2026 06:57:10] "GET /api/latest-detections/ HTTP/1.1" 200 345
[27/Aug/2026 06:57:10] "GET /api/drone-location/ HTTP/1.1" 200 399
[27/Aug/2026 06:57:11] "GET /api/latest-detections/ HTTP/1.1" 200 345
[27/Aug/2026 06:57:11] "GET /api/drone-location/ HTTP/1.1" 200 399
[27/Aug/2026 06:57:12] "GET /api/latest-detections/ HTTP/1.1" 200 345
[27/Aug/2026 06:57:12] "GET /api/drone-location/ HTTP/1.1" 200 399
[27/Aug/2026 06:57:12] "GET /api/system-status/ HTTP/1.1" 200 480
[27/Aug/2026 06:57:13] "GET /api/latest-detections/ HTTP/1.1" 200 345
[27/Aug/2026 06:57:13] "GET /api/drone-location/ HTTP/1.1" 200 399
[27/Aug/2026 06:57:14] "GET /api/latest-detections/ HTTP/1.1" 200 345
[27/Aug/2026 06:57:14] "GET /api/drone-location/ HTTP/1.1" 200 399
[27/Aug/2026 06:57:15] "GET /api/latest-detections/ HTTP/1.1" 200 345
[27/Aug/2026 06:57:15] "GET /api/drone-location/ HTTP/1.1" 200 399
[27/Aug/2026 06:57:15] "GET /api/system-status/ HTTP/1.1" 200 480
[27/Aug/2026 06:57:16] "GET /api/latest-detections/ HTTP/1.1" 200 345
[27/Aug/2026 06:57:16] "GET /api/drone-location/ HTTP/1.1" 200 398
[27/Aug/2026 06:57:17] "GET /api/latest-detections/ HTTP/1.1" 200 345
[27/Aug/2026 06:57:17] "GET /api/drone-location/ HTTP/1.1" 200 398
[27/Aug/2026 06:57:18] "GET /api/latest-detections/ HTTP/1.1" 200 345
[27/Aug/2026 06:57:18] "GET /api/drone-location/ HTTP/1.1" 200 398
[27/Aug/2026 06:57:18] "GET /api/system-status/ HTTP/1.1" 200 480
[27/Aug/2026 06:57:19] "GET /api/latest-detections/ HTTP/1.1" 200 345
[27/Aug/2026 06:57:19] "GET /api/drone-location/ HTTP/1.1" 200 398
[27/Aug/2026 06:57:20] "GET /api/latest-detections/ HTTP/1.1" 200 345
[27/Aug/2026 06:57:20] "GET /api/drone-location/ HTTP/1.1" 200 399
[27/Aug/2026 06:57:21] "GET /api/latest-detections/ HTTP/1.1" 200 345
[27/Aug/2026 06:57:21] "GET /api/drone-location/ HTTP/1.1" 200 399
[27/Aug/2026 06:57:21] "GET /api/system-status/ HTTP/1.1" 200 480
[27/Aug/2026 06:57:22] "GET /api/latest-detections/ HTTP/1.1" 200 345
[27/Aug/2026 06:57:22] "GET /api/drone-location/ HTTP/1.1" 200 399
[27/Aug/2026 06:57:23] "GET /api/latest-detections/ HTTP/1.1" 200 345
[27/Aug/2026 06:57:23] "GET /api/drone-location/ HTTP/1.1" 200 399
[27/Aug/2026 06:57:24] "GET /api/latest-detections/ HTTP/1.1" 200 345
[27/Aug/2026 06:57:24] "GET /api/drone-location/ HTTP/1.1" 200 398
[27/Aug/2026 06:57:24] "GET /api/system-status/ HTTP/1.1" 200 480
[27/Aug/2026 06:57:25] "GET /api/latest-detections/ HTTP/1.1" 200 345
[27/Aug/2026 06:57:25] "GET /api/drone-location/ HTTP/1.1" 200 398
[27/Aug/2026 06:57:26] "GET /api/latest-detections/ HTTP/1.1" 200 345
[27/Aug/2026 06:57:26] "GET /api/drone-location/ HTTP/1.1" 200 399
[27/Aug/2026 06:57:27] "GET /api/latest-detections/ HTTP/1.1" 200 345
[27/Aug/2026 06:57:27] "GET /api/drone-location/ HTTP/1.1" 200 399
[27/Aug/2026 06:57:27] "GET /api/system-status/ HTTP/1.1" 200 480
[27/Aug/2026 06:57:28] "GET /api/latest-detections/ HTTP/1.1" 200 345
[27/Aug/2026 06:57:28] "GET /api/drone-location/ HTTP/1.1" 200 398
[27/Aug/2026 06:57:29] "GET /api/latest-detections/ HTTP/1.1" 200 345
[27/Aug/2026 06:57:29] "GET /api/drone-location/ HTTP/1.1" 200 398
[27/Aug/2026 06:57:30] "GET /api/latest-detections/ HTTP/1.1" 200 345
[27/Aug/2026 06:57:30] "GET /api/drone-location/ HTTP/1.1" 200 399
[27/Aug/2026 06:57:30] "GET /api/system-status/ HTTP/1.1" 200 480
[27/Aug/2026 06:57:31] "GET /api/latest-detections/ HTTP/1.1" 200 345
[27/Aug/2026 06:57:31] "GET /api/drone-location/ HTTP/1.1" 200 399
[27/Aug/2026 06:57:32] "GET /api/latest-detections/ HTTP/1.1" 200 345
[27/Aug/2026 06:57:32] "GET /api/drone-location/ HTTP/1.1" 200 398
[27/Aug/2026 06:57:33] "GET /api/latest-detections/ HTTP/1.1" 200 345
[27/Aug/2026 06:57:33] "GET /api/drone-location/ HTTP/1.1" 200 398
[27/Aug/2026 06:57:33] "GET /api/system-status/ HTTP/1.1" 200 480
[27/Aug/2026 06:57:34] "GET /api/latest-detections/ HTTP/1.1" 200 345
[27/Aug/2026 06:57:34] "GET /api/drone-location/ HTTP/1.1" 200 399
[27/Aug/2026 06:57:35] "GET /api/latest-detections/ HTTP/1.1" 200 345
[27/Aug/2026 06:57:35] "GET /api/drone-location/ HTTP/1.1" 200 399
[27/Aug/2026 06:57:36] "GET /api/latest-detections/ HTTP/1.1" 200 345
[27/Aug/2026 06:57:36] "GET /api/drone-location/ HTTP/1.1" 200 399
[27/Aug/2026 06:57:36] "GET /api/system-status/ HTTP/1.1" 200 480
[27/Aug/2026 06:57:37] "GET /api/latest-detections/ HTTP/1.1" 200 345
[27/Aug/2026 06:57:37] "GET /api/drone-location/ HTTP/1.1" 200 399
[27/Aug/2026 06:57:38] "GET /api/latest-detections/ HTTP/1.1" 200 345
[27/Aug/2026 06:57:38] "GET /api/drone-location/ HTTP/1.1" 200 398
[27/Aug/2026 06:57:39] "GET /api/latest-detections/ HTTP/1.1" 200 345
[27/Aug/2026 06:57:39] "GET /api/drone-location/ HTTP/1.1" 200 398
[27/Aug/2026 06:57:39] "GET /api/system-status/ HTTP/1.1" 200 480
[27/Aug/2026 06:57:40] "GET /api/latest-detections/ HTTP/1.1" 200 345
[27/Aug/2026 06:57:40] "GET /api/drone-location/ HTTP/1.1" 200 399
[27/Aug/2026 06:57:41] "GET /api/latest-detections/ HTTP/1.1" 200 345
[27/Aug/2026 06:57:41] "GET /api/drone-location/ HTTP/1.1" 200 399
[27/Aug/2026 06:57:42] "GET /api/latest-detections/ HTTP/1.1" 200 345
[27/Aug/2026 06:57:42] "GET /api/drone-location/ HTTP/1.1" 200 399
[27/Aug/2026 06:57:42] "GET /api/system-status/ HTTP/1.1" 200 480
[27/Aug/2026 06:57:43] "GET /api/latest-detections/ HTTP/1.1" 200 345
[27/Aug/2026 06:57:43] "GET /api/drone-location/ HTTP/1.1" 200 399
[27/Aug/2026 06:57:44] "GET /api/latest-detections/ HTTP/1.1" 200 345
[27/Aug/2026 06:57:44] "GET /api/drone-location/ HTTP/1.1" 200 399
[27/Aug/2026 06:57:45] "GET /api/latest-detections/ HTTP/1.1" 200 345
[27/Aug/2026 06:57:45] "GET /api/drone-location/ HTTP/1.1" 200 399
[27/Aug/2026 06:57:45] "GET /api/system-status/ HTTP/1.1" 200 480
[27/Aug/2026 06:57:46] "GET /api/latest-detections/ HTTP/1.1" 200 345
[27/Aug/2026 06:57:46] "GET /api/drone-location/ HTTP/1.1" 200 399
[27/Aug/2026 06:57:47] "GET /api/latest-detections/ HTTP/1.1" 200 345
[27/Aug/2026 06:57:47] "GET /api/drone-location/ HTTP/1.1" 200 399
[27/Aug/2026 06:57:48] "GET /api/latest-detections/ HTTP/1.1" 200 345
[27/Aug/2026 06:57:48] "GET /api/drone-location/ HTTP/1.1" 200 399
[27/Aug/2026 06:57:48] "GET /api/system-status/ HTTP/1.1" 200 480
[27/Aug/2026 06:57:49] "GET /api/latest-detections/ HTTP/1.1" 200 345
[27/Aug/2026 06:57:49] "GET /api/drone-location/ HTTP/1.1" 200 399
[27/Aug/2026 06:57:50] "GET /api/latest-detections/ HTTP/1.1" 200 345
[27/Aug/2026 06:57:50] "GET /api/drone-location/ HTTP/1.1" 200 398
[27/Aug/2026 06:57:51] "GET /api/latest-detections/ HTTP/1.1" 200 345
[27/Aug/2026 06:57:51] "GET /api/drone-location/ HTTP/1.1" 200 398
[27/Aug/2026 06:57:51] "GET /api/system-status/ HTTP/1.1" 200 480
[27/Aug/2026 06:57:52] "GET /api/latest-detections/ HTTP/1.1" 200 345
[27/Aug/2026 06:57:52] "GET /api/drone-location/ HTTP/1.1" 200 398
[27/Aug/2026 06:57:53] "GET /api/latest-detections/ HTTP/1.1" 200 345
[27/Aug/2026 06:57:53] "GET /api/drone-location/ HTTP/1.1" 200 398
[27/Aug/2026 06:57:54] "GET /api/latest-detections/ HTTP/1.1" 200 345
[27/Aug/2026 06:57:54] "GET /api/drone-location/ HTTP/1.1" 200 399
[27/Aug/2026 06:57:54] "GET /api/system-status/ HTTP/1.1" 200 480
[27/Aug/2026 06:57:55] "GET /api/latest-detections/ HTTP/1.1" 200 345
[27/Aug/2026 06:57:55] "GET /api/drone-location/ HTTP/1.1" 200 399
[27/Aug/2026 06:57:56] "GET /api/latest-detections/ HTTP/1.1" 200 345
[27/Aug/2026 06:57:56] "GET /api/drone-location/ HTTP/1.1" 200 398
[27/Aug/2026 06:57:57] "GET /api/latest-detections/ HTTP/1.1" 200 345
[27/Aug/2026 06:57:57] "GET /api/drone-location/ HTTP/1.1" 200 398
[27/Aug/2026 06:57:57] "GET /api/system-status/ HTTP/1.1" 200 480
[27/Aug/2026 06:57:58] "GET /api/latest-detections/ HTTP/1.1" 200 345
[27/Aug/2026 06:57:58] "GET /api/drone-location/ HTTP/1.1" 200 399
[27/Aug/2026 06:57:59] "GET /api/latest-detections/ HTTP/1.1" 200 345
[27/Aug/2026 06:57:59] "GET /api/drone-location/ HTTP/1.1" 200 399
[27/Aug/2026 06:58:00] "GET /api/latest-detections/ HTTP/1.1" 200 345
[27/Aug/2026 06:58:00] "GET /api/drone-location/ HTTP/1.1" 200 399
[27/Aug/2026 06:58:00] "GET /api/system-status/ HTTP/1.1" 200 480
[27/Aug/2026 06:58:01] "GET /api/latest-detections/ HTTP/1.1" 200 345
[27/Aug/2026 06:58:01] "GET /api/drone-location/ HTTP/1.1" 200 399
[27/Aug/2026 06:58:02] "GET /api/latest-detections/ HTTP/1.1" 200 345
[27/Aug/2026 06:58:02] "GET /api/drone-location/ HTTP/1.1" 200 398
[27/Aug/2026 06:58:03] "GET /api/latest-detections/ HTTP/1.1" 200 345
[27/Aug/2026 06:58:03] "GET /api/drone-location/ HTTP/1.1" 200 398
[27/Aug/2026 06:58:03] "GET /api/system-status/ HTTP/1.1" 200 480
[27/Aug/2026 06:58:04] "GET /api/latest-detections/ HTTP/1.1" 200 345
[27/Aug/2026 06:58:04] "GET /api/drone-location/ HTTP/1.1" 200 399
[27/Aug/2026 06:58:15] "GET /api/drone-location/ HTTP/1.1" 200 399
[27/Aug/2026 06:58:15] "GET /api/latest-detections/ HTTP/1.1" 200 345
[27/Aug/2026 06:58:15] "GET /api/drone-location/ HTTP/1.1" 200 399
[27/Aug/2026 06:58:15] "GET /api/latest-detections/ HTTP/1.1" 200 345
[27/Aug/2026 06:58:15] "GET /api/drone-location/ HTTP/1.1" 200 399
[27/Aug/2026 06:58:15] "GET /api/latest-detections/ HTTP/1.1" 200 345
[27/Aug/2026 06:58:15] "GET /api/system-status/ HTTP/1.1" 200 480
[27/Aug/2026 06:58:15] "GET /api/latest-detections/ HTTP/1.1" 200 345
[27/Aug/2026 06:58:15] "GET /api/drone-location/ HTTP/1.1" 200 399
[27/Aug/2026 06:58:15] "GET /api/latest-detections/ HTTP/1.1" 200 345
[27/Aug/2026 06:58:15] "GET /api/latest-detections/ HTTP/1.1" 200 345
[27/Aug/2026 06:58:16] "GET /api/latest-detections/ HTTP/1.1" 200 345
[27/Aug/2026 06:58:16] "GET /api/drone-location/ HTTP/1.1" 200 399
[27/Aug/2026 06:58:17] "GET /api/latest-detections/ HTTP/1.1" 200 345
[27/Aug/2026 06:58:17] "GET /api/drone-location/ HTTP/1.1" 200 399
[27/Aug/2026 06:58:18] "GET /api/latest-detections/ HTTP/1.1" 200 345
[27/Aug/2026 06:58:18] "GET /api/drone-location/ HTTP/1.1" 200 398
[27/Aug/2026 06:58:18] "GET /api/system-status/ HTTP/1.1" 200 480
[27/Aug/2026 06:58:19] "GET /api/latest-detections/ HTTP/1.1" 200 345
[27/Aug/2026 06:58:19] "GET /api/drone-location/ HTTP/1.1" 200 398
[27/Aug/2026 06:58:20] "GET /api/latest-detections/ HTTP/1.1" 200 345
[27/Aug/2026 06:58:20] "GET /api/drone-location/ HTTP/1.1" 200 399
[27/Aug/2026 06:58:21] "GET /api/latest-detections/ HTTP/1.1" 200 345
[27/Aug/2026 06:58:21] "GET /api/drone-location/ HTTP/1.1" 200 399
[27/Aug/2026 06:58:21] "GET /api/system-status/ HTTP/1.1" 200 480
[27/Aug/2026 06:58:22] "GET /api/latest-detections/ HTTP/1.1" 200 345
[27/Aug/2026 06:58:22] "GET /api/drone-location/ HTTP/1.1" 200 399
[27/Aug/2026 06:58:23] "GET /api/latest-detections/ HTTP/1.1" 200 345
[27/Aug/2026 06:58:23] "GET /api/drone-location/ HTTP/1.1" 200 399
[27/Aug/2026 06:58:23] "GET /api/latest-detections/ HTTP/1.1" 200 345
[27/Aug/2026 06:58:23] "GET /api/drone-location/ HTTP/1.1" 200 399
[27/Aug/2026 06:58:23] "GET /api/system-status/ HTTP/1.1" 200 480
[27/Aug/2026 06:58:24] "GET /api/latest-detections/ HTTP/1.1" 200 345
[27/Aug/2026 06:58:24] "GET /api/latest-detections/ HTTP/1.1" 200 345
[27/Aug/2026 06:58:24] "GET /api/latest-detections/ HTTP/1.1" 200 345
[27/Aug/2026 06:58:24] "GET /api/drone-location/ HTTP/1.1" 200 398
[27/Aug/2026 06:58:25] "GET /api/latest-detections/ HTTP/1.1" 200 345
[27/Aug/2026 06:58:26] "GET /api/latest-detections/ HTTP/1.1" 200 345
[27/Aug/2026 06:58:26] "GET /api/drone-location/ HTTP/1.1" 200 398
[27/Aug/2026 06:58:27] "GET /api/latest-detections/ HTTP/1.1" 200 345
[27/Aug/2026 06:58:27] "GET /api/drone-location/ HTTP/1.1" 200 398
[27/Aug/2026 06:58:27] "GET /api/system-status/ HTTP/1.1" 200 480
[27/Aug/2026 06:58:28] "GET /api/latest-detections/ HTTP/1.1" 200 345
[27/Aug/2026 06:58:28] "GET /api/drone-location/ HTTP/1.1" 200 398
[27/Aug/2026 06:58:29] "GET /api/latest-detections/ HTTP/1.1" 200 345
[27/Aug/2026 06:58:29] "GET /api/drone-location/ HTTP/1.1" 200 398
[27/Aug/2026 06:58:30] "GET /api/latest-detections/ HTTP/1.1" 200 345
[27/Aug/2026 06:58:30] "GET /api/drone-location/ HTTP/1.1" 200 399
[27/Aug/2026 06:58:30] "GET /api/system-status/ HTTP/1.1" 200 480
[27/Aug/2026 06:58:31] "GET /api/latest-detections/ HTTP/1.1" 200 345
[27/Aug/2026 06:58:31] "GET /api/drone-location/ HTTP/1.1" 200 399
[27/Aug/2026 06:58:32] "GET /api/latest-detections/ HTTP/1.1" 200 345
[27/Aug/2026 06:58:32] "GET /api/drone-location/ HTTP/1.1" 200 399
[27/Aug/2026 06:58:33] "GET /api/latest-detections/ HTTP/1.1" 200 345
[27/Aug/2026 06:58:33] "GET /api/drone-location/ HTTP/1.1" 200 399
[27/Aug/2026 06:58:33] "GET /api/system-status/ HTTP/1.1" 200 480
[27/Aug/2026 06:58:34] "GET /api/latest-detections/ HTTP/1.1" 200 345
[27/Aug/2026 06:58:34] "GET /api/drone-location/ HTTP/1.1" 200 399
[27/Aug/2026 06:58:35] "GET /api/latest-detections/ HTTP/1.1" 200 345
[27/Aug/2026 06:58:35] "GET /api/drone-location/ HTTP/1.1" 200 399
[27/Aug/2026 06:58:36] "GET /api/latest-detections/ HTTP/1.1" 200 345
[27/Aug/2026 06:58:36] "GET /api/drone-location/ HTTP/1.1" 200 399
[27/Aug/2026 06:58:36] "GET /api/system-status/ HTTP/1.1" 200 480
[27/Aug/2026 06:58:37] "GET /api/latest-detections/ HTTP/1.1" 200 345
[27/Aug/2026 06:58:37] "GET /api/drone-location/ HTTP/1.1" 200 399
[27/Aug/2026 06:58:38] "GET /api/latest-detections/ HTTP/1.1" 200 345
[27/Aug/2026 06:58:38] "GET /api/drone-location/ HTTP/1.1" 200 399
[27/Aug/2026 06:58:39] "GET /api/latest-detections/ HTTP/1.1" 200 345
[27/Aug/2026 06:58:39] "GET /api/drone-location/ HTTP/1.1" 200 399
[27/Aug/2026 06:58:39] "GET /api/system-status/ HTTP/1.1" 200 480
[27/Aug/2026 06:58:40] "GET /api/latest-detections/ HTTP/1.1" 200 345
[27/Aug/2026 06:58:40] "GET /api/drone-location/ HTTP/1.1" 200 399
[27/Aug/2026 06:58:41] "GET /api/latest-detections/ HTTP/1.1" 200 345
[27/Aug/2026 06:58:41] "GET /api/drone-location/ HTTP/1.1" 200 399
[27/Aug/2026 06:58:41] "GET /api/latest-detections/ HTTP/1.1" 200 345
[27/Aug/2026 06:58:41] "GET /api/latest-detections/ HTTP/1.1" 200 345
[27/Aug/2026 06:58:41] "GET /api/latest-detections/ HTTP/1.1" 200 345
[27/Aug/2026 06:58:41] "GET /api/drone-location/ HTTP/1.1" 200 399
[27/Aug/2026 06:58:41] "GET /api/system-status/ HTTP/1.1" 200 480
[27/Aug/2026 06:58:42] "GET /api/latest-detections/ HTTP/1.1" 200 345
[27/Aug/2026 06:58:42] "GET /api/latest-detections/ HTTP/1.1" 200 345
[27/Aug/2026 06:58:42] "GET /api/latest-detections/ HTTP/1.1" 200 345
[27/Aug/2026 06:58:42] "GET /api/drone-location/ HTTP/1.1" 200 398
[27/Aug/2026 06:58:42] "GET /api/latest-detections/ HTTP/1.1" 200 345
[27/Aug/2026 06:58:43] "GET /api/latest-detections/ HTTP/1.1" 200 345
[27/Aug/2026 06:58:43] "GET /api/latest-detections/ HTTP/1.1" 200 345
[27/Aug/2026 06:58:43] "GET /api/drone-location/ HTTP/1.1" 200 398
[27/Aug/2026 06:58:43] "GET /api/latest-detections/ HTTP/1.1" 200 345
[27/Aug/2026 06:58:44] "GET /api/latest-detections/ HTTP/1.1" 200 345
[27/Aug/2026 06:58:44] "GET /dashboard/mission/ HTTP/1.1" 200 32880
[27/Aug/2026 06:58:44] "GET /api/latest-detections/ HTTP/1.1" 200 345
[27/Aug/2026 06:58:44] "GET /api/drone-location/ HTTP/1.1" 200 398
[27/Aug/2026 06:58:44] "GET /api/system-status/ HTTP/1.1" 200 480
[27/Aug/2026 06:58:44] "GET /api/latest-detections/ HTTP/1.1" 200 345
Not Found: /favicon.ico
[27/Aug/2026 06:58:45] "GET /favicon.ico HTTP/1.1" 404 6772
[27/Aug/2026 06:58:45] "GET /api/latest-detections/ HTTP/1.1" 200 345
[27/Aug/2026 06:58:45] "GET /api/latest-detections/ HTTP/1.1" 200 345
[27/Aug/2026 06:58:45] "GET /api/drone-location/ HTTP/1.1" 200 398
[27/Aug/2026 06:58:45] "GET /api/latest-detections/ HTTP/1.1" 200 345
[27/Aug/2026 06:58:46] "GET /api/latest-detections/ HTTP/1.1" 200 345
[27/Aug/2026 06:58:46] "GET /api/latest-detections/ HTTP/1.1" 200 345
[27/Aug/2026 06:58:46] "GET /api/drone-location/ HTTP/1.1" 200 398
[27/Aug/2026 06:58:46] "GET /api/latest-detections/ HTTP/1.1" 200 345
[27/Aug/2026 06:58:47] "GET /api/latest-detections/ HTTP/1.1" 200 345
[27/Aug/2026 06:58:47] "GET /api/latest-detections/ HTTP/1.1" 200 344
[27/Aug/2026 06:58:47] "GET /api/latest-detections/ HTTP/1.1" 200 345
[27/Aug/2026 06:58:47] "GET /api/drone-location/ HTTP/1.1" 200 398
[27/Aug/2026 06:58:47] "GET /api/system-status/ HTTP/1.1" 200 480
[27/Aug/2026 06:58:47] "GET /api/latest-detections/ HTTP/1.1" 200 345
[27/Aug/2026 06:58:48] "GET /api/latest-detections/ HTTP/1.1" 200 345
[27/Aug/2026 06:58:48] "GET /api/latest-detections/ HTTP/1.1" 200 345
[27/Aug/2026 06:58:48] "GET /api/drone-location/ HTTP/1.1" 200 399
[27/Aug/2026 06:58:48] "GET /api/latest-detections/ HTTP/1.1" 200 345
[27/Aug/2026 06:58:49] "GET /api/latest-detections/ HTTP/1.1" 200 345
[27/Aug/2026 06:58:49] "GET /api/latest-detections/ HTTP/1.1" 200 345
[27/Aug/2026 06:58:49] "GET /api/drone-location/ HTTP/1.1" 200 399
[27/Aug/2026 06:58:49] "GET /api/latest-detections/ HTTP/1.1" 200 345
[27/Aug/2026 06:58:50] "GET /api/latest-detections/ HTTP/1.1" 200 345
[27/Aug/2026 06:58:51] "GET /api/latest-detections/ HTTP/1.1" 200 345
[27/Aug/2026 06:58:51] "GET /api/drone-location/ HTTP/1.1" 200 399
[27/Aug/2026 06:58:51] "GET /api/system-status/ HTTP/1.1" 200 480
[27/Aug/2026 06:58:52] "GET /api/latest-detections/ HTTP/1.1" 200 345
[27/Aug/2026 06:58:52] "GET /api/drone-location/ HTTP/1.1" 200 398
[27/Aug/2026 06:58:53] "GET /api/latest-detections/ HTTP/1.1" 200 345
[27/Aug/2026 06:58:53] "GET /api/drone-location/ HTTP/1.1" 200 398
[27/Aug/2026 06:58:53] "GET /api/latest-detections/ HTTP/1.1" 200 345
[27/Aug/2026 06:58:53] "GET /api/latest-detections/ HTTP/1.1" 200 345
[27/Aug/2026 06:58:53] "GET /api/drone-location/ HTTP/1.1" 200 398
[27/Aug/2026 06:58:53] "GET /api/system-status/ HTTP/1.1" 200 480
[27/Aug/2026 06:58:53] "GET /api/latest-detections/ HTTP/1.1" 200 344
[27/Aug/2026 06:58:54] "GET /api/latest-detections/ HTTP/1.1" 200 345
[27/Aug/2026 06:58:54] "GET /api/latest-detections/ HTTP/1.1" 200 345
[27/Aug/2026 06:58:54] "GET /api/drone-location/ HTTP/1.1" 200 398
[27/Aug/2026 06:58:54] "GET /api/latest-detections/ HTTP/1.1" 200 344
[27/Aug/2026 06:58:55] "GET /api/latest-detections/ HTTP/1.1" 200 345
[27/Aug/2026 06:58:55] "GET /api/latest-detections/ HTTP/1.1" 200 344
[27/Aug/2026 06:58:55] "GET /api/drone-location/ HTTP/1.1" 200 398
[27/Aug/2026 06:58:55] "GET /api/latest-detections/ HTTP/1.1" 200 345
[27/Aug/2026 06:58:56] "GET /api/latest-detections/ HTTP/1.1" 200 345
[27/Aug/2026 06:58:56] "GET /api/latest-detections/ HTTP/1.1" 200 345
[27/Aug/2026 06:58:56] "GET /api/latest-detections/ HTTP/1.1" 200 345
[27/Aug/2026 06:58:56] "GET /api/drone-location/ HTTP/1.1" 200 399
[27/Aug/2026 06:58:56] "GET /api/system-status/ HTTP/1.1" 200 480
[27/Aug/2026 06:58:56] "GET /api/latest-detections/ HTTP/1.1" 200 345
[27/Aug/2026 06:58:57] "GET /api/latest-detections/ HTTP/1.1" 200 345
[27/Aug/2026 06:58:57] "GET /api/latest-detections/ HTTP/1.1" 200 345
[27/Aug/2026 06:58:57] "GET /api/drone-location/ HTTP/1.1" 200 399
[27/Aug/2026 06:58:57] "GET /api/latest-detections/ HTTP/1.1" 200 345
[27/Aug/2026 06:58:58] "GET /api/latest-detections/ HTTP/1.1" 200 345
[27/Aug/2026 06:58:58] "GET /api/latest-detections/ HTTP/1.1" 200 344
[27/Aug/2026 06:58:58] "GET /api/drone-location/ HTTP/1.1" 200 399
[27/Aug/2026 06:58:58] "GET /api/latest-detections/ HTTP/1.1" 200 345
[27/Aug/2026 06:58:59] "GET /api/latest-detections/ HTTP/1.1" 200 345
[27/Aug/2026 06:58:59] "GET /api/latest-detections/ HTTP/1.1" 200 345
[27/Aug/2026 06:58:59] "GET /api/latest-detections/ HTTP/1.1" 200 345
[27/Aug/2026 06:58:59] "GET /api/drone-location/ HTTP/1.1" 200 399
[27/Aug/2026 06:58:59] "GET /api/system-status/ HTTP/1.1" 200 480
[27/Aug/2026 06:58:59] "GET /api/latest-detections/ HTTP/1.1" 200 345
[27/Aug/2026 06:59:01] "GET /api/latest-detections/ HTTP/1.1" 200 345
[27/Aug/2026 06:59:01] "GET /api/drone-location/ HTTP/1.1" 200 399
[27/Aug/2026 06:59:02] "GET /api/latest-detections/ HTTP/1.1" 200 345
[27/Aug/2026 06:59:02] "GET /api/drone-location/ HTTP/1.1" 200 399
[27/Aug/2026 06:59:03] "GET /api/latest-detections/ HTTP/1.1" 200 345
[27/Aug/2026 06:59:03] "GET /api/drone-location/ HTTP/1.1" 200 399
[27/Aug/2026 06:59:03] "GET /api/system-status/ HTTP/1.1" 200 480
[27/Aug/2026 06:59:04] "GET /api/latest-detections/ HTTP/1.1" 200 345
[27/Aug/2026 06:59:04] "GET /api/drone-location/ HTTP/1.1" 200 399
[27/Aug/2026 06:59:05] "GET /api/latest-detections/ HTTP/1.1" 200 345
[27/Aug/2026 06:59:05] "GET /api/drone-location/ HTTP/1.1" 200 399
[27/Aug/2026 06:59:06] "GET /api/latest-detections/ HTTP/1.1" 200 345
[27/Aug/2026 06:59:06] "GET /api/drone-location/ HTTP/1.1" 200 399
[27/Aug/2026 06:59:06] "GET /api/system-status/ HTTP/1.1" 200 480
[27/Aug/2026 06:59:07] "GET /api/latest-detections/ HTTP/1.1" 200 345
[27/Aug/2026 06:59:07] "GET /api/drone-location/ HTTP/1.1" 200 399
[27/Aug/2026 06:59:07] "GET /api/latest-detections/ HTTP/1.1" 200 345
[27/Aug/2026 06:59:07] "GET /api/drone-location/ HTTP/1.1" 200 399
[27/Aug/2026 06:59:07] "GET /api/latest-detections/ HTTP/1.1" 200 344
[27/Aug/2026 06:59:08] "GET /api/latest-detections/ HTTP/1.1" 200 345
[27/Aug/2026 06:59:08] "GET /api/latest-detections/ HTTP/1.1" 200 345
[27/Aug/2026 06:59:08] "GET /api/latest-detections/ HTTP/1.1" 200 345
[27/Aug/2026 06:59:08] "GET /api/drone-location/ HTTP/1.1" 200 398
[27/Aug/2026 06:59:08] "GET /api/system-status/ HTTP/1.1" 200 480
[27/Aug/2026 06:59:08] "GET /api/latest-detections/ HTTP/1.1" 200 345
[27/Aug/2026 06:59:09] "GET /api/latest-detections/ HTTP/1.1" 200 344
[27/Aug/2026 06:59:09] "GET /api/latest-detections/ HTTP/1.1" 200 345
[27/Aug/2026 06:59:09] "GET /api/drone-location/ HTTP/1.1" 200 398
[27/Aug/2026 06:59:09] "GET /api/latest-detections/ HTTP/1.1" 200 345
[27/Aug/2026 06:59:10] "GET /api/latest-detections/ HTTP/1.1" 200 345
[27/Aug/2026 06:59:10] "GET /api/latest-detections/ HTTP/1.1" 200 345
[27/Aug/2026 06:59:10] "GET /api/drone-location/ HTTP/1.1" 200 398
[27/Aug/2026 06:59:10] "GET /api/latest-detections/ HTTP/1.1" 200 345
[27/Aug/2026 06:59:11] "GET /api/latest-detections/ HTTP/1.1" 200 345
[27/Aug/2026 06:59:11] "GET /api/latest-detections/ HTTP/1.1" 200 344
[27/Aug/2026 06:59:11] "GET /api/latest-detections/ HTTP/1.1" 200 345
[27/Aug/2026 06:59:11] "GET /api/drone-location/ HTTP/1.1" 200 398
[27/Aug/2026 06:59:11] "GET /api/system-status/ HTTP/1.1" 200 480
[27/Aug/2026 06:59:11] "GET /api/latest-detections/ HTTP/1.1" 200 345
[27/Aug/2026 06:59:13] "GET /api/latest-detections/ HTTP/1.1" 200 345
[27/Aug/2026 06:59:13] "GET /api/drone-location/ HTTP/1.1" 200 399
[27/Aug/2026 06:59:14] "GET /api/latest-detections/ HTTP/1.1" 200 345
[27/Aug/2026 06:59:14] "GET /api/drone-location/ HTTP/1.1" 200 399
[27/Aug/2026 06:59:15] "GET /api/latest-detections/ HTTP/1.1" 200 345
[27/Aug/2026 06:59:15] "GET /api/drone-location/ HTTP/1.1" 200 399
[27/Aug/2026 06:59:15] "GET /api/system-status/ HTTP/1.1" 200 480
[27/Aug/2026 06:59:16] "GET /api/latest-detections/ HTTP/1.1" 200 345
[27/Aug/2026 06:59:16] "GET /api/drone-location/ HTTP/1.1" 200 399
[27/Aug/2026 06:59:17] "GET /api/latest-detections/ HTTP/1.1" 200 345
[27/Aug/2026 06:59:17] "GET /api/drone-location/ HTTP/1.1" 200 399
[27/Aug/2026 06:59:18] "GET /api/latest-detections/ HTTP/1.1" 200 345
[27/Aug/2026 06:59:18] "GET /api/drone-location/ HTTP/1.1" 200 398
[27/Aug/2026 06:59:18] "GET /dji/login/ HTTP/1.1" 200 10986
Not Found: /favicon.ico
[27/Aug/2026 06:59:18] "GET /favicon.ico HTTP/1.1" 404 6772
[27/Aug/2026 06:59:18] "GET /api/system-status/ HTTP/1.1" 200 480
[27/Aug/2026 06:59:19] "GET /api/latest-detections/ HTTP/1.1" 200 345
[27/Aug/2026 06:59:19] "GET /api/drone-location/ HTTP/1.1" 200 398
[27/Aug/2026 06:59:20] "GET /api/latest-detections/ HTTP/1.1" 200 345
[27/Aug/2026 06:59:20] "GET /api/drone-location/ HTTP/1.1" 200 398
[27/Aug/2026 06:59:21] "GET /api/latest-detections/ HTTP/1.1" 200 345
[27/Aug/2026 06:59:21] "GET /api/drone-location/ HTTP/1.1" 200 398
[27/Aug/2026 06:59:21] "GET /api/system-status/ HTTP/1.1" 200 480
[27/Aug/2026 06:59:22] "GET /api/latest-detections/ HTTP/1.1" 200 345
[27/Aug/2026 06:59:22] "GET /api/drone-location/ HTTP/1.1" 200 398
[27/Aug/2026 06:59:23] "GET /api/latest-detections/ HTTP/1.1" 200 345
[27/Aug/2026 06:59:23] "GET /api/drone-location/ HTTP/1.1" 200 398
[27/Aug/2026 06:59:24] "GET /api/latest-detections/ HTTP/1.1" 200 345
[27/Aug/2026 06:59:24] "GET /api/drone-location/ HTTP/1.1" 200 398
[27/Aug/2026 06:59:24] "GET /api/system-status/ HTTP/1.1" 200 480
[27/Aug/2026 06:59:25] "GET /api/latest-detections/ HTTP/1.1" 200 345
[27/Aug/2026 06:59:25] "GET /api/drone-location/ HTTP/1.1" 200 398
[27/Aug/2026 06:59:26] "GET /api/latest-detections/ HTTP/1.1" 200 345
[27/Aug/2026 06:59:26] "GET /api/drone-location/ HTTP/1.1" 200 398
[27/Aug/2026 06:59:27] "GET /api/latest-detections/ HTTP/1.1" 200 345
[27/Aug/2026 06:59:27] "GET /api/drone-location/ HTTP/1.1" 200 398
[27/Aug/2026 06:59:27] "GET /api/system-status/ HTTP/1.1" 200 480
[27/Aug/2026 06:59:28] "GET /api/latest-detections/ HTTP/1.1" 200 345
[27/Aug/2026 06:59:28] "GET /api/drone-location/ HTTP/1.1" 200 398
[27/Aug/2026 06:59:29] "GET /api/latest-detections/ HTTP/1.1" 200 345
[27/Aug/2026 06:59:29] "GET /api/drone-location/ HTTP/1.1" 200 398
[27/Aug/2026 06:59:30] "GET /api/latest-detections/ HTTP/1.1" 200 345
[27/Aug/2026 06:59:30] "GET /api/drone-location/ HTTP/1.1" 200 398
[27/Aug/2026 06:59:30] "GET /api/system-status/ HTTP/1.1" 200 480
[27/Aug/2026 06:59:31] "GET /api/latest-detections/ HTTP/1.1" 200 345
[27/Aug/2026 06:59:31] "GET /api/drone-location/ HTTP/1.1" 200 398
[27/Aug/2026 06:59:32] "GET /api/latest-detections/ HTTP/1.1" 200 345
[27/Aug/2026 06:59:32] "GET /api/drone-location/ HTTP/1.1" 200 398
[27/Aug/2026 06:59:33] "GET /api/latest-detections/ HTTP/1.1" 200 345
[27/Aug/2026 06:59:33] "GET /api/drone-location/ HTTP/1.1" 200 398
[27/Aug/2026 06:59:33] "GET /api/system-status/ HTTP/1.1" 200 480
[27/Aug/2026 06:59:34] "GET /api/latest-detections/ HTTP/1.1" 200 345
[27/Aug/2026 06:59:34] "GET /api/drone-location/ HTTP/1.1" 200 398
[27/Aug/2026 06:59:35] "GET /api/latest-detections/ HTTP/1.1" 200 345
[27/Aug/2026 06:59:35] "GET /api/drone-location/ HTTP/1.1" 200 398
[27/Aug/2026 06:59:36] "GET /api/latest-detections/ HTTP/1.1" 200 345
[27/Aug/2026 06:59:36] "GET /api/drone-location/ HTTP/1.1" 200 398
[27/Aug/2026 06:59:36] "GET /api/system-status/ HTTP/1.1" 200 480
[27/Aug/2026 06:59:37] "GET /api/latest-detections/ HTTP/1.1" 200 345
[27/Aug/2026 06:59:37] "GET /api/drone-location/ HTTP/1.1" 200 398
[27/Aug/2026 06:59:38] "GET /api/latest-detections/ HTTP/1.1" 200 345
[27/Aug/2026 06:59:38] "GET /api/drone-location/ HTTP/1.1" 200 398
[27/Aug/2026 06:59:39] "GET /api/latest-detections/ HTTP/1.1" 200 345
[27/Aug/2026 06:59:39] "GET /api/drone-location/ HTTP/1.1" 200 398
[27/Aug/2026 06:59:39] "GET /api/system-status/ HTTP/1.1" 200 480
[27/Aug/2026 06:59:40] "GET /api/latest-detections/ HTTP/1.1" 200 345
[27/Aug/2026 06:59:40] "GET /api/drone-location/ HTTP/1.1" 200 398
[27/Aug/2026 06:59:41] "GET /api/latest-detections/ HTTP/1.1" 200 345
[27/Aug/2026 06:59:41] "GET /api/drone-location/ HTTP/1.1" 200 398
[27/Aug/2026 06:59:42] "GET /api/latest-detections/ HTTP/1.1" 200 345
[27/Aug/2026 06:59:42] "GET /api/drone-location/ HTTP/1.1" 200 398
[27/Aug/2026 06:59:42] "GET /api/system-status/ HTTP/1.1" 200 480
[27/Aug/2026 06:59:43] "GET /api/latest-detections/ HTTP/1.1" 200 345
[27/Aug/2026 06:59:43] "GET /api/drone-location/ HTTP/1.1" 200 398
[27/Aug/2026 06:59:44] "GET /api/latest-detections/ HTTP/1.1" 200 345
[27/Aug/2026 06:59:44] "GET /api/drone-location/ HTTP/1.1" 200 398
[27/Aug/2026 06:59:45] "GET /api/latest-detections/ HTTP/1.1" 200 345
[27/Aug/2026 06:59:45] "GET /api/drone-location/ HTTP/1.1" 200 398
[27/Aug/2026 06:59:45] "GET /api/system-status/ HTTP/1.1" 200 480
[27/Aug/2026 06:59:46] "GET /api/latest-detections/ HTTP/1.1" 200 345
[27/Aug/2026 06:59:46] "GET /api/drone-location/ HTTP/1.1" 200 398
[27/Aug/2026 06:59:47] "GET /api/latest-detections/ HTTP/1.1" 200 345
[27/Aug/2026 06:59:47] "GET /api/drone-location/ HTTP/1.1" 200 398
[27/Aug/2026 06:59:48] "GET /api/latest-detections/ HTTP/1.1" 200 345
[27/Aug/2026 06:59:48] "GET /api/drone-location/ HTTP/1.1" 200 455
[27/Aug/2026 06:59:48] "GET /api/system-status/ HTTP/1.1" 200 481
[27/Aug/2026 06:59:49] "GET /api/latest-detections/ HTTP/1.1" 200 345
[27/Aug/2026 06:59:49] "GET /api/drone-location/ HTTP/1.1" 200 455
[27/Aug/2026 06:59:50] "GET /api/latest-detections/ HTTP/1.1" 200 345
[27/Aug/2026 06:59:50] "GET /api/drone-location/ HTTP/1.1" 200 455
[27/Aug/2026 06:59:51] "GET /api/latest-detections/ HTTP/1.1" 200 345
[27/Aug/2026 06:59:51] "GET /api/drone-location/ HTTP/1.1" 200 455
[27/Aug/2026 06:59:51] "GET /api/system-status/ HTTP/1.1" 200 481
[27/Aug/2026 06:59:52] "GET /api/latest-detections/ HTTP/1.1" 200 345
[27/Aug/2026 06:59:52] "GET /api/drone-location/ HTTP/1.1" 200 455
[27/Aug/2026 06:59:53] "GET /api/latest-detections/ HTTP/1.1" 200 345
[27/Aug/2026 06:59:53] "GET /api/drone-location/ HTTP/1.1" 200 455
[27/Aug/2026 06:59:54] "GET /api/latest-detections/ HTTP/1.1" 200 345
[27/Aug/2026 06:59:54] "GET /api/drone-location/ HTTP/1.1" 200 455
[27/Aug/2026 06:59:54] "GET /api/system-status/ HTTP/1.1" 200 481
[27/Aug/2026 06:59:55] "GET /api/latest-detections/ HTTP/1.1" 200 345
[27/Aug/2026 06:59:55] "GET /api/drone-location/ HTTP/1.1" 200 455
[27/Aug/2026 06:59:56] "GET /api/latest-detections/ HTTP/1.1" 200 345
[27/Aug/2026 06:59:56] "GET /api/drone-location/ HTTP/1.1" 200 455
[27/Aug/2026 06:59:57] "GET /api/latest-detections/ HTTP/1.1" 200 345
[27/Aug/2026 06:59:57] "GET /api/drone-location/ HTTP/1.1" 200 455
[27/Aug/2026 06:59:57] "GET /api/system-status/ HTTP/1.1" 200 481
[27/Aug/2026 06:59:58] "GET /api/latest-detections/ HTTP/1.1" 200 345
[27/Aug/2026 06:59:58] "GET /api/drone-location/ HTTP/1.1" 200 455
[27/Aug/2026 06:59:59] "GET /api/latest-detections/ HTTP/1.1" 200 345
[27/Aug/2026 06:59:59] "GET /api/drone-location/ HTTP/1.1" 200 455
[27/Aug/2026 06:59:59] "GET /api/latest-detections/ HTTP/1.1" 200 345
[27/Aug/2026 06:59:59] "GET /api/latest-detections/ HTTP/1.1" 200 345
[27/Aug/2026 06:59:59] "GET /api/drone-location/ HTTP/1.1" 200 455
[27/Aug/2026 06:59:59] "GET /api/system-status/ HTTP/1.1" 200 481
[27/Aug/2026 06:59:59] "GET /api/latest-detections/ HTTP/1.1" 200 345
[27/Aug/2026 07:00:00] "GET /api/latest-detections/ HTTP/1.1" 200 344
[27/Aug/2026 07:00:01] "GET /api/latest-detections/ HTTP/1.1" 200 345
[27/Aug/2026 07:00:01] "GET /api/drone-location/ HTTP/1.1" 200 455
[27/Aug/2026 07:00:02] "GET /api/latest-detections/ HTTP/1.1" 200 345
[27/Aug/2026 07:00:02] "GET /api/drone-location/ HTTP/1.1" 200 455
[27/Aug/2026 07:00:03] "GET /api/latest-detections/ HTTP/1.1" 200 345
[27/Aug/2026 07:00:03] "GET /api/drone-location/ HTTP/1.1" 200 455
[27/Aug/2026 07:00:03] "GET /api/system-status/ HTTP/1.1" 200 481
[27/Aug/2026 07:00:04] "GET /api/latest-detections/ HTTP/1.1" 200 345
[27/Aug/2026 07:00:04] "GET /api/drone-location/ HTTP/1.1" 200 455
[27/Aug/2026 07:00:05] "GET /api/latest-detections/ HTTP/1.1" 200 345
[27/Aug/2026 07:00:05] "GET /api/drone-location/ HTTP/1.1" 200 455
[27/Aug/2026 07:00:06] "GET /api/latest-detections/ HTTP/1.1" 200 345
[27/Aug/2026 07:00:06] "GET /api/drone-location/ HTTP/1.1" 200 455
[27/Aug/2026 07:00:06] "GET /api/system-status/ HTTP/1.1" 200 481
[27/Aug/2026 07:00:07] "GET /api/latest-detections/ HTTP/1.1" 200 345
[27/Aug/2026 07:00:07] "GET /api/drone-location/ HTTP/1.1" 200 455
[27/Aug/2026 07:00:08] "GET /api/latest-detections/ HTTP/1.1" 200 345
[27/Aug/2026 07:00:08] "GET /api/drone-location/ HTTP/1.1" 200 455
[27/Aug/2026 07:00:09] "GET /api/latest-detections/ HTTP/1.1" 200 345
[27/Aug/2026 07:00:09] "GET /api/drone-location/ HTTP/1.1" 200 455
[27/Aug/2026 07:00:09] "GET /api/system-status/ HTTP/1.1" 200 481
[27/Aug/2026 07:00:10] "GET /api/latest-detections/ HTTP/1.1" 200 345
[27/Aug/2026 07:00:10] "GET /api/drone-location/ HTTP/1.1" 200 455
[27/Aug/2026 07:00:38] "GET /api/latest-detections/ HTTP/1.1" 200 345
[27/Aug/2026 07:00:38] "GET /api/drone-location/ HTTP/1.1" 200 455
[27/Aug/2026 07:00:39] "GET /api/latest-detections/ HTTP/1.1" 200 345
[27/Aug/2026 07:00:39] "GET /api/drone-location/ HTTP/1.1" 200 455
[27/Aug/2026 07:00:39] "GET /api/system-status/ HTTP/1.1" 200 481
[27/Aug/2026 07:00:40] "GET /api/latest-detections/ HTTP/1.1" 200 345
[27/Aug/2026 07:00:40] "GET /api/drone-location/ HTTP/1.1" 200 455
[27/Aug/2026 07:00:41] "GET /api/latest-detections/ HTTP/1.1" 200 345
[27/Aug/2026 07:00:41] "GET /api/drone-location/ HTTP/1.1" 200 455
[27/Aug/2026 07:00:42] "GET /api/latest-detections/ HTTP/1.1" 200 345
[27/Aug/2026 07:00:42] "GET /api/drone-location/ HTTP/1.1" 200 455
[27/Aug/2026 07:00:42] "GET /api/system-status/ HTTP/1.1" 200 481
[27/Aug/2026 07:00:43] "GET /api/latest-detections/ HTTP/1.1" 200 345
[27/Aug/2026 07:00:43] "GET /api/drone-location/ HTTP/1.1" 200 455
[27/Aug/2026 07:00:44] "GET /api/latest-detections/ HTTP/1.1" 200 345
[27/Aug/2026 07:00:44] "GET /api/drone-location/ HTTP/1.1" 200 455
[27/Aug/2026 07:00:45] "GET /api/latest-detections/ HTTP/1.1" 200 345
[27/Aug/2026 07:00:45] "GET /api/drone-location/ HTTP/1.1" 200 455
[27/Aug/2026 07:00:45] "GET /api/system-status/ HTTP/1.1" 200 481
[27/Aug/2026 07:00:46] "GET /api/latest-detections/ HTTP/1.1" 200 345
[27/Aug/2026 07:00:46] "GET /api/drone-location/ HTTP/1.1" 200 455
[27/Aug/2026 07:00:47] "GET /api/latest-detections/ HTTP/1.1" 200 345
[27/Aug/2026 07:00:47] "GET /api/drone-location/ HTTP/1.1" 200 455
[27/Aug/2026 07:00:48] "GET /api/latest-detections/ HTTP/1.1" 200 345
[27/Aug/2026 07:00:48] "GET /api/drone-location/ HTTP/1.1" 200 455
[27/Aug/2026 07:00:48] "GET /api/system-status/ HTTP/1.1" 200 481
[27/Aug/2026 07:00:49] "GET /api/latest-detections/ HTTP/1.1" 200 345
[27/Aug/2026 07:00:49] "GET /api/drone-location/ HTTP/1.1" 200 455
[27/Aug/2026 07:00:49] "GET /api/latest-detections/ HTTP/1.1" 200 345
[27/Aug/2026 07:00:49] "GET /api/drone-location/ HTTP/1.1" 200 455
[27/Aug/2026 07:00:49] "GET /api/latest-detections/ HTTP/1.1" 200 344
[27/Aug/2026 07:00:50] "GET /api/latest-detections/ HTTP/1.1" 200 345
[27/Aug/2026 07:00:50] "GET /api/latest-detections/ HTTP/1.1" 200 345
[27/Aug/2026 07:00:50] "GET /api/latest-detections/ HTTP/1.1" 200 345
[27/Aug/2026 07:00:50] "GET /api/drone-location/ HTTP/1.1" 200 455
[27/Aug/2026 07:00:50] "GET /api/system-status/ HTTP/1.1" 200 480
[27/Aug/2026 07:00:50] "GET /api/latest-detections/ HTTP/1.1" 200 345
[27/Aug/2026 07:00:51] "GET /api/latest-detections/ HTTP/1.1" 200 345
[27/Aug/2026 07:00:51] "GET /api/latest-detections/ HTTP/1.1" 200 345
[27/Aug/2026 07:00:51] "GET /api/drone-location/ HTTP/1.1" 200 455
[27/Aug/2026 07:00:51] "GET /api/latest-detections/ HTTP/1.1" 200 344
[27/Aug/2026 07:00:52] "GET /api/latest-detections/ HTTP/1.1" 200 345
[27/Aug/2026 07:00:52] "GET /api/latest-detections/ HTTP/1.1" 200 345
[27/Aug/2026 07:00:52] "GET /api/drone-location/ HTTP/1.1" 200 455
[27/Aug/2026 07:00:52] "GET /api/latest-detections/ HTTP/1.1" 200 345
[27/Aug/2026 07:00:53] "GET /api/latest-detections/ HTTP/1.1" 200 345
[27/Aug/2026 07:00:53] "GET /api/latest-detections/ HTTP/1.1" 200 345
[27/Aug/2026 07:00:53] "GET /api/drone-location/ HTTP/1.1" 200 455
[27/Aug/2026 07:00:53] "GET /api/latest-detections/ HTTP/1.1" 200 345
[27/Aug/2026 07:00:53] "GET /api/system-status/ HTTP/1.1" 200 480
[27/Aug/2026 07:00:53] "GET /api/latest-detections/ HTTP/1.1" 200 345
[27/Aug/2026 07:00:54] "GET /dashboard/mission/ HTTP/1.1" 200 32880
[27/Aug/2026 07:00:54] "GET /api/latest-detections/ HTTP/1.1" 200 345
[27/Aug/2026 07:00:54] "GET /api/drone-location/ HTTP/1.1" 200 455
[27/Aug/2026 07:00:54] "GET /api/latest-detections/ HTTP/1.1" 200 345
[27/Aug/2026 07:00:54] "GET /api/system-status/ HTTP/1.1" 200 480
[27/Aug/2026 07:00:54] "GET /api/latest-detections/ HTTP/1.1" 200 345
[27/Aug/2026 07:00:54] "GET /api/latest-detections/ HTTP/1.1" 200 345
[27/Aug/2026 07:00:55] "GET /api/latest-detections/ HTTP/1.1" 200 345
[27/Aug/2026 07:00:55] "GET /api/drone-location/ HTTP/1.1" 200 455
[27/Aug/2026 07:00:55] "GET /api/latest-detections/ HTTP/1.1" 200 345
[27/Aug/2026 07:00:55] "GET /api/latest-detections/ HTTP/1.1" 200 345
[27/Aug/2026 07:00:56] "GET /api/latest-detections/ HTTP/1.1" 200 345
[27/Aug/2026 07:00:56] "GET /api/drone-location/ HTTP/1.1" 200 455
[27/Aug/2026 07:00:56] "GET /api/latest-detections/ HTTP/1.1" 200 345
[27/Aug/2026 07:00:56] "GET /api/latest-detections/ HTTP/1.1" 200 345
[27/Aug/2026 07:00:57] "GET /api/latest-detections/ HTTP/1.1" 200 345
[27/Aug/2026 07:00:57] "GET /api/latest-detections/ HTTP/1.1" 200 345
[27/Aug/2026 07:00:57] "GET /api/drone-location/ HTTP/1.1" 200 455
[27/Aug/2026 07:00:57] "GET /api/system-status/ HTTP/1.1" 200 480
[27/Aug/2026 07:00:57] "GET /api/latest-detections/ HTTP/1.1" 200 345
[27/Aug/2026 07:00:57] "GET /api/latest-detections/ HTTP/1.1" 200 345
[27/Aug/2026 07:00:58] "GET /api/latest-detections/ HTTP/1.1" 200 345
[27/Aug/2026 07:00:58] "GET /api/drone-location/ HTTP/1.1" 200 455
[27/Aug/2026 07:00:58] "GET /api/latest-detections/ HTTP/1.1" 200 345
[27/Aug/2026 07:00:58] "GET /api/latest-detections/ HTTP/1.1" 200 345
[27/Aug/2026 07:00:59] "GET /api/latest-detections/ HTTP/1.1" 200 345
[27/Aug/2026 07:00:59] "GET /api/drone-location/ HTTP/1.1" 200 455
[27/Aug/2026 07:00:59] "GET /api/latest-detections/ HTTP/1.1" 200 345
[27/Aug/2026 07:00:59] "GET /api/latest-detections/ HTTP/1.1" 200 345
[27/Aug/2026 07:01:00] "GET /api/latest-detections/ HTTP/1.1" 200 345
[27/Aug/2026 07:01:00] "GET /api/latest-detections/ HTTP/1.1" 200 345
[27/Aug/2026 07:01:00] "GET /api/drone-location/ HTTP/1.1" 200 455
[27/Aug/2026 07:01:00] "GET /api/system-status/ HTTP/1.1" 200 480
[27/Aug/2026 07:01:00] "GET /api/latest-detections/ HTTP/1.1" 200 345
[27/Aug/2026 07:01:00] "GET /api/latest-detections/ HTTP/1.1" 200 345
[27/Aug/2026 07:01:01] "GET /api/latest-detections/ HTTP/1.1" 200 345
[27/Aug/2026 07:01:01] "GET /api/drone-location/ HTTP/1.1" 200 455
[27/Aug/2026 07:01:01] "GET /api/latest-detections/ HTTP/1.1" 200 345
[27/Aug/2026 07:01:01] "GET /dji/login/ HTTP/1.1" 200 10986
[27/Aug/2026 07:01:01] "GET /api/latest-detections/ HTTP/1.1" 200 345
[27/Aug/2026 07:01:02] "GET /api/latest-detections/ HTTP/1.1" 200 345
[27/Aug/2026 07:01:02] "GET /api/drone-location/ HTTP/1.1" 200 455
[27/Aug/2026 07:01:02] "GET /api/latest-detections/ HTTP/1.1" 200 345
[27/Aug/2026 07:01:02] "GET /api/latest-detections/ HTTP/1.1" 200 345
[27/Aug/2026 07:01:03] "GET /api/latest-detections/ HTTP/1.1" 200 345
[27/Aug/2026 07:01:03] "GET /api/latest-detections/ HTTP/1.1" 200 345
[27/Aug/2026 07:01:03] "GET /api/drone-location/ HTTP/1.1" 200 455
[27/Aug/2026 07:01:03] "GET /api/system-status/ HTTP/1.1" 200 480
[27/Aug/2026 07:01:03] "GET /api/latest-detections/ HTTP/1.1" 200 345
[27/Aug/2026 07:01:03] "GET /api/latest-detections/ HTTP/1.1" 200 345
[27/Aug/2026 07:01:04] "GET /api/latest-detections/ HTTP/1.1" 200 345
[27/Aug/2026 07:01:04] "GET /api/drone-location/ HTTP/1.1" 200 455
[27/Aug/2026 07:01:04] "GET /api/latest-detections/ HTTP/1.1" 200 345
[27/Aug/2026 07:01:04] "GET /api/latest-detections/ HTTP/1.1" 200 345
[27/Aug/2026 07:01:05] "GET /api/latest-detections/ HTTP/1.1" 200 345
[27/Aug/2026 07:01:05] "GET /api/drone-location/ HTTP/1.1" 200 455
[27/Aug/2026 07:01:05] "GET /api/latest-detections/ HTTP/1.1" 200 345
[27/Aug/2026 07:01:05] "GET /api/latest-detections/ HTTP/1.1" 200 345
[27/Aug/2026 07:01:06] "GET /api/latest-detections/ HTTP/1.1" 200 345
[27/Aug/2026 07:01:06] "GET /api/latest-detections/ HTTP/1.1" 200 345
[27/Aug/2026 07:01:06] "GET /api/drone-location/ HTTP/1.1" 200 398
[27/Aug/2026 07:01:06] "GET /dashboard/mission/ HTTP/1.1" 200 32880
[27/Aug/2026 07:01:06] "GET /api/system-status/ HTTP/1.1" 200 479
[27/Aug/2026 07:01:06] "GET /api/latest-detections/ HTTP/1.1" 200 345
[27/Aug/2026 07:01:06] "GET /api/drone-location/ HTTP/1.1" 200 399
[27/Aug/2026 07:01:07] "GET /api/system-status/ HTTP/1.1" 200 479
[27/Aug/2026 07:01:07] "GET /api/latest-detections/ HTTP/1.1" 200 345
[27/Aug/2026 07:01:07] "GET /api/latest-detections/ HTTP/1.1" 200 345
[27/Aug/2026 07:01:07] "GET /api/latest-detections/ HTTP/1.1" 200 345
[27/Aug/2026 07:01:07] "GET /api/drone-location/ HTTP/1.1" 200 399
[27/Aug/2026 07:01:08] "GET /api/latest-detections/ HTTP/1.1" 200 345
[27/Aug/2026 07:01:08] "GET /api/latest-detections/ HTTP/1.1" 200 345
[27/Aug/2026 07:01:08] "GET /api/latest-detections/ HTTP/1.1" 200 345
[27/Aug/2026 07:01:08] "GET /api/drone-location/ HTTP/1.1" 200 398
[27/Aug/2026 07:01:08] "GET /api/latest-detections/ HTTP/1.1" 200 345
[27/Aug/2026 07:01:09] "GET /api/latest-detections/ HTTP/1.1" 200 345
[27/Aug/2026 07:01:09] "GET /api/latest-detections/ HTTP/1.1" 200 345
[27/Aug/2026 07:01:09] "GET /api/latest-detections/ HTTP/1.1" 200 345
[27/Aug/2026 07:01:09] "GET /api/drone-location/ HTTP/1.1" 200 398
[27/Aug/2026 07:01:09] "GET /api/system-status/ HTTP/1.1" 200 479
[27/Aug/2026 07:01:10] "GET /api/latest-detections/ HTTP/1.1" 200 345
[27/Aug/2026 07:01:10] "GET /api/latest-detections/ HTTP/1.1" 200 345
[27/Aug/2026 07:01:10] "GET /api/latest-detections/ HTTP/1.1" 200 345
[27/Aug/2026 07:01:10] "GET /api/drone-location/ HTTP/1.1" 200 398
[27/Aug/2026 07:01:11] "GET /api/latest-detections/ HTTP/1.1" 200 345
[27/Aug/2026 07:01:11] "GET /api/latest-detections/ HTTP/1.1" 200 345
[27/Aug/2026 07:01:11] "GET /api/latest-detections/ HTTP/1.1" 200 345
[27/Aug/2026 07:01:11] "GET /api/drone-location/ HTTP/1.1" 200 398
[27/Aug/2026 07:01:11] "GET /api/latest-detections/ HTTP/1.1" 200 345
[27/Aug/2026 07:01:12] "GET /api/latest-detections/ HTTP/1.1" 200 345
[27/Aug/2026 07:01:12] "GET /api/latest-detections/ HTTP/1.1" 200 345
[27/Aug/2026 07:01:12] "GET /api/latest-detections/ HTTP/1.1" 200 345
[27/Aug/2026 07:01:12] "GET /api/drone-location/ HTTP/1.1" 200 399
[27/Aug/2026 07:01:12] "GET /api/system-status/ HTTP/1.1" 200 479
[27/Aug/2026 07:01:13] "GET /api/latest-detections/ HTTP/1.1" 200 345
[27/Aug/2026 07:01:13] "GET /api/latest-detections/ HTTP/1.1" 200 345
[27/Aug/2026 07:01:13] "GET /api/latest-detections/ HTTP/1.1" 200 345
[27/Aug/2026 07:01:13] "GET /api/latest-detections/ HTTP/1.1" 200 345
[27/Aug/2026 07:01:13] "GET /api/drone-location/ HTTP/1.1" 200 399
[27/Aug/2026 07:01:14] "GET /api/latest-detections/ HTTP/1.1" 200 345
[27/Aug/2026 07:01:14] "GET /api/latest-detections/ HTTP/1.1" 200 345
[27/Aug/2026 07:01:14] "GET /api/latest-detections/ HTTP/1.1" 200 345
[27/Aug/2026 07:01:14] "GET /api/drone-location/ HTTP/1.1" 200 399
[27/Aug/2026 07:01:14] "GET /api/latest-detections/ HTTP/1.1" 200 345
[27/Aug/2026 07:01:15] "GET /api/latest-detections/ HTTP/1.1" 200 345
[27/Aug/2026 07:01:15] "GET /api/latest-detections/ HTTP/1.1" 200 345
[27/Aug/2026 07:01:15] "GET /dashboard/remote-control/ HTTP/1.1" 200 34620
[27/Aug/2026 07:01:15] "GET /api/drone-location/ HTTP/1.1" 200 399
[27/Aug/2026 07:01:15] "GET /api/latest-detections/ HTTP/1.1" 200 344
[27/Aug/2026 07:01:15] "GET /api/system-status/ HTTP/1.1" 200 479
Not Found: /favicon.ico
[27/Aug/2026 07:01:15] "GET /favicon.ico HTTP/1.1" 404 6772
[27/Aug/2026 07:01:23] "GET /api/latest-detections/ HTTP/1.1" 200 345
[27/Aug/2026 07:01:33] "GET /api/latest-detections/ HTTP/1.1" 200 345
[27/Aug/2026 07:01:43] "GET /api/latest-detections/ HTTP/1.1" 200 345
[27/Aug/2026 07:01:53] "GET /api/latest-detections/ HTTP/1.1" 200 345
[27/Aug/2026 07:01:58] "GET /dashboard/mission/ HTTP/1.1" 200 32880
[27/Aug/2026 07:01:58] "GET /api/latest-detections/ HTTP/1.1" 200 345
[27/Aug/2026 07:01:58] "GET /api/drone-location/ HTTP/1.1" 200 399
[27/Aug/2026 07:01:58] "GET /api/system-status/ HTTP/1.1" 200 479
[27/Aug/2026 07:01:58] "GET /api/latest-detections/ HTTP/1.1" 200 345
[27/Aug/2026 07:01:58] "GET /api/latest-detections/ HTTP/1.1" 200 345
[27/Aug/2026 07:01:59] "GET /api/latest-detections/ HTTP/1.1" 200 345
[27/Aug/2026 07:01:59] "GET /api/drone-location/ HTTP/1.1" 200 399
[27/Aug/2026 07:01:59] "GET /api/latest-detections/ HTTP/1.1" 200 345
[27/Aug/2026 07:01:59] "GET /api/latest-detections/ HTTP/1.1" 200 345
[27/Aug/2026 07:02:00] "GET /api/latest-detections/ HTTP/1.1" 200 345
[27/Aug/2026 07:02:00] "GET /api/drone-location/ HTTP/1.1" 200 399
[27/Aug/2026 07:02:00] "GET /api/latest-detections/ HTTP/1.1" 200 345
[27/Aug/2026 07:02:00] "GET /api/latest-detections/ HTTP/1.1" 200 345
[27/Aug/2026 07:02:01] "GET /api/latest-detections/ HTTP/1.1" 200 345
[27/Aug/2026 07:02:01] "GET /api/latest-detections/ HTTP/1.1" 200 345
[27/Aug/2026 07:02:01] "GET /api/drone-location/ HTTP/1.1" 200 399
[27/Aug/2026 07:02:01] "GET /api/system-status/ HTTP/1.1" 200 479
[27/Aug/2026 07:02:01] "GET /api/latest-detections/ HTTP/1.1" 200 345
[27/Aug/2026 07:02:02] "GET /api/latest-detections/ HTTP/1.1" 200 345
[27/Aug/2026 07:02:02] "GET /api/latest-detections/ HTTP/1.1" 200 345
[27/Aug/2026 07:02:02] "GET /api/drone-location/ HTTP/1.1" 200 399
[27/Aug/2026 07:02:02] "GET /api/latest-detections/ HTTP/1.1" 200 345
[27/Aug/2026 07:02:02] "GET /api/latest-detections/ HTTP/1.1" 200 345
[27/Aug/2026 07:02:03] "GET /api/latest-detections/ HTTP/1.1" 200 345
[27/Aug/2026 07:02:03] "GET /api/drone-location/ HTTP/1.1" 200 398
[27/Aug/2026 07:02:03] "GET /api/latest-detections/ HTTP/1.1" 200 345
[27/Aug/2026 07:02:03] "GET /api/latest-detections/ HTTP/1.1" 200 345
[27/Aug/2026 07:02:03] "GET /api/latest-detections/ HTTP/1.1" 200 345
[27/Aug/2026 07:02:04] "GET /api/latest-detections/ HTTP/1.1" 200 345
[27/Aug/2026 07:02:04] "GET /api/latest-detections/ HTTP/1.1" 200 345
[27/Aug/2026 07:02:04] "GET /api/drone-location/ HTTP/1.1" 200 398
[27/Aug/2026 07:02:04] "GET /api/system-status/ HTTP/1.1" 200 479
[27/Aug/2026 07:02:04] "GET /api/latest-detections/ HTTP/1.1" 200 345
[27/Aug/2026 07:02:04] "GET /api/latest-detections/ HTTP/1.1" 200 345
[27/Aug/2026 07:02:05] "GET /api/latest-detections/ HTTP/1.1" 200 345
[27/Aug/2026 07:02:05] "GET /api/drone-location/ HTTP/1.1" 200 398
[27/Aug/2026 07:02:05] "GET /api/latest-detections/ HTTP/1.1" 200 345
[27/Aug/2026 07:02:06] "GET /api/latest-detections/ HTTP/1.1" 200 345
[27/Aug/2026 07:02:07] "GET /api/latest-detections/ HTTP/1.1" 200 345
[27/Aug/2026 07:02:07] "GET /api/drone-location/ HTTP/1.1" 200 398
[27/Aug/2026 07:02:07] "GET /api/latest-detections/ HTTP/1.1" 200 345
[27/Aug/2026 07:02:07] "GET /api/latest-detections/ HTTP/1.1" 200 345
[27/Aug/2026 07:02:07] "GET /api/drone-location/ HTTP/1.1" 200 398
[27/Aug/2026 07:02:07] "GET /api/system-status/ HTTP/1.1" 200 479
[27/Aug/2026 07:02:07] "GET /api/latest-detections/ HTTP/1.1" 200 345
[27/Aug/2026 07:02:07] "GET /api/latest-detections/ HTTP/1.1" 200 345
[27/Aug/2026 07:02:08] "GET /api/latest-detections/ HTTP/1.1" 200 345
[27/Aug/2026 07:02:08] "GET /api/drone-location/ HTTP/1.1" 200 398
[27/Aug/2026 07:02:08] "GET /dashboard/mission/ HTTP/1.1" 200 32880
[27/Aug/2026 07:02:08] "GET /api/latest-detections/ HTTP/1.1" 200 345
[27/Aug/2026 07:02:08] "GET /api/drone-location/ HTTP/1.1" 200 399
[27/Aug/2026 07:02:09] "GET /api/system-status/ HTTP/1.1" 200 479
[27/Aug/2026 07:02:09] "GET /api/latest-detections/ HTTP/1.1" 200 345
[27/Aug/2026 07:02:09] "GET /api/latest-detections/ HTTP/1.1" 200 345
[27/Aug/2026 07:02:09] "GET /api/latest-detections/ HTTP/1.1" 200 345
[27/Aug/2026 07:02:09] "GET /api/drone-location/ HTTP/1.1" 200 399
[27/Aug/2026 07:02:10] "GET /api/latest-detections/ HTTP/1.1" 200 345
[27/Aug/2026 07:02:10] "GET /api/latest-detections/ HTTP/1.1" 200 345
[27/Aug/2026 07:02:10] "GET /api/latest-detections/ HTTP/1.1" 200 345
[27/Aug/2026 07:02:10] "GET /api/drone-location/ HTTP/1.1" 200 399
[27/Aug/2026 07:02:10] "GET /api/latest-detections/ HTTP/1.1" 200 345
[27/Aug/2026 07:02:11] "GET /api/latest-detections/ HTTP/1.1" 200 345
[27/Aug/2026 07:02:11] "GET /api/latest-detections/ HTTP/1.1" 200 345
[27/Aug/2026 07:02:11] "GET /api/latest-detections/ HTTP/1.1" 200 345
[27/Aug/2026 07:02:11] "GET /api/drone-location/ HTTP/1.1" 200 399
[27/Aug/2026 07:02:11] "GET /api/system-status/ HTTP/1.1" 200 479
[27/Aug/2026 07:02:12] "GET /api/latest-detections/ HTTP/1.1" 200 345
[27/Aug/2026 07:02:12] "GET /api/latest-detections/ HTTP/1.1" 200 345
[27/Aug/2026 07:02:12] "GET /api/latest-detections/ HTTP/1.1" 200 345
[27/Aug/2026 07:02:12] "GET /api/drone-location/ HTTP/1.1" 200 399
[27/Aug/2026 07:02:13] "GET /api/latest-detections/ HTTP/1.1" 200 345
[27/Aug/2026 07:02:13] "GET /api/latest-detections/ HTTP/1.1" 200 345
[27/Aug/2026 07:02:13] "GET /api/latest-detections/ HTTP/1.1" 200 345
[27/Aug/2026 07:02:13] "GET /api/latest-detections/ HTTP/1.1" 200 345
[27/Aug/2026 07:02:13] "GET /api/drone-location/ HTTP/1.1" 200 399
[27/Aug/2026 07:02:13] "GET /api/latest-detections/ HTTP/1.1" 200 345
[27/Aug/2026 07:02:14] "GET /api/latest-detections/ HTTP/1.1" 200 345
[27/Aug/2026 07:02:14] "GET /api/latest-detections/ HTTP/1.1" 200 345
[27/Aug/2026 07:02:14] "GET /api/latest-detections/ HTTP/1.1" 200 345
[27/Aug/2026 07:02:14] "GET /api/drone-location/ HTTP/1.1" 200 399
[27/Aug/2026 07:02:14] "GET /api/system-status/ HTTP/1.1" 200 479
[27/Aug/2026 07:02:15] "GET /api/latest-detections/ HTTP/1.1" 200 345
[27/Aug/2026 07:02:15] "GET /api/latest-detections/ HTTP/1.1" 200 345
[27/Aug/2026 07:02:15] "GET /api/latest-detections/ HTTP/1.1" 200 345
[27/Aug/2026 07:02:15] "GET /api/drone-location/ HTTP/1.1" 200 399
[27/Aug/2026 07:02:16] "GET /api/latest-detections/ HTTP/1.1" 200 345
[27/Aug/2026 07:02:16] "GET /api/latest-detections/ HTTP/1.1" 200 345
[27/Aug/2026 07:02:16] "GET /api/latest-detections/ HTTP/1.1" 200 345
[27/Aug/2026 07:02:16] "GET /api/drone-location/ HTTP/1.1" 200 397
[27/Aug/2026 07:02:16] "GET /api/latest-detections/ HTTP/1.1" 200 345
[27/Aug/2026 07:02:17] "GET /api/latest-detections/ HTTP/1.1" 200 345
[27/Aug/2026 07:02:17] "GET /api/latest-detections/ HTTP/1.1" 200 345
[27/Aug/2026 07:02:17] "GET /api/latest-detections/ HTTP/1.1" 200 345
[27/Aug/2026 07:02:17] "GET /api/drone-location/ HTTP/1.1" 200 397
[27/Aug/2026 07:02:17] "GET /api/system-status/ HTTP/1.1" 200 479
[27/Aug/2026 07:02:18] "GET /api/latest-detections/ HTTP/1.1" 200 345
[27/Aug/2026 07:02:18] "GET /api/latest-detections/ HTTP/1.1" 200 345
[27/Aug/2026 07:02:18] "GET /api/latest-detections/ HTTP/1.1" 200 345
[27/Aug/2026 07:02:18] "GET /api/drone-location/ HTTP/1.1" 200 399
[27/Aug/2026 07:02:19] "GET /api/latest-detections/ HTTP/1.1" 200 345
[27/Aug/2026 07:02:19] "GET /api/latest-detections/ HTTP/1.1" 200 345
[27/Aug/2026 07:02:19] "GET /api/latest-detections/ HTTP/1.1" 200 345
[27/Aug/2026 07:02:19] "GET /api/drone-location/ HTTP/1.1" 200 399
[27/Aug/2026 07:02:19] "GET /api/latest-detections/ HTTP/1.1" 200 345
[27/Aug/2026 07:02:20] "GET /api/latest-detections/ HTTP/1.1" 200 345
[27/Aug/2026 07:02:20] "GET /api/latest-detections/ HTTP/1.1" 200 345
[27/Aug/2026 07:02:20] "GET /api/latest-detections/ HTTP/1.1" 200 345
[27/Aug/2026 07:02:20] "GET /api/drone-location/ HTTP/1.1" 200 399
[27/Aug/2026 07:02:21] "GET /api/system-status/ HTTP/1.1" 200 479
[27/Aug/2026 07:02:21] "GET /api/latest-detections/ HTTP/1.1" 200 345
[27/Aug/2026 07:02:21] "GET /api/latest-detections/ HTTP/1.1" 200 345
[27/Aug/2026 07:02:21] "GET /api/latest-detections/ HTTP/1.1" 200 345
[27/Aug/2026 07:02:21] "GET /api/drone-location/ HTTP/1.1" 200 399
[27/Aug/2026 07:02:22] "GET /api/latest-detections/ HTTP/1.1" 200 345
[27/Aug/2026 07:02:22] "GET /api/latest-detections/ HTTP/1.1" 200 345
[27/Aug/2026 07:02:22] "GET /api/latest-detections/ HTTP/1.1" 200 345
[27/Aug/2026 07:02:22] "GET /api/drone-location/ HTTP/1.1" 200 398
[27/Aug/2026 07:02:22] "GET /api/latest-detections/ HTTP/1.1" 200 345
[27/Aug/2026 07:02:23] "GET /api/latest-detections/ HTTP/1.1" 200 345
[27/Aug/2026 07:02:23] "GET /api/latest-detections/ HTTP/1.1" 200 345
[27/Aug/2026 07:02:23] "GET /api/latest-detections/ HTTP/1.1" 200 345
[27/Aug/2026 07:02:23] "GET /api/latest-detections/ HTTP/1.1" 200 345
[27/Aug/2026 07:02:23] "GET /api/drone-location/ HTTP/1.1" 200 398
[27/Aug/2026 07:02:23] "GET /api/system-status/ HTTP/1.1" 200 479
[27/Aug/2026 07:02:24] "GET /api/latest-detections/ HTTP/1.1" 200 345
[27/Aug/2026 07:02:24] "GET /api/latest-detections/ HTTP/1.1" 200 345
[27/Aug/2026 07:02:24] "GET /api/latest-detections/ HTTP/1.1" 200 345
[27/Aug/2026 07:02:24] "GET /api/drone-location/ HTTP/1.1" 200 398
[27/Aug/2026 07:02:25] "GET /api/latest-detections/ HTTP/1.1" 200 345
[27/Aug/2026 07:02:25] "GET /api/latest-detections/ HTTP/1.1" 200 345
[27/Aug/2026 07:02:25] "GET /api/latest-detections/ HTTP/1.1" 200 345
[27/Aug/2026 07:02:25] "GET /api/drone-location/ HTTP/1.1" 200 398
[27/Aug/2026 07:02:25] "GET /api/latest-detections/ HTTP/1.1" 200 345
[27/Aug/2026 07:02:26] "GET /api/latest-detections/ HTTP/1.1" 200 345
[27/Aug/2026 07:02:26] "GET /api/latest-detections/ HTTP/1.1" 200 345
[27/Aug/2026 07:02:26] "GET /api/latest-detections/ HTTP/1.1" 200 345
[27/Aug/2026 07:02:26] "GET /api/drone-location/ HTTP/1.1" 200 399
[27/Aug/2026 07:02:26] "GET /api/system-status/ HTTP/1.1" 200 479
[27/Aug/2026 07:02:27] "GET /api/latest-detections/ HTTP/1.1" 200 345
[27/Aug/2026 07:02:27] "GET /api/latest-detections/ HTTP/1.1" 200 345
[27/Aug/2026 07:02:27] "GET /api/latest-detections/ HTTP/1.1" 200 345
[27/Aug/2026 07:02:27] "GET /api/drone-location/ HTTP/1.1" 200 399
[27/Aug/2026 07:02:28] "GET /api/latest-detections/ HTTP/1.1" 200 345
[27/Aug/2026 07:02:28] "GET /api/latest-detections/ HTTP/1.1" 200 345
[27/Aug/2026 07:02:28] "GET /api/latest-detections/ HTTP/1.1" 200 345
[27/Aug/2026 07:02:28] "GET /api/drone-location/ HTTP/1.1" 200 399
[27/Aug/2026 07:02:28] "GET /api/latest-detections/ HTTP/1.1" 200 345
[27/Aug/2026 07:02:29] "GET /api/latest-detections/ HTTP/1.1" 200 345
[27/Aug/2026 07:02:29] "GET /api/latest-detections/ HTTP/1.1" 200 345
[27/Aug/2026 07:02:29] "GET /api/latest-detections/ HTTP/1.1" 200 345
[27/Aug/2026 07:02:29] "GET /api/drone-location/ HTTP/1.1" 200 399
[27/Aug/2026 07:02:29] "GET /api/system-status/ HTTP/1.1" 200 479
[27/Aug/2026 07:02:30] "GET /api/latest-detections/ HTTP/1.1" 200 345
[27/Aug/2026 07:02:30] "GET /api/latest-detections/ HTTP/1.1" 200 345
[27/Aug/2026 07:02:30] "GET /api/latest-detections/ HTTP/1.1" 200 345
[27/Aug/2026 07:02:30] "GET /api/drone-location/ HTTP/1.1" 200 399
[27/Aug/2026 07:02:31] "GET /api/latest-detections/ HTTP/1.1" 200 345
[27/Aug/2026 07:02:31] "GET /api/latest-detections/ HTTP/1.1" 200 345
[27/Aug/2026 07:02:31] "GET /api/latest-detections/ HTTP/1.1" 200 345
[27/Aug/2026 07:02:31] "GET /api/drone-location/ HTTP/1.1" 200 399
[27/Aug/2026 07:02:31] "GET /api/latest-detections/ HTTP/1.1" 200 345
[27/Aug/2026 07:02:32] "GET /api/latest-detections/ HTTP/1.1" 200 345
[27/Aug/2026 07:02:32] "GET /api/latest-detections/ HTTP/1.1" 200 345
[27/Aug/2026 07:02:32] "GET /api/latest-detections/ HTTP/1.1" 200 345
[27/Aug/2026 07:02:32] "GET /api/drone-location/ HTTP/1.1" 200 398
[27/Aug/2026 07:02:32] "GET /api/system-status/ HTTP/1.1" 200 479
[27/Aug/2026 07:02:33] "GET /api/latest-detections/ HTTP/1.1" 200 345
[27/Aug/2026 07:02:33] "GET /api/latest-detections/ HTTP/1.1" 200 345
[27/Aug/2026 07:02:33] "GET /api/latest-detections/ HTTP/1.1" 200 345
[27/Aug/2026 07:02:33] "GET /api/latest-detections/ HTTP/1.1" 200 345
[27/Aug/2026 07:02:33] "GET /api/drone-location/ HTTP/1.1" 200 398
[27/Aug/2026 07:02:34] "GET /api/latest-detections/ HTTP/1.1" 200 345
[27/Aug/2026 07:02:34] "GET /api/latest-detections/ HTTP/1.1" 200 345
[27/Aug/2026 07:02:34] "GET /api/latest-detections/ HTTP/1.1" 200 345
[27/Aug/2026 07:02:34] "GET /api/drone-location/ HTTP/1.1" 200 398
[27/Aug/2026 07:02:34] "GET /api/latest-detections/ HTTP/1.1" 200 345
[27/Aug/2026 07:02:35] "GET /api/latest-detections/ HTTP/1.1" 200 345
[27/Aug/2026 07:02:35] "GET /api/latest-detections/ HTTP/1.1" 200 345
[27/Aug/2026 07:02:35] "GET /api/latest-detections/ HTTP/1.1" 200 345
[27/Aug/2026 07:02:35] "GET /api/drone-location/ HTTP/1.1" 200 398
[27/Aug/2026 07:02:35] "GET /api/system-status/ HTTP/1.1" 200 479
[27/Aug/2026 07:02:36] "GET /api/latest-detections/ HTTP/1.1" 200 345
[27/Aug/2026 07:02:36] "GET /api/latest-detections/ HTTP/1.1" 200 345
[27/Aug/2026 07:02:36] "GET /api/latest-detections/ HTTP/1.1" 200 345
[27/Aug/2026 07:02:36] "GET /api/drone-location/ HTTP/1.1" 200 399
[27/Aug/2026 07:02:37] "GET /api/latest-detections/ HTTP/1.1" 200 345
[27/Aug/2026 07:02:37] "GET /api/latest-detections/ HTTP/1.1" 200 345
[27/Aug/2026 07:02:37] "GET /api/latest-detections/ HTTP/1.1" 200 345
[27/Aug/2026 07:02:37] "GET /api/drone-location/ HTTP/1.1" 200 399
[27/Aug/2026 07:02:37] "GET /api/latest-detections/ HTTP/1.1" 200 345
[27/Aug/2026 07:02:38] "GET /api/latest-detections/ HTTP/1.1" 200 345
[27/Aug/2026 07:02:38] "GET /api/latest-detections/ HTTP/1.1" 200 345
[27/Aug/2026 07:02:38] "GET /api/latest-detections/ HTTP/1.1" 200 345
[27/Aug/2026 07:02:38] "GET /api/drone-location/ HTTP/1.1" 200 399
[27/Aug/2026 07:02:38] "GET /api/system-status/ HTTP/1.1" 200 479
[27/Aug/2026 07:02:39] "GET /api/latest-detections/ HTTP/1.1" 200 345
[27/Aug/2026 07:02:39] "GET /api/latest-detections/ HTTP/1.1" 200 345
[27/Aug/2026 07:02:39] "GET /api/latest-detections/ HTTP/1.1" 200 345
[27/Aug/2026 07:02:39] "GET /api/drone-location/ HTTP/1.1" 200 399
[27/Aug/2026 07:02:40] "GET /api/latest-detections/ HTTP/1.1" 200 345
[27/Aug/2026 07:02:40] "GET /api/latest-detections/ HTTP/1.1" 200 345
[27/Aug/2026 07:02:40] "GET /api/latest-detections/ HTTP/1.1" 200 345
[27/Aug/2026 07:02:40] "GET /api/drone-location/ HTTP/1.1" 200 399
[27/Aug/2026 07:02:40] "GET /api/latest-detections/ HTTP/1.1" 200 345
[27/Aug/2026 07:02:41] "GET /api/latest-detections/ HTTP/1.1" 200 345
[27/Aug/2026 07:02:41] "GET /api/latest-detections/ HTTP/1.1" 200 345
[27/Aug/2026 07:02:41] "GET /api/latest-detections/ HTTP/1.1" 200 345
[27/Aug/2026 07:02:41] "GET /api/drone-location/ HTTP/1.1" 200 399
[27/Aug/2026 07:02:41] "GET /api/system-status/ HTTP/1.1" 200 479
[27/Aug/2026 07:02:42] "GET /api/latest-detections/ HTTP/1.1" 200 345
[27/Aug/2026 07:02:42] "GET /api/latest-detections/ HTTP/1.1" 200 345
[27/Aug/2026 07:02:42] "GET /api/latest-detections/ HTTP/1.1" 200 345
[27/Aug/2026 07:02:42] "GET /api/drone-location/ HTTP/1.1" 200 398
[27/Aug/2026 07:02:43] "GET /api/latest-detections/ HTTP/1.1" 200 345
[27/Aug/2026 07:02:43] "GET /api/latest-detections/ HTTP/1.1" 200 345
[27/Aug/2026 07:02:43] "GET /api/latest-detections/ HTTP/1.1" 200 345
[27/Aug/2026 07:02:43] "GET /api/drone-location/ HTTP/1.1" 200 398
[27/Aug/2026 07:02:43] "GET /api/latest-detections/ HTTP/1.1" 200 345
[27/Aug/2026 07:02:43] "GET /api/latest-detections/ HTTP/1.1" 200 345
[27/Aug/2026 07:02:44] "GET /api/latest-detections/ HTTP/1.1" 200 345
[27/Aug/2026 07:02:44] "GET /api/latest-detections/ HTTP/1.1" 200 345
[27/Aug/2026 07:02:44] "GET /api/latest-detections/ HTTP/1.1" 200 345
[27/Aug/2026 07:02:44] "GET /api/drone-location/ HTTP/1.1" 200 399
[27/Aug/2026 07:02:44] "GET /api/system-status/ HTTP/1.1" 200 479
[27/Aug/2026 07:02:45] "GET /api/latest-detections/ HTTP/1.1" 200 345
[27/Aug/2026 07:02:45] "GET /api/latest-detections/ HTTP/1.1" 200 345
[27/Aug/2026 07:02:45] "GET /api/latest-detections/ HTTP/1.1" 200 345
[27/Aug/2026 07:02:45] "GET /api/drone-location/ HTTP/1.1" 200 399
[27/Aug/2026 07:02:46] "GET /api/latest-detections/ HTTP/1.1" 200 345
[27/Aug/2026 07:02:46] "GET /api/latest-detections/ HTTP/1.1" 200 345
[27/Aug/2026 07:02:46] "GET /api/latest-detections/ HTTP/1.1" 200 345
[27/Aug/2026 07:02:46] "GET /api/drone-location/ HTTP/1.1" 200 399
[27/Aug/2026 07:02:46] "GET /api/latest-detections/ HTTP/1.1" 200 345
[27/Aug/2026 07:02:47] "GET /api/latest-detections/ HTTP/1.1" 200 345
[27/Aug/2026 07:02:47] "GET /api/latest-detections/ HTTP/1.1" 200 345
[27/Aug/2026 07:02:47] "GET /api/latest-detections/ HTTP/1.1" 200 345
[27/Aug/2026 07:02:47] "GET /api/drone-location/ HTTP/1.1" 200 399
[27/Aug/2026 07:02:47] "GET /api/system-status/ HTTP/1.1" 200 479
[27/Aug/2026 07:02:48] "GET /api/latest-detections/ HTTP/1.1" 200 345
[27/Aug/2026 07:02:48] "GET /api/latest-detections/ HTTP/1.1" 200 345
[27/Aug/2026 07:02:48] "GET /api/latest-detections/ HTTP/1.1" 200 345
[27/Aug/2026 07:02:48] "GET /api/drone-location/ HTTP/1.1" 200 399
[27/Aug/2026 07:02:49] "GET /api/latest-detections/ HTTP/1.1" 200 345
[27/Aug/2026 07:02:49] "GET /api/latest-detections/ HTTP/1.1" 200 345
[27/Aug/2026 07:02:49] "GET /api/latest-detections/ HTTP/1.1" 200 345
[27/Aug/2026 07:02:49] "GET /api/drone-location/ HTTP/1.1" 200 399
[27/Aug/2026 07:02:49] "GET /api/latest-detections/ HTTP/1.1" 200 345
[27/Aug/2026 07:02:50] "GET /api/latest-detections/ HTTP/1.1" 200 345
[27/Aug/2026 07:02:50] "GET /api/latest-detections/ HTTP/1.1" 200 345
[27/Aug/2026 07:02:50] "GET /api/latest-detections/ HTTP/1.1" 200 345
[27/Aug/2026 07:02:50] "GET /api/drone-location/ HTTP/1.1" 200 399
[27/Aug/2026 07:02:50] "GET /api/system-status/ HTTP/1.1" 200 479
[27/Aug/2026 07:02:51] "GET /api/latest-detections/ HTTP/1.1" 200 345
[27/Aug/2026 07:02:51] "GET /api/latest-detections/ HTTP/1.1" 200 345
[27/Aug/2026 07:02:51] "GET /api/latest-detections/ HTTP/1.1" 200 345
[27/Aug/2026 07:02:51] "GET /api/drone-location/ HTTP/1.1" 200 399
[27/Aug/2026 07:02:52] "GET /api/latest-detections/ HTTP/1.1" 200 345
[27/Aug/2026 07:02:52] "GET /api/latest-detections/ HTTP/1.1" 200 345
[27/Aug/2026 07:02:52] "GET /api/latest-detections/ HTTP/1.1" 200 345
[27/Aug/2026 07:02:52] "GET /api/drone-location/ HTTP/1.1" 200 399
[27/Aug/2026 07:02:52] "GET /api/latest-detections/ HTTP/1.1" 200 345
[27/Aug/2026 07:02:53] "GET /api/latest-detections/ HTTP/1.1" 200 345
[27/Aug/2026 07:02:53] "GET /api/latest-detections/ HTTP/1.1" 200 345
[27/Aug/2026 07:02:53] "GET /api/latest-detections/ HTTP/1.1" 200 345
[27/Aug/2026 07:02:53] "GET /api/drone-location/ HTTP/1.1" 200 399
[27/Aug/2026 07:02:53] "GET /api/latest-detections/ HTTP/1.1" 200 345
[27/Aug/2026 07:02:54] "GET /api/system-status/ HTTP/1.1" 200 479
[27/Aug/2026 07:02:54] "GET /api/latest-detections/ HTTP/1.1" 200 345
[27/Aug/2026 07:02:54] "GET /api/latest-detections/ HTTP/1.1" 200 345
[27/Aug/2026 07:02:54] "GET /api/latest-detections/ HTTP/1.1" 200 345
[27/Aug/2026 07:02:54] "GET /api/drone-location/ HTTP/1.1" 200 398
[27/Aug/2026 07:02:55] "GET /api/latest-detections/ HTTP/1.1" 200 345
[27/Aug/2026 07:02:55] "GET /api/latest-detections/ HTTP/1.1" 200 345
[27/Aug/2026 07:02:55] "GET /api/latest-detections/ HTTP/1.1" 200 345
[27/Aug/2026 07:02:55] "GET /api/drone-location/ HTTP/1.1" 200 398
[27/Aug/2026 07:02:55] "GET /api/latest-detections/ HTTP/1.1" 200 345
[27/Aug/2026 07:02:56] "GET /api/latest-detections/ HTTP/1.1" 200 345
[27/Aug/2026 07:02:56] "GET /api/latest-detections/ HTTP/1.1" 200 345
[27/Aug/2026 07:02:56] "GET /api/latest-detections/ HTTP/1.1" 200 345
[27/Aug/2026 07:02:56] "GET /api/drone-location/ HTTP/1.1" 200 399
[27/Aug/2026 07:02:56] "GET /api/system-status/ HTTP/1.1" 200 479
[27/Aug/2026 07:02:57] "GET /api/latest-detections/ HTTP/1.1" 200 345
[27/Aug/2026 07:02:57] "GET /api/latest-detections/ HTTP/1.1" 200 345
[27/Aug/2026 07:02:57] "GET /api/latest-detections/ HTTP/1.1" 200 345
[27/Aug/2026 07:02:57] "GET /api/drone-location/ HTTP/1.1" 200 399
[27/Aug/2026 07:02:58] "GET /api/latest-detections/ HTTP/1.1" 200 345
[27/Aug/2026 07:02:58] "GET /api/latest-detections/ HTTP/1.1" 200 345
[27/Aug/2026 07:02:58] "GET /api/latest-detections/ HTTP/1.1" 200 345
[27/Aug/2026 07:02:58] "GET /api/drone-location/ HTTP/1.1" 200 399
[27/Aug/2026 07:02:58] "GET /api/latest-detections/ HTTP/1.1" 200 345
[27/Aug/2026 07:02:59] "GET /api/latest-detections/ HTTP/1.1" 200 345
[27/Aug/2026 07:02:59] "GET /api/latest-detections/ HTTP/1.1" 200 345
[27/Aug/2026 07:02:59] "GET /api/latest-detections/ HTTP/1.1" 200 345
[27/Aug/2026 07:02:59] "GET /api/drone-location/ HTTP/1.1" 200 399
[27/Aug/2026 07:02:59] "GET /api/system-status/ HTTP/1.1" 200 479
[27/Aug/2026 07:03:00] "GET /api/latest-detections/ HTTP/1.1" 200 345
[27/Aug/2026 07:03:00] "GET /api/latest-detections/ HTTP/1.1" 200 345
[27/Aug/2026 07:03:00] "GET /api/latest-detections/ HTTP/1.1" 200 345
[27/Aug/2026 07:03:00] "GET /api/drone-location/ HTTP/1.1" 200 399
[27/Aug/2026 07:03:01] "GET /api/latest-detections/ HTTP/1.1" 200 345
[27/Aug/2026 07:03:01] "GET /api/latest-detections/ HTTP/1.1" 200 345
[27/Aug/2026 07:03:01] "GET /api/latest-detections/ HTTP/1.1" 200 345
[27/Aug/2026 07:03:01] "GET /api/drone-location/ HTTP/1.1" 200 399
[27/Aug/2026 07:03:01] "GET /api/latest-detections/ HTTP/1.1" 200 345
[27/Aug/2026 07:03:02] "GET /api/latest-detections/ HTTP/1.1" 200 345
[27/Aug/2026 07:03:02] "GET /api/latest-detections/ HTTP/1.1" 200 345
[27/Aug/2026 07:03:02] "GET /api/latest-detections/ HTTP/1.1" 200 345
[27/Aug/2026 07:03:02] "GET /api/drone-location/ HTTP/1.1" 200 398
[27/Aug/2026 07:03:02] "GET /api/system-status/ HTTP/1.1" 200 479
[27/Aug/2026 07:03:03] "GET /api/latest-detections/ HTTP/1.1" 200 345
[27/Aug/2026 07:03:03] "GET /api/latest-detections/ HTTP/1.1" 200 345
[27/Aug/2026 07:03:03] "GET /api/latest-detections/ HTTP/1.1" 200 345
[27/Aug/2026 07:03:03] "GET /api/drone-location/ HTTP/1.1" 200 398
[27/Aug/2026 07:03:03] "GET /api/latest-detections/ HTTP/1.1" 200 344
[27/Aug/2026 07:03:04] "GET /api/latest-detections/ HTTP/1.1" 200 345
[27/Aug/2026 07:03:04] "GET /api/latest-detections/ HTTP/1.1" 200 345
[27/Aug/2026 07:03:04] "GET /api/latest-detections/ HTTP/1.1" 200 345
[27/Aug/2026 07:03:04] "GET /api/drone-location/ HTTP/1.1" 200 399
[27/Aug/2026 07:03:04] "GET /api/latest-detections/ HTTP/1.1" 200 345
[27/Aug/2026 07:03:05] "GET /api/latest-detections/ HTTP/1.1" 200 345
[27/Aug/2026 07:03:05] "GET /api/latest-detections/ HTTP/1.1" 200 345
[27/Aug/2026 07:03:05] "GET /api/latest-detections/ HTTP/1.1" 200 345
[27/Aug/2026 07:03:05] "GET /api/drone-location/ HTTP/1.1" 200 399
[27/Aug/2026 07:03:05] "GET /api/system-status/ HTTP/1.1" 200 479
[27/Aug/2026 07:03:06] "GET /api/latest-detections/ HTTP/1.1" 200 345
[27/Aug/2026 07:03:06] "GET /api/latest-detections/ HTTP/1.1" 200 345
[27/Aug/2026 07:03:06] "GET /api/latest-detections/ HTTP/1.1" 200 345
[27/Aug/2026 07:03:06] "GET /api/drone-location/ HTTP/1.1" 200 399
[27/Aug/2026 07:03:07] "GET /api/latest-detections/ HTTP/1.1" 200 345
[27/Aug/2026 07:03:07] "GET /api/latest-detections/ HTTP/1.1" 200 345
[27/Aug/2026 07:03:07] "GET /api/latest-detections/ HTTP/1.1" 200 345
[27/Aug/2026 07:03:07] "GET /api/drone-location/ HTTP/1.1" 200 399
[27/Aug/2026 07:03:07] "GET /api/latest-detections/ HTTP/1.1" 200 345
[27/Aug/2026 07:03:08] "GET /api/latest-detections/ HTTP/1.1" 200 345
[27/Aug/2026 07:03:08] "GET /api/latest-detections/ HTTP/1.1" 200 345
[27/Aug/2026 07:03:08] "GET /api/latest-detections/ HTTP/1.1" 200 345
[27/Aug/2026 07:03:08] "GET /api/drone-location/ HTTP/1.1" 200 398
[27/Aug/2026 07:03:08] "GET /api/system-status/ HTTP/1.1" 200 479
[27/Aug/2026 07:03:09] "GET /api/latest-detections/ HTTP/1.1" 200 345
[27/Aug/2026 07:03:09] "GET /api/latest-detections/ HTTP/1.1" 200 345
[27/Aug/2026 07:03:09] "GET /api/latest-detections/ HTTP/1.1" 200 345
[27/Aug/2026 07:03:09] "GET /api/drone-location/ HTTP/1.1" 200 398
[27/Aug/2026 07:03:10] "GET /api/latest-detections/ HTTP/1.1" 200 345
[27/Aug/2026 07:03:10] "GET /api/latest-detections/ HTTP/1.1" 200 345
[27/Aug/2026 07:03:10] "GET /api/latest-detections/ HTTP/1.1" 200 345
[27/Aug/2026 07:03:10] "GET /api/drone-location/ HTTP/1.1" 200 399
[27/Aug/2026 07:03:10] "GET /api/latest-detections/ HTTP/1.1" 200 345
[27/Aug/2026 07:03:11] "GET /api/latest-detections/ HTTP/1.1" 200 345
[27/Aug/2026 07:03:11] "GET /api/latest-detections/ HTTP/1.1" 200 345
[27/Aug/2026 07:03:11] "GET /api/latest-detections/ HTTP/1.1" 200 345
[27/Aug/2026 07:03:11] "GET /api/drone-location/ HTTP/1.1" 200 399
[27/Aug/2026 07:03:12] "GET /api/system-status/ HTTP/1.1" 200 479
[27/Aug/2026 07:03:12] "GET /api/latest-detections/ HTTP/1.1" 200 345
[27/Aug/2026 07:03:12] "GET /api/latest-detections/ HTTP/1.1" 200 345
[27/Aug/2026 07:03:12] "GET /api/latest-detections/ HTTP/1.1" 200 345
[27/Aug/2026 07:03:12] "GET /api/drone-location/ HTTP/1.1" 200 399
[27/Aug/2026 07:03:13] "GET /api/latest-detections/ HTTP/1.1" 200 345
[27/Aug/2026 07:03:13] "GET /api/latest-detections/ HTTP/1.1" 200 345
[27/Aug/2026 07:03:13] "GET /api/latest-detections/ HTTP/1.1" 200 345
[27/Aug/2026 07:03:13] "GET /api/drone-location/ HTTP/1.1" 200 399
[27/Aug/2026 07:03:13] "GET /api/latest-detections/ HTTP/1.1" 200 345
[27/Aug/2026 07:03:14] "GET /api/latest-detections/ HTTP/1.1" 200 345
[27/Aug/2026 07:03:14] "GET /api/latest-detections/ HTTP/1.1" 200 345
[27/Aug/2026 07:03:14] "GET /api/latest-detections/ HTTP/1.1" 200 345
[27/Aug/2026 07:03:14] "GET /api/drone-location/ HTTP/1.1" 200 399
[27/Aug/2026 07:03:14] "GET /api/system-status/ HTTP/1.1" 200 479
[27/Aug/2026 07:03:15] "GET /api/latest-detections/ HTTP/1.1" 200 345
[27/Aug/2026 07:03:15] "GET /api/latest-detections/ HTTP/1.1" 200 345
[27/Aug/2026 07:03:15] "GET /api/latest-detections/ HTTP/1.1" 200 345
[27/Aug/2026 07:03:15] "GET /api/drone-location/ HTTP/1.1" 200 399
[27/Aug/2026 07:03:16] "GET /api/latest-detections/ HTTP/1.1" 200 345
[27/Aug/2026 07:03:16] "GET /api/latest-detections/ HTTP/1.1" 200 345
[27/Aug/2026 07:03:16] "GET /api/latest-detections/ HTTP/1.1" 200 345
[27/Aug/2026 07:03:16] "GET /api/drone-location/ HTTP/1.1" 200 399
[27/Aug/2026 07:03:16] "GET /api/latest-detections/ HTTP/1.1" 200 345
[27/Aug/2026 07:03:17] "GET /api/latest-detections/ HTTP/1.1" 200 345
[27/Aug/2026 07:03:17] "GET /api/latest-detections/ HTTP/1.1" 200 345
[27/Aug/2026 07:03:17] "GET /api/latest-detections/ HTTP/1.1" 200 345
[27/Aug/2026 07:03:17] "GET /api/drone-location/ HTTP/1.1" 200 399
[27/Aug/2026 07:03:17] "GET /api/system-status/ HTTP/1.1" 200 479
[27/Aug/2026 07:03:18] "GET /api/latest-detections/ HTTP/1.1" 200 345
[27/Aug/2026 07:03:18] "GET /api/latest-detections/ HTTP/1.1" 200 345
[27/Aug/2026 07:03:18] "GET /api/latest-detections/ HTTP/1.1" 200 345
[27/Aug/2026 07:03:18] "GET /api/drone-location/ HTTP/1.1" 200 398
[27/Aug/2026 07:03:19] "GET /api/latest-detections/ HTTP/1.1" 200 345
[27/Aug/2026 07:03:19] "GET /api/latest-detections/ HTTP/1.1" 200 345
[27/Aug/2026 07:03:19] "GET /api/latest-detections/ HTTP/1.1" 200 345
[27/Aug/2026 07:03:19] "GET /api/drone-location/ HTTP/1.1" 200 398
[27/Aug/2026 07:03:19] "GET /api/latest-detections/ HTTP/1.1" 200 345
[27/Aug/2026 07:03:20] "GET /api/latest-detections/ HTTP/1.1" 200 345
[27/Aug/2026 07:03:20] "GET /api/latest-detections/ HTTP/1.1" 200 345
[27/Aug/2026 07:03:20] "GET /api/latest-detections/ HTTP/1.1" 200 345
[27/Aug/2026 07:03:20] "GET /api/drone-location/ HTTP/1.1" 200 398
[27/Aug/2026 07:03:20] "GET /api/system-status/ HTTP/1.1" 200 479
[27/Aug/2026 07:03:21] "GET /api/latest-detections/ HTTP/1.1" 200 345
[27/Aug/2026 07:03:21] "GET /api/latest-detections/ HTTP/1.1" 200 345
[27/Aug/2026 07:03:21] "GET /api/latest-detections/ HTTP/1.1" 200 345
[27/Aug/2026 07:03:21] "GET /api/drone-location/ HTTP/1.1" 200 398
[27/Aug/2026 07:03:22] "GET /api/latest-detections/ HTTP/1.1" 200 345
[27/Aug/2026 07:03:22] "GET /dashboard/mission/ HTTP/1.1" 200 32880
[27/Aug/2026 07:03:22] "GET /api/drone-location/ HTTP/1.1" 200 398
[27/Aug/2026 07:03:22] "GET /api/latest-detections/ HTTP/1.1" 200 345
[27/Aug/2026 07:03:22] "GET /api/system-status/ HTTP/1.1" 200 479
[27/Aug/2026 07:03:22] "GET /api/latest-detections/ HTTP/1.1" 200 345
[27/Aug/2026 07:03:22] "GET /api/latest-detections/ HTTP/1.1" 200 345
[27/Aug/2026 07:03:23] "GET /api/latest-detections/ HTTP/1.1" 200 345
[27/Aug/2026 07:03:23] "GET /api/drone-location/ HTTP/1.1" 200 395
[27/Aug/2026 07:03:23] "GET /api/latest-detections/ HTTP/1.1" 200 345
[27/Aug/2026 07:03:23] "GET /api/latest-detections/ HTTP/1.1" 200 345
[27/Aug/2026 07:03:24] "GET /api/latest-detections/ HTTP/1.1" 200 345
[27/Aug/2026 07:03:24] "GET /api/drone-location/ HTTP/1.1" 200 395
[27/Aug/2026 07:03:24] "GET /api/latest-detections/ HTTP/1.1" 200 345
[27/Aug/2026 07:03:24] "GET /api/latest-detections/ HTTP/1.1" 200 345
[27/Aug/2026 07:03:24] "GET /api/latest-detections/ HTTP/1.1" 200 345
[27/Aug/2026 07:03:25] "GET /api/latest-detections/ HTTP/1.1" 200 345
[27/Aug/2026 07:03:25] "GET /api/drone-location/ HTTP/1.1" 200 398
[27/Aug/2026 07:03:25] "GET /api/system-status/ HTTP/1.1" 200 479
[27/Aug/2026 07:03:25] "GET /api/latest-detections/ HTTP/1.1" 200 345
[27/Aug/2026 07:03:25] "GET /api/latest-detections/ HTTP/1.1" 200 345
[27/Aug/2026 07:03:26] "GET /api/latest-detections/ HTTP/1.1" 200 345
[27/Aug/2026 07:03:26] "GET /api/drone-location/ HTTP/1.1" 200 398
[27/Aug/2026 07:03:26] "GET /api/latest-detections/ HTTP/1.1" 200 345
[27/Aug/2026 07:03:26] "GET /api/latest-detections/ HTTP/1.1" 200 345
[27/Aug/2026 07:03:27] "GET /api/latest-detections/ HTTP/1.1" 200 345
[27/Aug/2026 07:03:27] "GET /api/drone-location/ HTTP/1.1" 200 399
[27/Aug/2026 07:03:27] "GET /api/latest-detections/ HTTP/1.1" 200 345
[27/Aug/2026 07:03:27] "GET /api/latest-detections/ HTTP/1.1" 200 345
[27/Aug/2026 07:03:27] "GET /api/latest-detections/ HTTP/1.1" 200 345
[27/Aug/2026 07:03:28] "GET /api/latest-detections/ HTTP/1.1" 200 345
[27/Aug/2026 07:03:28] "GET /api/drone-location/ HTTP/1.1" 200 399
[27/Aug/2026 07:03:28] "GET /api/system-status/ HTTP/1.1" 200 479
[27/Aug/2026 07:03:28] "GET /api/latest-detections/ HTTP/1.1" 200 345
[27/Aug/2026 07:03:28] "GET /api/latest-detections/ HTTP/1.1" 200 345
[27/Aug/2026 07:03:29] "GET /api/latest-detections/ HTTP/1.1" 200 345
[27/Aug/2026 07:03:29] "GET /api/drone-location/ HTTP/1.1" 200 398
[27/Aug/2026 07:03:29] "GET /api/latest-detections/ HTTP/1.1" 200 345
[27/Aug/2026 07:03:29] "GET /api/latest-detections/ HTTP/1.1" 200 345
[27/Aug/2026 07:03:30] "GET /api/latest-detections/ HTTP/1.1" 200 345
[27/Aug/2026 07:03:30] "GET /api/drone-location/ HTTP/1.1" 200 398
[27/Aug/2026 07:03:30] "GET /api/latest-detections/ HTTP/1.1" 200 345
[27/Aug/2026 07:03:30] "GET /api/latest-detections/ HTTP/1.1" 200 345
[27/Aug/2026 07:03:30] "GET /api/latest-detections/ HTTP/1.1" 200 345
[27/Aug/2026 07:03:31] "GET /api/latest-detections/ HTTP/1.1" 200 345
[27/Aug/2026 07:03:31] "GET /api/drone-location/ HTTP/1.1" 200 399
[27/Aug/2026 07:03:31] "GET /api/system-status/ HTTP/1.1" 200 479
[27/Aug/2026 07:03:31] "GET /api/latest-detections/ HTTP/1.1" 200 345
[27/Aug/2026 07:03:31] "GET /api/latest-detections/ HTTP/1.1" 200 345
[27/Aug/2026 07:03:32] "GET /api/latest-detections/ HTTP/1.1" 200 345
[27/Aug/2026 07:03:32] "GET /api/drone-location/ HTTP/1.1" 200 399
[27/Aug/2026 07:03:32] "GET /api/latest-detections/ HTTP/1.1" 200 345
[27/Aug/2026 07:03:33] "GET /api/latest-detections/ HTTP/1.1" 200 345
[27/Aug/2026 07:03:34] "GET /api/latest-detections/ HTTP/1.1" 200 345
[27/Aug/2026 07:03:34] "GET /api/drone-location/ HTTP/1.1" 200 399
[27/Aug/2026 07:03:35] "GET /api/latest-detections/ HTTP/1.1" 200 345
[27/Aug/2026 07:03:35] "GET /api/drone-location/ HTTP/1.1" 200 398
[27/Aug/2026 07:03:35] "GET /api/latest-detections/ HTTP/1.1" 200 345
[27/Aug/2026 07:03:35] "GET /api/system-status/ HTTP/1.1" 200 479
[27/Aug/2026 07:03:35] "GET /api/latest-detections/ HTTP/1.1" 200 345
[27/Aug/2026 07:03:36] "GET /api/latest-detections/ HTTP/1.1" 200 345
[27/Aug/2026 07:03:36] "GET /api/drone-location/ HTTP/1.1" 200 398
[27/Aug/2026 07:03:36] "GET /api/latest-detections/ HTTP/1.1" 200 345
[27/Aug/2026 07:03:36] "GET /api/latest-detections/ HTTP/1.1" 200 345
[27/Aug/2026 07:03:36] "GET /api/latest-detections/ HTTP/1.1" 200 345
[27/Aug/2026 07:03:37] "GET /api/latest-detections/ HTTP/1.1" 200 345
[27/Aug/2026 07:03:37] "GET /api/drone-location/ HTTP/1.1" 200 399
[27/Aug/2026 07:03:37] "GET /api/system-status/ HTTP/1.1" 200 479
[27/Aug/2026 07:03:37] "GET /api/latest-detections/ HTTP/1.1" 200 345
[27/Aug/2026 07:03:37] "GET /dashboard/mission/ HTTP/1.1" 200 32880
[27/Aug/2026 07:03:37] "GET /api/drone-location/ HTTP/1.1" 200 399
[27/Aug/2026 07:03:37] "GET /api/latest-detections/ HTTP/1.1" 200 345
[27/Aug/2026 07:03:37] "GET /api/system-status/ HTTP/1.1" 200 479
[27/Aug/2026 07:03:38] "GET /api/latest-detections/ HTTP/1.1" 200 345
[27/Aug/2026 07:03:38] "GET /api/latest-detections/ HTTP/1.1" 200 345
[27/Aug/2026 07:03:38] "GET /api/latest-detections/ HTTP/1.1" 200 345
[27/Aug/2026 07:03:38] "GET /api/drone-location/ HTTP/1.1" 200 399
[27/Aug/2026 07:03:39] "GET /api/latest-detections/ HTTP/1.1" 200 345
[27/Aug/2026 07:03:40] "GET /api/latest-detections/ HTTP/1.1" 200 345
[27/Aug/2026 07:03:40] "GET /api/drone-location/ HTTP/1.1" 200 399
[27/Aug/2026 07:03:41] "GET /api/latest-detections/ HTTP/1.1" 200 345
[27/Aug/2026 07:03:41] "GET /api/drone-location/ HTTP/1.1" 200 398
[27/Aug/2026 07:03:41] "GET /api/system-status/ HTTP/1.1" 200 479
[27/Aug/2026 07:03:42] "GET /api/latest-detections/ HTTP/1.1" 200 344
[27/Aug/2026 07:03:42] "GET /api/drone-location/ HTTP/1.1" 200 398
[27/Aug/2026 07:03:43] "GET /api/latest-detections/ HTTP/1.1" 200 345
[27/Aug/2026 07:03:43] "GET /api/drone-location/ HTTP/1.1" 200 398
[27/Aug/2026 07:03:44] "GET /api/latest-detections/ HTTP/1.1" 200 345
[27/Aug/2026 07:03:44] "GET /api/drone-location/ HTTP/1.1" 200 398
[27/Aug/2026 07:03:44] "GET /api/system-status/ HTTP/1.1" 200 479
[27/Aug/2026 07:03:45] "GET /api/latest-detections/ HTTP/1.1" 200 345
[27/Aug/2026 07:03:45] "GET /api/drone-location/ HTTP/1.1" 200 398
[27/Aug/2026 07:03:46] "GET /api/latest-detections/ HTTP/1.1" 200 345
[27/Aug/2026 07:03:46] "GET /api/drone-location/ HTTP/1.1" 200 398
[27/Aug/2026 07:03:47] "GET /api/latest-detections/ HTTP/1.1" 200 345
[27/Aug/2026 07:03:47] "GET /api/drone-location/ HTTP/1.1" 200 399
[27/Aug/2026 07:03:47] "GET /api/system-status/ HTTP/1.1" 200 479
[27/Aug/2026 07:03:48] "GET /api/latest-detections/ HTTP/1.1" 200 345
[27/Aug/2026 07:03:48] "GET /api/drone-location/ HTTP/1.1" 200 399
[27/Aug/2026 07:03:49] "GET /api/latest-detections/ HTTP/1.1" 200 345
[27/Aug/2026 07:03:49] "GET /api/drone-location/ HTTP/1.1" 200 399
[27/Aug/2026 07:03:50] "GET /api/latest-detections/ HTTP/1.1" 200 345
[27/Aug/2026 07:03:50] "GET /api/drone-location/ HTTP/1.1" 200 399
[27/Aug/2026 07:03:50] "GET /api/system-status/ HTTP/1.1" 200 479
[27/Aug/2026 07:03:51] "GET /api/latest-detections/ HTTP/1.1" 200 345
[27/Aug/2026 07:03:51] "GET /api/drone-location/ HTTP/1.1" 200 399
[27/Aug/2026 07:03:52] "GET /api/latest-detections/ HTTP/1.1" 200 345
[27/Aug/2026 07:03:52] "GET /api/drone-location/ HTTP/1.1" 200 399
[27/Aug/2026 07:03:53] "GET /api/latest-detections/ HTTP/1.1" 200 345
[27/Aug/2026 07:03:53] "GET /api/drone-location/ HTTP/1.1" 200 399
[27/Aug/2026 07:03:53] "GET /api/system-status/ HTTP/1.1" 200 479
[27/Aug/2026 07:03:54] "GET /api/latest-detections/ HTTP/1.1" 200 345
[27/Aug/2026 07:03:54] "GET /api/drone-location/ HTTP/1.1" 200 399
Not Found: /favicon.ico
[27/Aug/2026 07:03:54] "GET /favicon.ico HTTP/1.1" 404 6772
[27/Aug/2026 07:03:55] "GET /api/latest-detections/ HTTP/1.1" 200 345
[27/Aug/2026 07:03:55] "GET /api/drone-location/ HTTP/1.1" 200 399
[27/Aug/2026 07:03:56] "GET /api/latest-detections/ HTTP/1.1" 200 345
[27/Aug/2026 07:03:56] "GET /api/drone-location/ HTTP/1.1" 200 399
[27/Aug/2026 07:03:56] "GET /api/system-status/ HTTP/1.1" 200 479
[27/Aug/2026 07:03:57] "GET /api/latest-detections/ HTTP/1.1" 200 345
[27/Aug/2026 07:03:57] "GET /api/drone-location/ HTTP/1.1" 200 394
[27/Aug/2026 07:03:58] "GET /api/latest-detections/ HTTP/1.1" 200 345
[27/Aug/2026 07:03:58] "GET /api/drone-location/ HTTP/1.1" 200 394
[27/Aug/2026 07:03:59] "GET /api/latest-detections/ HTTP/1.1" 200 345
[27/Aug/2026 07:03:59] "GET /api/drone-location/ HTTP/1.1" 200 398
[27/Aug/2026 07:03:59] "GET /api/system-status/ HTTP/1.1" 200 479
[27/Aug/2026 07:04:00] "GET /api/latest-detections/ HTTP/1.1" 200 345
[27/Aug/2026 07:04:00] "GET /api/drone-location/ HTTP/1.1" 200 398
[27/Aug/2026 07:04:01] "GET /api/latest-detections/ HTTP/1.1" 200 345
[27/Aug/2026 07:04:01] "GET /api/drone-location/ HTTP/1.1" 200 399
[27/Aug/2026 07:04:02] "GET /api/latest-detections/ HTTP/1.1" 200 345
[27/Aug/2026 07:04:02] "GET /api/drone-location/ HTTP/1.1" 200 399
[27/Aug/2026 07:04:02] "GET /api/latest-detections/ HTTP/1.1" 200 345
[27/Aug/2026 07:04:02] "GET /api/system-status/ HTTP/1.1" 200 479
[27/Aug/2026 07:04:02] "GET /api/latest-detections/ HTTP/1.1" 200 345
[27/Aug/2026 07:04:02] "GET /api/drone-location/ HTTP/1.1" 200 398
[27/Aug/2026 07:04:02] "GET /api/latest-detections/ HTTP/1.1" 200 345
[27/Aug/2026 07:04:03] "GET /api/latest-detections/ HTTP/1.1" 200 345
[27/Aug/2026 07:04:03] "GET /api/latest-detections/ HTTP/1.1" 200 345
[27/Aug/2026 07:04:03] "GET /api/drone-location/ HTTP/1.1" 200 398
[27/Aug/2026 07:04:03] "GET /api/latest-detections/ HTTP/1.1" 200 345
[27/Aug/2026 07:04:04] "GET /api/latest-detections/ HTTP/1.1" 200 345
[27/Aug/2026 07:04:04] "GET /api/latest-detections/ HTTP/1.1" 200 345
[27/Aug/2026 07:04:04] "GET /api/latest-detections/ HTTP/1.1" 200 345
[27/Aug/2026 07:04:04] "GET /api/drone-location/ HTTP/1.1" 200 399
[27/Aug/2026 07:04:04] "GET /api/system-status/ HTTP/1.1" 200 479
[27/Aug/2026 07:04:05] "GET /api/latest-detections/ HTTP/1.1" 200 345
[27/Aug/2026 07:04:05] "GET /api/latest-detections/ HTTP/1.1" 200 345
[27/Aug/2026 07:04:05] "GET /api/latest-detections/ HTTP/1.1" 200 345
[27/Aug/2026 07:04:05] "GET /api/drone-location/ HTTP/1.1" 200 399
[27/Aug/2026 07:04:05] "GET /api/latest-detections/ HTTP/1.1" 200 345
[27/Aug/2026 07:04:06] "GET /api/latest-detections/ HTTP/1.1" 200 345
[27/Aug/2026 07:04:06] "GET /api/latest-detections/ HTTP/1.1" 200 345
[27/Aug/2026 07:04:06] "GET /api/drone-location/ HTTP/1.1" 200 398
[27/Aug/2026 07:04:06] "GET /api/latest-detections/ HTTP/1.1" 200 345
[27/Aug/2026 07:04:07] "GET /api/latest-detections/ HTTP/1.1" 200 345
[27/Aug/2026 07:04:07] "GET /api/latest-detections/ HTTP/1.1" 200 345
[27/Aug/2026 07:04:07] "GET /api/latest-detections/ HTTP/1.1" 200 345
[27/Aug/2026 07:04:07] "GET /api/drone-location/ HTTP/1.1" 200 398
[27/Aug/2026 07:04:07] "GET /api/system-status/ HTTP/1.1" 200 479
[27/Aug/2026 07:04:08] "GET /api/latest-detections/ HTTP/1.1" 200 345
[27/Aug/2026 07:04:08] "GET /api/latest-detections/ HTTP/1.1" 200 345
[27/Aug/2026 07:04:08] "GET /api/latest-detections/ HTTP/1.1" 200 345
[27/Aug/2026 07:04:08] "GET /api/drone-location/ HTTP/1.1" 200 399
[27/Aug/2026 07:04:08] "GET /api/latest-detections/ HTTP/1.1" 200 345
[27/Aug/2026 07:04:09] "GET /api/latest-detections/ HTTP/1.1" 200 345
[27/Aug/2026 07:04:09] "GET /api/latest-detections/ HTTP/1.1" 200 344
[27/Aug/2026 07:04:09] "GET /api/drone-location/ HTTP/1.1" 200 399
[27/Aug/2026 07:04:09] "GET /api/latest-detections/ HTTP/1.1" 200 345
[27/Aug/2026 07:04:10] "GET /api/latest-detections/ HTTP/1.1" 200 345
[27/Aug/2026 07:04:10] "GET /api/latest-detections/ HTTP/1.1" 200 345
[27/Aug/2026 07:04:10] "GET /dashboard/mission/ HTTP/1.1" 200 32880
[27/Aug/2026 07:04:10] "GET /api/latest-detections/ HTTP/1.1" 200 345
[27/Aug/2026 07:04:10] "GET /api/drone-location/ HTTP/1.1" 200 398
[27/Aug/2026 07:04:10] "GET /api/system-status/ HTTP/1.1" 200 479
[27/Aug/2026 07:04:11] "GET /api/latest-detections/ HTTP/1.1" 200 345
[27/Aug/2026 07:04:11] "GET /api/latest-detections/ HTTP/1.1" 200 345
[27/Aug/2026 07:04:11] "GET /api/latest-detections/ HTTP/1.1" 200 344
[27/Aug/2026 07:04:11] "GET /api/drone-location/ HTTP/1.1" 200 398
[27/Aug/2026 07:04:11] "GET /api/latest-detections/ HTTP/1.1" 200 345
[27/Aug/2026 07:04:12] "GET /api/latest-detections/ HTTP/1.1" 200 344
[27/Aug/2026 07:04:12] "GET /api/latest-detections/ HTTP/1.1" 200 345
[27/Aug/2026 07:04:12] "GET /api/drone-location/ HTTP/1.1" 200 398
[27/Aug/2026 07:04:12] "GET /api/latest-detections/ HTTP/1.1" 200 344
[27/Aug/2026 07:04:13] "GET /api/latest-detections/ HTTP/1.1" 200 344
[27/Aug/2026 07:04:13] "GET /api/latest-detections/ HTTP/1.1" 200 345
[27/Aug/2026 07:04:13] "GET /api/latest-detections/ HTTP/1.1" 200 345
[27/Aug/2026 07:04:13] "GET /api/drone-location/ HTTP/1.1" 200 398
[27/Aug/2026 07:04:13] "GET /api/system-status/ HTTP/1.1" 200 479
[27/Aug/2026 07:04:14] "GET /api/latest-detections/ HTTP/1.1" 200 345
[27/Aug/2026 07:04:14] "GET /api/latest-detections/ HTTP/1.1" 200 345
[27/Aug/2026 07:04:14] "GET /api/latest-detections/ HTTP/1.1" 200 345
[27/Aug/2026 07:04:14] "GET /api/drone-location/ HTTP/1.1" 200 398
[27/Aug/2026 07:04:14] "GET /api/latest-detections/ HTTP/1.1" 200 345
[27/Aug/2026 07:04:15] "GET /api/latest-detections/ HTTP/1.1" 200 345
[27/Aug/2026 07:04:15] "GET /api/latest-detections/ HTTP/1.1" 200 345
[27/Aug/2026 07:04:15] "GET /api/drone-location/ HTTP/1.1" 200 398
[27/Aug/2026 07:04:15] "GET /dji/login/ HTTP/1.1" 200 10986
[27/Aug/2026 07:04:15] "GET /api/latest-detections/ HTTP/1.1" 200 345
Not Found: /favicon.ico
[27/Aug/2026 07:04:15] "GET /favicon.ico HTTP/1.1" 404 6772
[27/Aug/2026 07:04:16] "GET /api/latest-detections/ HTTP/1.1" 200 345
[27/Aug/2026 07:04:16] "GET /api/latest-detections/ HTTP/1.1" 200 344
[27/Aug/2026 07:04:16] "GET /api/latest-detections/ HTTP/1.1" 200 345
[27/Aug/2026 07:04:16] "GET /api/drone-location/ HTTP/1.1" 200 398
[27/Aug/2026 07:04:16] "GET /api/system-status/ HTTP/1.1" 200 479
[27/Aug/2026 07:04:17] "GET /api/latest-detections/ HTTP/1.1" 200 344
[27/Aug/2026 07:04:17] "GET /api/latest-detections/ HTTP/1.1" 200 345
[27/Aug/2026 07:04:17] "GET /api/latest-detections/ HTTP/1.1" 200 345
[27/Aug/2026 07:04:17] "GET /api/drone-location/ HTTP/1.1" 200 398
[27/Aug/2026 07:04:17] "GET /api/latest-detections/ HTTP/1.1" 200 344
[27/Aug/2026 07:04:18] "GET /api/latest-detections/ HTTP/1.1" 200 344
[27/Aug/2026 07:04:18] "GET /api/latest-detections/ HTTP/1.1" 200 345
[27/Aug/2026 07:04:18] "GET /api/drone-location/ HTTP/1.1" 200 398
[27/Aug/2026 07:04:18] "GET /api/latest-detections/ HTTP/1.1" 200 345
[27/Aug/2026 07:04:19] "GET /api/latest-detections/ HTTP/1.1" 200 345
[27/Aug/2026 07:04:19] "GET /api/latest-detections/ HTTP/1.1" 200 345
[27/Aug/2026 07:04:19] "GET /api/latest-detections/ HTTP/1.1" 200 344
[27/Aug/2026 07:04:19] "GET /api/drone-location/ HTTP/1.1" 200 398
[27/Aug/2026 07:04:19] "GET /api/system-status/ HTTP/1.1" 200 479
[27/Aug/2026 07:04:20] "GET /api/latest-detections/ HTTP/1.1" 200 344
[27/Aug/2026 07:04:20] "GET /api/latest-detections/ HTTP/1.1" 200 344
[27/Aug/2026 07:04:20] "GET /api/latest-detections/ HTTP/1.1" 200 344
[27/Aug/2026 07:04:20] "GET /api/drone-location/ HTTP/1.1" 200 399
[27/Aug/2026 07:04:20] "GET /api/latest-detections/ HTTP/1.1" 200 344
[27/Aug/2026 07:04:21] "GET /api/latest-detections/ HTTP/1.1" 200 345
[27/Aug/2026 07:04:21] "GET /api/latest-detections/ HTTP/1.1" 200 345
[27/Aug/2026 07:04:21] "GET /api/drone-location/ HTTP/1.1" 200 399
[27/Aug/2026 07:04:21] "GET /api/latest-detections/ HTTP/1.1" 200 345
[27/Aug/2026 07:04:22] "GET /api/latest-detections/ HTTP/1.1" 200 344
[27/Aug/2026 07:04:22] "GET /api/latest-detections/ HTTP/1.1" 200 344
[27/Aug/2026 07:04:22] "GET /api/latest-detections/ HTTP/1.1" 200 344
[27/Aug/2026 07:04:22] "GET /api/drone-location/ HTTP/1.1" 200 399
[27/Aug/2026 07:04:22] "GET /api/system-status/ HTTP/1.1" 200 479
[27/Aug/2026 07:04:23] "GET /api/latest-detections/ HTTP/1.1" 200 345
[27/Aug/2026 07:04:23] "GET /api/latest-detections/ HTTP/1.1" 200 345
[27/Aug/2026 07:04:23] "GET /api/latest-detections/ HTTP/1.1" 200 345
[27/Aug/2026 07:04:23] "GET /api/drone-location/ HTTP/1.1" 200 399
[27/Aug/2026 07:04:23] "GET /api/latest-detections/ HTTP/1.1" 200 344
[27/Aug/2026 07:04:24] "GET /api/latest-detections/ HTTP/1.1" 200 344
[27/Aug/2026 07:04:24] "GET /api/latest-detections/ HTTP/1.1" 200 344
[27/Aug/2026 07:04:24] "GET /api/drone-location/ HTTP/1.1" 200 399
[27/Aug/2026 07:04:24] "GET /api/latest-detections/ HTTP/1.1" 200 344
[27/Aug/2026 07:04:25] "GET /dji/login/ HTTP/1.1" 200 10986
[27/Aug/2026 07:04:25] "GET /api/latest-detections/ HTTP/1.1" 200 344
[27/Aug/2026 07:04:25] "GET /api/latest-detections/ HTTP/1.1" 200 344
[27/Aug/2026 07:04:25] "GET /api/latest-detections/ HTTP/1.1" 200 345
[27/Aug/2026 07:04:25] "GET /api/drone-location/ HTTP/1.1" 200 399
[27/Aug/2026 07:04:25] "GET /api/system-status/ HTTP/1.1" 200 479
[27/Aug/2026 07:04:26] "GET /api/latest-detections/ HTTP/1.1" 200 345
[27/Aug/2026 07:04:26] "GET /api/latest-detections/ HTTP/1.1" 200 344
[27/Aug/2026 07:04:26] "GET /api/latest-detections/ HTTP/1.1" 200 345
[27/Aug/2026 07:04:26] "GET /api/drone-location/ HTTP/1.1" 200 399
[27/Aug/2026 07:04:26] "GET /api/latest-detections/ HTTP/1.1" 200 344
[27/Aug/2026 07:04:27] "GET /api/latest-detections/ HTTP/1.1" 200 345
[27/Aug/2026 07:04:27] "GET /api/latest-detections/ HTTP/1.1" 200 344
[27/Aug/2026 07:04:27] "GET /api/drone-location/ HTTP/1.1" 200 399
[27/Aug/2026 07:04:27] "GET /api/latest-detections/ HTTP/1.1" 200 345
[27/Aug/2026 07:04:28] "GET /api/latest-detections/ HTTP/1.1" 200 345
[27/Aug/2026 07:04:28] "GET /api/latest-detections/ HTTP/1.1" 200 345
[27/Aug/2026 07:04:28] "GET /api/latest-detections/ HTTP/1.1" 200 345
[27/Aug/2026 07:04:28] "GET /api/drone-location/ HTTP/1.1" 200 399
[27/Aug/2026 07:04:28] "GET /api/system-status/ HTTP/1.1" 200 479
[27/Aug/2026 07:04:29] "GET /api/latest-detections/ HTTP/1.1" 200 344
[27/Aug/2026 07:04:29] "GET /api/latest-detections/ HTTP/1.1" 200 345
[27/Aug/2026 07:04:29] "GET /dashboard/mission/ HTTP/1.1" 200 32880
[27/Aug/2026 07:04:30] "GET /api/latest-detections/ HTTP/1.1" 200 345
[27/Aug/2026 07:04:30] "GET /api/drone-location/ HTTP/1.1" 200 399
[27/Aug/2026 07:04:30] "GET /api/system-status/ HTTP/1.1" 200 479
[27/Aug/2026 07:04:30] "GET /api/latest-detections/ HTTP/1.1" 200 344
[27/Aug/2026 07:04:30] "GET /api/latest-detections/ HTTP/1.1" 200 344
[27/Aug/2026 07:04:30] "GET /api/latest-detections/ HTTP/1.1" 200 344
[27/Aug/2026 07:04:30] "GET /api/drone-location/ HTTP/1.1" 200 399
[27/Aug/2026 07:04:31] "GET /api/latest-detections/ HTTP/1.1" 200 345
[27/Aug/2026 07:04:31] "GET /api/latest-detections/ HTTP/1.1" 200 345
[27/Aug/2026 07:04:31] "GET /api/latest-detections/ HTTP/1.1" 200 345
[27/Aug/2026 07:04:31] "GET /api/drone-location/ HTTP/1.1" 200 399
[27/Aug/2026 07:04:32] "GET /api/latest-detections/ HTTP/1.1" 200 344
[27/Aug/2026 07:04:32] "GET /api/latest-detections/ HTTP/1.1" 200 345
[27/Aug/2026 07:04:32] "GET /api/latest-detections/ HTTP/1.1" 200 344
[27/Aug/2026 07:04:32] "GET /api/latest-detections/ HTTP/1.1" 200 344
[27/Aug/2026 07:04:32] "GET /api/drone-location/ HTTP/1.1" 200 399
[27/Aug/2026 07:04:33] "GET /api/system-status/ HTTP/1.1" 200 479
[27/Aug/2026 07:04:33] "GET /api/latest-detections/ HTTP/1.1" 200 345
[27/Aug/2026 07:04:33] "GET /api/latest-detections/ HTTP/1.1" 200 345
[27/Aug/2026 07:04:33] "GET /api/latest-detections/ HTTP/1.1" 200 344
[27/Aug/2026 07:04:33] "GET /api/drone-location/ HTTP/1.1" 200 399
[27/Aug/2026 07:04:34] "GET /api/latest-detections/ HTTP/1.1" 200 345
[27/Aug/2026 07:04:34] "GET /api/latest-detections/ HTTP/1.1" 200 345
[27/Aug/2026 07:04:34] "GET /api/latest-detections/ HTTP/1.1" 200 345
[27/Aug/2026 07:04:34] "GET /api/drone-location/ HTTP/1.1" 200 398
[27/Aug/2026 07:04:35] "GET /api/latest-detections/ HTTP/1.1" 200 345
[27/Aug/2026 07:04:35] "GET /api/latest-detections/ HTTP/1.1" 200 345
[27/Aug/2026 07:04:35] "GET /api/latest-detections/ HTTP/1.1" 200 345
[27/Aug/2026 07:04:35] "GET /api/latest-detections/ HTTP/1.1" 200 345
[27/Aug/2026 07:04:35] "GET /api/drone-location/ HTTP/1.1" 200 398
[27/Aug/2026 07:04:36] "GET /api/system-status/ HTTP/1.1" 200 479
[27/Aug/2026 07:04:36] "GET /api/latest-detections/ HTTP/1.1" 200 345
Not Found: /favicon.ico
[27/Aug/2026 07:04:36] "GET /favicon.ico HTTP/1.1" 404 6772
[27/Aug/2026 07:04:36] "GET /api/latest-detections/ HTTP/1.1" 200 345
[27/Aug/2026 07:04:36] "GET /api/latest-detections/ HTTP/1.1" 200 345
[27/Aug/2026 07:04:36] "GET /api/drone-location/ HTTP/1.1" 200 398
[27/Aug/2026 07:04:37] "GET /api/latest-detections/ HTTP/1.1" 200 345
[27/Aug/2026 07:04:37] "GET /api/latest-detections/ HTTP/1.1" 200 345
[27/Aug/2026 07:04:37] "GET /api/latest-detections/ HTTP/1.1" 200 345
[27/Aug/2026 07:04:37] "GET /api/drone-location/ HTTP/1.1" 200 398
[27/Aug/2026 07:04:38] "GET /api/latest-detections/ HTTP/1.1" 200 345
[27/Aug/2026 07:04:38] "GET /api/latest-detections/ HTTP/1.1" 200 345
[27/Aug/2026 07:04:38] "GET /api/latest-detections/ HTTP/1.1" 200 344
[27/Aug/2026 07:04:38] "GET /api/latest-detections/ HTTP/1.1" 200 345
[27/Aug/2026 07:04:38] "GET /api/drone-location/ HTTP/1.1" 200 398
[27/Aug/2026 07:04:39] "GET /api/system-status/ HTTP/1.1" 200 479
[27/Aug/2026 07:04:39] "GET /api/latest-detections/ HTTP/1.1" 200 344
[27/Aug/2026 07:04:39] "GET /api/latest-detections/ HTTP/1.1" 200 345
[27/Aug/2026 07:04:39] "GET /api/latest-detections/ HTTP/1.1" 200 344
[27/Aug/2026 07:04:39] "GET /api/drone-location/ HTTP/1.1" 200 398
[27/Aug/2026 07:04:40] "GET /api/latest-detections/ HTTP/1.1" 200 345
[27/Aug/2026 07:04:40] "GET /api/latest-detections/ HTTP/1.1" 200 344
[27/Aug/2026 07:04:40] "GET /api/latest-detections/ HTTP/1.1" 200 345
[27/Aug/2026 07:04:40] "GET /api/drone-location/ HTTP/1.1" 200 399
[27/Aug/2026 07:04:41] "GET /api/latest-detections/ HTTP/1.1" 200 345
[27/Aug/2026 07:04:41] "GET /api/latest-detections/ HTTP/1.1" 200 345
[27/Aug/2026 07:04:41] "GET /api/latest-detections/ HTTP/1.1" 200 345
[27/Aug/2026 07:04:41] "GET /api/latest-detections/ HTTP/1.1" 200 345
[27/Aug/2026 07:04:41] "GET /api/drone-location/ HTTP/1.1" 200 399
[27/Aug/2026 07:04:42] "GET /api/system-status/ HTTP/1.1" 200 479
[27/Aug/2026 07:04:42] "GET /api/latest-detections/ HTTP/1.1" 200 345
[27/Aug/2026 07:04:42] "GET /api/latest-detections/ HTTP/1.1" 200 345
[27/Aug/2026 07:04:42] "GET /api/latest-detections/ HTTP/1.1" 200 345
[27/Aug/2026 07:04:42] "GET /api/drone-location/ HTTP/1.1" 200 399
[27/Aug/2026 07:04:43] "GET /api/latest-detections/ HTTP/1.1" 200 345
[27/Aug/2026 07:04:43] "GET /api/latest-detections/ HTTP/1.1" 200 345
[27/Aug/2026 07:04:43] "GET /api/latest-detections/ HTTP/1.1" 200 345
[27/Aug/2026 07:04:43] "GET /api/drone-location/ HTTP/1.1" 200 399
[27/Aug/2026 07:04:44] "GET /dashboard/mission/ HTTP/1.1" 200 32880
[27/Aug/2026 07:04:44] "GET /api/latest-detections/ HTTP/1.1" 200 345
[27/Aug/2026 07:04:44] "GET /api/drone-location/ HTTP/1.1" 200 399
[27/Aug/2026 07:04:44] "GET /api/system-status/ HTTP/1.1" 200 479
[27/Aug/2026 07:04:44] "GET /api/latest-detections/ HTTP/1.1" 200 345
[27/Aug/2026 07:04:44] "GET /api/latest-detections/ HTTP/1.1" 200 345
[27/Aug/2026 07:04:45] "GET /api/latest-detections/ HTTP/1.1" 200 345
[27/Aug/2026 07:04:45] "GET /api/drone-location/ HTTP/1.1" 200 399
[27/Aug/2026 07:04:45] "GET /api/latest-detections/ HTTP/1.1" 200 345
[27/Aug/2026 07:04:45] "GET /dashboard/heatmap/ HTTP/1.1" 200 5898
[27/Aug/2026 07:04:45] "GET /api/latest-detections/ HTTP/1.1" 200 345
[27/Aug/2026 07:04:46] "GET /api/detection-dates/ HTTP/1.1" 200 53
[27/Aug/2026 07:04:46] "GET /api/drone-location/ HTTP/1.1" 200 399
[27/Aug/2026 07:04:46] "GET /api/heatmap-data/ HTTP/1.1" 200 14525
[27/Aug/2026 07:04:48] "GET /api/heatmap-data/ HTTP/1.1" 200 14525
[27/Aug/2026 07:04:48] "GET /api/system-status/ HTTP/1.1" 200 479
[27/Aug/2026 07:04:49] "GET /dashboard/remote-control/ HTTP/1.1" 200 34620
[27/Aug/2026 07:05:00] "GET /dashboard/mission/ HTTP/1.1" 200 32880
[27/Aug/2026 07:05:00] "GET /api/drone-location/ HTTP/1.1" 200 399
[27/Aug/2026 07:05:00] "GET /api/latest-detections/ HTTP/1.1" 200 345
[27/Aug/2026 07:05:00] "GET /api/system-status/ HTTP/1.1" 200 479
[27/Aug/2026 07:05:00] "GET /api/latest-detections/ HTTP/1.1" 200 345
[27/Aug/2026 07:05:01] "GET /api/latest-detections/ HTTP/1.1" 200 345
[27/Aug/2026 07:05:01] "GET /api/latest-detections/ HTTP/1.1" 200 345
[27/Aug/2026 07:05:01] "GET /api/drone-location/ HTTP/1.1" 200 399
[27/Aug/2026 07:05:01] "GET /api/latest-detections/ HTTP/1.1" 200 345
[27/Aug/2026 07:05:02] "GET /api/latest-detections/ HTTP/1.1" 200 345
[27/Aug/2026 07:05:02] "GET /api/latest-detections/ HTTP/1.1" 200 345
[27/Aug/2026 07:05:02] "GET /api/drone-location/ HTTP/1.1" 200 399
[27/Aug/2026 07:05:02] "GET /api/latest-detections/ HTTP/1.1" 200 345
[27/Aug/2026 07:05:02] "GET /api/latest-detections/ HTTP/1.1" 200 345
[27/Aug/2026 07:05:03] "GET /api/latest-detections/ HTTP/1.1" 200 345
[27/Aug/2026 07:05:03] "GET /api/latest-detections/ HTTP/1.1" 200 345
[27/Aug/2026 07:05:03] "GET /api/drone-location/ HTTP/1.1" 200 399
[27/Aug/2026 07:05:03] "GET /api/latest-detections/ HTTP/1.1" 200 345
[27/Aug/2026 07:05:03] "GET /api/system-status/ HTTP/1.1" 200 479
[27/Aug/2026 07:05:03] "GET /api/latest-detections/ HTTP/1.1" 200 345
[27/Aug/2026 07:05:04] "GET /api/latest-detections/ HTTP/1.1" 200 345
[27/Aug/2026 07:05:04] "GET /api/latest-detections/ HTTP/1.1" 200 345
[27/Aug/2026 07:05:04] "GET /api/drone-location/ HTTP/1.1" 200 399
[27/Aug/2026 07:05:04] "GET /api/latest-detections/ HTTP/1.1" 200 345
[27/Aug/2026 07:05:05] "GET /api/latest-detections/ HTTP/1.1" 200 345
[27/Aug/2026 07:05:05] "GET /api/latest-detections/ HTTP/1.1" 200 345
[27/Aug/2026 07:05:05] "GET /api/drone-location/ HTTP/1.1" 200 398
[27/Aug/2026 07:05:05] "GET /api/latest-detections/ HTTP/1.1" 200 345
[27/Aug/2026 07:05:05] "GET /api/latest-detections/ HTTP/1.1" 200 345
[27/Aug/2026 07:05:06] "GET /api/latest-detections/ HTTP/1.1" 200 345
[27/Aug/2026 07:05:06] "GET /api/latest-detections/ HTTP/1.1" 200 345
[27/Aug/2026 07:05:06] "GET /api/drone-location/ HTTP/1.1" 200 398
[27/Aug/2026 07:05:06] "GET /api/system-status/ HTTP/1.1" 200 479
[27/Aug/2026 07:05:06] "GET /api/latest-detections/ HTTP/1.1" 200 345
[27/Aug/2026 07:05:07] "GET /api/latest-detections/ HTTP/1.1" 200 345
[27/Aug/2026 07:05:07] "GET /api/latest-detections/ HTTP/1.1" 200 345
[27/Aug/2026 07:05:07] "GET /api/drone-location/ HTTP/1.1" 200 399
[27/Aug/2026 07:05:07] "GET /api/latest-detections/ HTTP/1.1" 200 345
[27/Aug/2026 07:05:08] "GET /api/latest-detections/ HTTP/1.1" 200 345
[27/Aug/2026 07:05:08] "GET /api/latest-detections/ HTTP/1.1" 200 345
[27/Aug/2026 07:05:08] "GET /api/drone-location/ HTTP/1.1" 200 399
[27/Aug/2026 07:05:08] "GET /api/latest-detections/ HTTP/1.1" 200 345
[27/Aug/2026 07:05:08] "GET /api/latest-detections/ HTTP/1.1" 200 345
[27/Aug/2026 07:05:09] "GET /api/latest-detections/ HTTP/1.1" 200 345
[27/Aug/2026 07:05:09] "GET /api/latest-detections/ HTTP/1.1" 200 345
[27/Aug/2026 07:05:09] "GET /api/drone-location/ HTTP/1.1" 200 399
[27/Aug/2026 07:05:09] "GET /api/latest-detections/ HTTP/1.1" 200 345
[27/Aug/2026 07:05:10] "GET /api/system-status/ HTTP/1.1" 200 479
[27/Aug/2026 07:05:10] "GET /api/latest-detections/ HTTP/1.1" 200 345
[27/Aug/2026 07:05:10] "GET /api/latest-detections/ HTTP/1.1" 200 344
[27/Aug/2026 07:05:10] "GET /api/drone-location/ HTTP/1.1" 200 399
[27/Aug/2026 07:05:10] "GET /api/latest-detections/ HTTP/1.1" 200 345
[27/Aug/2026 07:05:11] "GET /api/latest-detections/ HTTP/1.1" 200 345
[27/Aug/2026 07:05:11] "GET /api/latest-detections/ HTTP/1.1" 200 345
[27/Aug/2026 07:05:11] "GET /api/drone-location/ HTTP/1.1" 200 399
[27/Aug/2026 07:05:11] "GET /api/latest-detections/ HTTP/1.1" 200 345
[27/Aug/2026 07:05:11] "GET /api/latest-detections/ HTTP/1.1" 200 345
[27/Aug/2026 07:05:12] "GET /api/latest-detections/ HTTP/1.1" 200 345
[27/Aug/2026 07:05:12] "GET /api/latest-detections/ HTTP/1.1" 200 345
[27/Aug/2026 07:05:12] "GET /api/drone-location/ HTTP/1.1" 200 399
[27/Aug/2026 07:05:12] "GET /api/system-status/ HTTP/1.1" 200 479
[27/Aug/2026 07:05:12] "GET /api/latest-detections/ HTTP/1.1" 200 345
[27/Aug/2026 07:05:13] "GET /api/latest-detections/ HTTP/1.1" 200 345
[27/Aug/2026 07:05:13] "GET /api/latest-detections/ HTTP/1.1" 200 345
[27/Aug/2026 07:05:13] "GET /api/drone-location/ HTTP/1.1" 200 399
[27/Aug/2026 07:05:13] "GET /api/latest-detections/ HTTP/1.1" 200 345
[27/Aug/2026 07:05:14] "GET /api/latest-detections/ HTTP/1.1" 200 345
[27/Aug/2026 07:05:14] "GET /api/latest-detections/ HTTP/1.1" 200 345
[27/Aug/2026 07:05:14] "GET /api/drone-location/ HTTP/1.1" 200 399
[27/Aug/2026 07:05:14] "GET /api/latest-detections/ HTTP/1.1" 200 345
[27/Aug/2026 07:05:14] "GET /api/latest-detections/ HTTP/1.1" 200 345
[27/Aug/2026 07:05:15] "GET /api/latest-detections/ HTTP/1.1" 200 345
[27/Aug/2026 07:05:15] "GET /api/latest-detections/ HTTP/1.1" 200 345
[27/Aug/2026 07:05:15] "GET /api/drone-location/ HTTP/1.1" 200 398
[27/Aug/2026 07:05:15] "GET /api/system-status/ HTTP/1.1" 200 479
[27/Aug/2026 07:05:15] "GET /api/latest-detections/ HTTP/1.1" 200 345
[27/Aug/2026 07:05:16] "GET /api/latest-detections/ HTTP/1.1" 200 345
[27/Aug/2026 07:05:16] "GET /api/latest-detections/ HTTP/1.1" 200 345
[27/Aug/2026 07:05:16] "GET /api/drone-location/ HTTP/1.1" 200 398
[27/Aug/2026 07:05:16] "GET /api/latest-detections/ HTTP/1.1" 200 345
[27/Aug/2026 07:05:17] "GET /api/latest-detections/ HTTP/1.1" 200 345
[27/Aug/2026 07:05:17] "GET /api/latest-detections/ HTTP/1.1" 200 345
[27/Aug/2026 07:05:17] "GET /api/drone-location/ HTTP/1.1" 200 398
[27/Aug/2026 07:05:17] "GET /api/latest-detections/ HTTP/1.1" 200 345
[27/Aug/2026 07:05:17] "GET /api/latest-detections/ HTTP/1.1" 200 345
[27/Aug/2026 07:05:18] "GET /api/latest-detections/ HTTP/1.1" 200 345
[27/Aug/2026 07:05:18] "GET /api/latest-detections/ HTTP/1.1" 200 345
[27/Aug/2026 07:05:18] "GET /api/drone-location/ HTTP/1.1" 200 398
[27/Aug/2026 07:05:18] "GET /api/system-status/ HTTP/1.1" 200 479
[27/Aug/2026 07:05:18] "GET /api/latest-detections/ HTTP/1.1" 200 345
[27/Aug/2026 07:05:19] "GET /api/latest-detections/ HTTP/1.1" 200 344
[27/Aug/2026 07:05:19] "GET /api/latest-detections/ HTTP/1.1" 200 345
[27/Aug/2026 07:05:19] "GET /api/drone-location/ HTTP/1.1" 200 398
[27/Aug/2026 07:05:19] "GET /api/latest-detections/ HTTP/1.1" 200 345
[27/Aug/2026 07:05:20] "GET /api/latest-detections/ HTTP/1.1" 200 345
[27/Aug/2026 07:05:20] "GET /api/latest-detections/ HTTP/1.1" 200 344
[27/Aug/2026 07:05:20] "GET /api/drone-location/ HTTP/1.1" 200 398
[27/Aug/2026 07:05:20] "GET /api/latest-detections/ HTTP/1.1" 200 345
[27/Aug/2026 07:05:20] "GET /api/latest-detections/ HTTP/1.1" 200 345
[27/Aug/2026 07:05:21] "GET /api/latest-detections/ HTTP/1.1" 200 345
[27/Aug/2026 07:05:21] "GET /api/latest-detections/ HTTP/1.1" 200 345
[27/Aug/2026 07:05:21] "GET /api/drone-location/ HTTP/1.1" 200 398
[27/Aug/2026 07:05:21] "GET /api/system-status/ HTTP/1.1" 200 479
[27/Aug/2026 07:05:21] "GET /api/latest-detections/ HTTP/1.1" 200 345
[27/Aug/2026 07:05:22] "GET /api/latest-detections/ HTTP/1.1" 200 345
[27/Aug/2026 07:05:22] "GET /api/latest-detections/ HTTP/1.1" 200 345
[27/Aug/2026 07:05:22] "GET /api/drone-location/ HTTP/1.1" 200 398
[27/Aug/2026 07:05:22] "GET /api/latest-detections/ HTTP/1.1" 200 344
[27/Aug/2026 07:05:23] "GET /api/latest-detections/ HTTP/1.1" 200 345
[27/Aug/2026 07:05:23] "GET /api/latest-detections/ HTTP/1.1" 200 345
[27/Aug/2026 07:05:23] "GET /api/drone-location/ HTTP/1.1" 200 399
[27/Aug/2026 07:05:23] "GET /api/latest-detections/ HTTP/1.1" 200 345
[27/Aug/2026 07:05:23] "GET /api/latest-detections/ HTTP/1.1" 200 345
[27/Aug/2026 07:05:24] "GET /api/latest-detections/ HTTP/1.1" 200 345
[27/Aug/2026 07:05:24] "GET /api/latest-detections/ HTTP/1.1" 200 345
[27/Aug/2026 07:05:24] "GET /api/drone-location/ HTTP/1.1" 200 399
[27/Aug/2026 07:05:24] "GET /api/system-status/ HTTP/1.1" 200 479
[27/Aug/2026 07:05:24] "GET /api/latest-detections/ HTTP/1.1" 200 344
[27/Aug/2026 07:05:25] "GET /api/latest-detections/ HTTP/1.1" 200 345
[27/Aug/2026 07:05:25] "GET /api/latest-detections/ HTTP/1.1" 200 345
[27/Aug/2026 07:05:25] "GET /api/drone-location/ HTTP/1.1" 200 398
[27/Aug/2026 07:05:25] "GET /api/latest-detections/ HTTP/1.1" 200 345
[27/Aug/2026 07:05:26] "GET /api/latest-detections/ HTTP/1.1" 200 345
[27/Aug/2026 07:05:26] "GET /api/latest-detections/ HTTP/1.1" 200 344
[27/Aug/2026 07:05:26] "GET /api/drone-location/ HTTP/1.1" 200 398
[27/Aug/2026 07:05:26] "GET /api/latest-detections/ HTTP/1.1" 200 345
[27/Aug/2026 07:05:26] "GET /api/latest-detections/ HTTP/1.1" 200 345
[27/Aug/2026 07:05:27] "GET /api/latest-detections/ HTTP/1.1" 200 345
[27/Aug/2026 07:05:27] "GET /api/latest-detections/ HTTP/1.1" 200 345
[27/Aug/2026 07:05:27] "GET /api/drone-location/ HTTP/1.1" 200 398
[27/Aug/2026 07:05:27] "GET /api/system-status/ HTTP/1.1" 200 479
[27/Aug/2026 07:05:27] "GET /api/latest-detections/ HTTP/1.1" 200 345
[27/Aug/2026 07:05:28] "GET /api/latest-detections/ HTTP/1.1" 200 344
[27/Aug/2026 07:05:28] "GET /api/latest-detections/ HTTP/1.1" 200 344
[27/Aug/2026 07:05:28] "GET /api/drone-location/ HTTP/1.1" 200 398
[27/Aug/2026 07:05:28] "GET /api/latest-detections/ HTTP/1.1" 200 345
[27/Aug/2026 07:05:29] "GET /api/latest-detections/ HTTP/1.1" 200 345
[27/Aug/2026 07:05:29] "GET /api/latest-detections/ HTTP/1.1" 200 345
[27/Aug/2026 07:05:29] "GET /api/drone-location/ HTTP/1.1" 200 399
[27/Aug/2026 07:05:29] "GET /api/latest-detections/ HTTP/1.1" 200 345
[27/Aug/2026 07:05:29] "GET /api/latest-detections/ HTTP/1.1" 200 344
[27/Aug/2026 07:05:30] "GET /api/latest-detections/ HTTP/1.1" 200 345
[27/Aug/2026 07:05:30] "GET /api/latest-detections/ HTTP/1.1" 200 344
[27/Aug/2026 07:05:30] "GET /api/drone-location/ HTTP/1.1" 200 399
[27/Aug/2026 07:05:30] "GET /api/system-status/ HTTP/1.1" 200 479
[27/Aug/2026 07:05:30] "GET /api/latest-detections/ HTTP/1.1" 200 345
[27/Aug/2026 07:05:31] "GET /api/latest-detections/ HTTP/1.1" 200 345
[27/Aug/2026 07:05:31] "GET /api/latest-detections/ HTTP/1.1" 200 344
[27/Aug/2026 07:05:31] "GET /api/drone-location/ HTTP/1.1" 200 398
[27/Aug/2026 07:05:31] "GET /api/latest-detections/ HTTP/1.1" 200 345
[27/Aug/2026 07:05:32] "GET /api/latest-detections/ HTTP/1.1" 200 344
[27/Aug/2026 07:05:32] "GET /api/latest-detections/ HTTP/1.1" 200 345
[27/Aug/2026 07:05:32] "GET /api/drone-location/ HTTP/1.1" 200 398
[27/Aug/2026 07:05:32] "GET /api/latest-detections/ HTTP/1.1" 200 344
[27/Aug/2026 07:05:32] "GET /api/latest-detections/ HTTP/1.1" 200 345
[27/Aug/2026 07:05:33] "GET /api/latest-detections/ HTTP/1.1" 200 345
[27/Aug/2026 07:05:33] "GET /api/drone-location/ HTTP/1.1" 200 398
[27/Aug/2026 07:05:33] "GET /api/latest-detections/ HTTP/1.1" 200 344
[27/Aug/2026 07:05:33] "GET /api/system-status/ HTTP/1.1" 200 479
[27/Aug/2026 07:05:33] "GET /api/latest-detections/ HTTP/1.1" 200 345
[27/Aug/2026 07:05:34] "GET /api/latest-detections/ HTTP/1.1" 200 345
[27/Aug/2026 07:05:34] "GET /api/latest-detections/ HTTP/1.1" 200 345
[27/Aug/2026 07:05:34] "GET /api/drone-location/ HTTP/1.1" 200 398
[27/Aug/2026 07:05:34] "GET /api/latest-detections/ HTTP/1.1" 200 345
[27/Aug/2026 07:05:35] "GET /api/latest-detections/ HTTP/1.1" 200 345
[27/Aug/2026 07:05:35] "GET /api/latest-detections/ HTTP/1.1" 200 345
[27/Aug/2026 07:05:35] "GET /api/drone-location/ HTTP/1.1" 200 398
[27/Aug/2026 07:05:35] "GET /api/latest-detections/ HTTP/1.1" 200 344
[27/Aug/2026 07:05:35] "GET /api/latest-detections/ HTTP/1.1" 200 345
[27/Aug/2026 07:05:36] "GET /api/latest-detections/ HTTP/1.1" 200 344
[27/Aug/2026 07:05:36] "GET /api/latest-detections/ HTTP/1.1" 200 345
[27/Aug/2026 07:05:36] "GET /api/drone-location/ HTTP/1.1" 200 398
[27/Aug/2026 07:05:36] "GET /api/system-status/ HTTP/1.1" 200 479
[27/Aug/2026 07:05:36] "GET /api/latest-detections/ HTTP/1.1" 200 345
[27/Aug/2026 07:05:37] "GET /api/latest-detections/ HTTP/1.1" 200 345
[27/Aug/2026 07:05:37] "GET /api/latest-detections/ HTTP/1.1" 200 345
[27/Aug/2026 07:05:37] "GET /api/drone-location/ HTTP/1.1" 200 399
[27/Aug/2026 07:05:37] "GET /api/latest-detections/ HTTP/1.1" 200 345
[27/Aug/2026 07:05:38] "GET /api/latest-detections/ HTTP/1.1" 200 345
[27/Aug/2026 07:05:38] "GET /api/latest-detections/ HTTP/1.1" 200 345
[27/Aug/2026 07:05:38] "GET /api/drone-location/ HTTP/1.1" 200 399
[27/Aug/2026 07:05:38] "GET /api/latest-detections/ HTTP/1.1" 200 345
[27/Aug/2026 07:05:38] "GET /api/latest-detections/ HTTP/1.1" 200 345
[27/Aug/2026 07:05:39] "GET /api/latest-detections/ HTTP/1.1" 200 345
[27/Aug/2026 07:05:39] "GET /api/latest-detections/ HTTP/1.1" 200 345
[27/Aug/2026 07:05:39] "GET /api/drone-location/ HTTP/1.1" 200 398
[27/Aug/2026 07:05:39] "GET /api/system-status/ HTTP/1.1" 200 479
[27/Aug/2026 07:05:39] "GET /api/latest-detections/ HTTP/1.1" 200 345
[27/Aug/2026 07:05:40] "GET /api/latest-detections/ HTTP/1.1" 200 345
[27/Aug/2026 07:05:40] "GET /api/latest-detections/ HTTP/1.1" 200 344
[27/Aug/2026 07:05:40] "GET /api/drone-location/ HTTP/1.1" 200 398
[27/Aug/2026 07:05:40] "GET /api/latest-detections/ HTTP/1.1" 200 345
[27/Aug/2026 07:05:41] "GET /api/latest-detections/ HTTP/1.1" 200 345
[27/Aug/2026 07:05:41] "GET /api/latest-detections/ HTTP/1.1" 200 345
[27/Aug/2026 07:05:41] "GET /api/drone-location/ HTTP/1.1" 200 399
[27/Aug/2026 07:05:41] "GET /api/latest-detections/ HTTP/1.1" 200 345
[27/Aug/2026 07:05:41] "GET /api/latest-detections/ HTTP/1.1" 200 345
[27/Aug/2026 07:05:42] "GET /api/latest-detections/ HTTP/1.1" 200 345
[27/Aug/2026 07:05:42] "GET /api/latest-detections/ HTTP/1.1" 200 345
[27/Aug/2026 07:05:42] "GET /api/drone-location/ HTTP/1.1" 200 399
[27/Aug/2026 07:05:42] "GET /api/system-status/ HTTP/1.1" 200 479
[27/Aug/2026 07:05:42] "GET /api/latest-detections/ HTTP/1.1" 200 345
[27/Aug/2026 07:05:43] "GET /api/latest-detections/ HTTP/1.1" 200 345
[27/Aug/2026 07:05:43] "GET /api/latest-detections/ HTTP/1.1" 200 345
[27/Aug/2026 07:05:43] "GET /api/drone-location/ HTTP/1.1" 200 399
[27/Aug/2026 07:05:43] "GET /api/latest-detections/ HTTP/1.1" 200 345
[27/Aug/2026 07:05:44] "GET /api/latest-detections/ HTTP/1.1" 200 345
[27/Aug/2026 07:05:44] "GET /api/latest-detections/ HTTP/1.1" 200 345
[27/Aug/2026 07:05:44] "GET /api/drone-location/ HTTP/1.1" 200 399
[27/Aug/2026 07:05:44] "GET /api/latest-detections/ HTTP/1.1" 200 345
[27/Aug/2026 07:05:44] "GET /api/latest-detections/ HTTP/1.1" 200 345
[27/Aug/2026 07:05:45] "GET /api/latest-detections/ HTTP/1.1" 200 345
[27/Aug/2026 07:05:45] "GET /api/latest-detections/ HTTP/1.1" 200 344
[27/Aug/2026 07:05:45] "GET /api/drone-location/ HTTP/1.1" 200 398
[27/Aug/2026 07:05:45] "GET /api/system-status/ HTTP/1.1" 200 479
[27/Aug/2026 07:05:45] "GET /api/latest-detections/ HTTP/1.1" 200 345
[27/Aug/2026 07:05:46] "GET /api/latest-detections/ HTTP/1.1" 200 345
[27/Aug/2026 07:05:46] "GET /api/latest-detections/ HTTP/1.1" 200 345
[27/Aug/2026 07:05:46] "GET /api/drone-location/ HTTP/1.1" 200 398
[27/Aug/2026 07:05:46] "GET /api/latest-detections/ HTTP/1.1" 200 345
[27/Aug/2026 07:05:47] "GET /api/latest-detections/ HTTP/1.1" 200 345
[27/Aug/2026 07:05:47] "GET /api/latest-detections/ HTTP/1.1" 200 345
[27/Aug/2026 07:05:47] "GET /api/drone-location/ HTTP/1.1" 200 399
[27/Aug/2026 07:05:47] "GET /api/latest-detections/ HTTP/1.1" 200 345
[27/Aug/2026 07:05:47] "GET /api/latest-detections/ HTTP/1.1" 200 345
[27/Aug/2026 07:05:48] "GET /api/latest-detections/ HTTP/1.1" 200 345
[27/Aug/2026 07:05:48] "GET /api/latest-detections/ HTTP/1.1" 200 345
[27/Aug/2026 07:05:48] "GET /api/drone-location/ HTTP/1.1" 200 399
[27/Aug/2026 07:05:48] "GET /api/system-status/ HTTP/1.1" 200 479
[27/Aug/2026 07:05:48] "GET /api/latest-detections/ HTTP/1.1" 200 345
[27/Aug/2026 07:05:49] "GET /api/latest-detections/ HTTP/1.1" 200 345
[27/Aug/2026 07:05:49] "GET /api/latest-detections/ HTTP/1.1" 200 345
[27/Aug/2026 07:05:49] "GET /api/drone-location/ HTTP/1.1" 200 397
[27/Aug/2026 07:05:49] "GET /api/latest-detections/ HTTP/1.1" 200 344
[27/Aug/2026 07:05:50] "GET /api/latest-detections/ HTTP/1.1" 200 345
[27/Aug/2026 07:05:50] "GET /api/latest-detections/ HTTP/1.1" 200 345
[27/Aug/2026 07:05:50] "GET /api/drone-location/ HTTP/1.1" 200 397
[27/Aug/2026 07:05:50] "GET /api/latest-detections/ HTTP/1.1" 200 345
[27/Aug/2026 07:05:51] "GET /api/latest-detections/ HTTP/1.1" 200 345
[27/Aug/2026 07:05:52] "GET /api/latest-detections/ HTTP/1.1" 200 345
[27/Aug/2026 07:05:52] "GET /api/drone-location/ HTTP/1.1" 200 399
[27/Aug/2026 07:05:52] "GET /api/system-status/ HTTP/1.1" 200 479
[27/Aug/2026 07:05:53] "GET /api/latest-detections/ HTTP/1.1" 200 345
[27/Aug/2026 07:05:53] "GET /api/drone-location/ HTTP/1.1" 200 398
[27/Aug/2026 07:05:54] "GET /api/latest-detections/ HTTP/1.1" 200 345
[27/Aug/2026 07:05:54] "GET /api/drone-location/ HTTP/1.1" 200 398
[27/Aug/2026 07:05:55] "GET /api/latest-detections/ HTTP/1.1" 200 345
[27/Aug/2026 07:05:55] "GET /api/drone-location/ HTTP/1.1" 200 398
[27/Aug/2026 07:05:55] "GET /api/system-status/ HTTP/1.1" 200 479
[27/Aug/2026 07:05:56] "GET /api/latest-detections/ HTTP/1.1" 200 345
[27/Aug/2026 07:05:56] "GET /api/drone-location/ HTTP/1.1" 200 398
[27/Aug/2026 07:05:57] "GET /api/latest-detections/ HTTP/1.1" 200 345
[27/Aug/2026 07:05:57] "GET /api/drone-location/ HTTP/1.1" 200 398
[27/Aug/2026 07:05:58] "GET /api/latest-detections/ HTTP/1.1" 200 345
[27/Aug/2026 07:05:58] "GET /api/drone-location/ HTTP/1.1" 200 398
[27/Aug/2026 07:05:58] "GET /api/system-status/ HTTP/1.1" 200 479
[27/Aug/2026 07:05:59] "GET /api/latest-detections/ HTTP/1.1" 200 345
[27/Aug/2026 07:05:59] "GET /api/drone-location/ HTTP/1.1" 200 398
[27/Aug/2026 07:06:00] "GET /api/latest-detections/ HTTP/1.1" 200 345
[27/Aug/2026 07:06:00] "GET /api/drone-location/ HTTP/1.1" 200 398
[27/Aug/2026 07:06:01] "GET /api/latest-detections/ HTTP/1.1" 200 345
[27/Aug/2026 07:06:01] "GET /api/drone-location/ HTTP/1.1" 200 398
[27/Aug/2026 07:06:01] "GET /api/system-status/ HTTP/1.1" 200 480
[27/Aug/2026 07:06:02] "GET /api/latest-detections/ HTTP/1.1" 200 345
[27/Aug/2026 07:06:02] "GET /api/drone-location/ HTTP/1.1" 200 398
[27/Aug/2026 07:06:03] "GET /api/latest-detections/ HTTP/1.1" 200 345
[27/Aug/2026 07:06:03] "GET /api/drone-location/ HTTP/1.1" 200 398
[27/Aug/2026 07:06:04] "GET /api/latest-detections/ HTTP/1.1" 200 345
[27/Aug/2026 07:06:04] "GET /api/drone-location/ HTTP/1.1" 200 398
[27/Aug/2026 07:06:04] "GET /api/system-status/ HTTP/1.1" 200 480
[27/Aug/2026 07:06:05] "GET /api/latest-detections/ HTTP/1.1" 200 345
[27/Aug/2026 07:06:05] "GET /api/drone-location/ HTTP/1.1" 200 398
[27/Aug/2026 07:06:06] "GET /api/latest-detections/ HTTP/1.1" 200 345
[27/Aug/2026 07:06:06] "GET /api/drone-location/ HTTP/1.1" 200 398
[27/Aug/2026 07:06:07] "GET /api/latest-detections/ HTTP/1.1" 200 345
[27/Aug/2026 07:06:07] "GET /api/drone-location/ HTTP/1.1" 200 398
[27/Aug/2026 07:06:07] "GET /api/system-status/ HTTP/1.1" 200 480
[27/Aug/2026 07:06:08] "GET /api/latest-detections/ HTTP/1.1" 200 345
[27/Aug/2026 07:06:08] "GET /api/drone-location/ HTTP/1.1" 200 398
[27/Aug/2026 07:06:08] "GET /dji/login/ HTTP/1.1" 200 10986
Not Found: /favicon.ico
[27/Aug/2026 07:06:08] "GET /favicon.ico HTTP/1.1" 404 6772
[27/Aug/2026 07:06:09] "GET /api/latest-detections/ HTTP/1.1" 200 345
[27/Aug/2026 07:06:09] "GET /api/drone-location/ HTTP/1.1" 200 398
[27/Aug/2026 07:06:10] "GET /api/latest-detections/ HTTP/1.1" 200 345
[27/Aug/2026 07:06:10] "GET /api/drone-location/ HTTP/1.1" 200 398
[27/Aug/2026 07:06:10] "GET /api/system-status/ HTTP/1.1" 200 480
[27/Aug/2026 07:06:10] "GET /dji/login/ HTTP/1.1" 200 10986
[27/Aug/2026 07:06:11] "GET /dji/login/ HTTP/1.1" 200 10986
[27/Aug/2026 07:06:11] "GET /api/latest-detections/ HTTP/1.1" 200 345
[27/Aug/2026 07:06:11] "GET /api/drone-location/ HTTP/1.1" 200 398
[27/Aug/2026 07:06:11] "GET /dji/login/ HTTP/1.1" 200 10986
[27/Aug/2026 07:06:12] "GET /api/latest-detections/ HTTP/1.1" 200 345
[27/Aug/2026 07:06:12] "GET /api/drone-location/ HTTP/1.1" 200 398
[27/Aug/2026 07:06:13] "GET /api/latest-detections/ HTTP/1.1" 200 345
[27/Aug/2026 07:06:13] "GET /api/drone-location/ HTTP/1.1" 200 398
[27/Aug/2026 07:06:13] "GET /api/system-status/ HTTP/1.1" 200 479
[27/Aug/2026 07:06:14] "GET /api/latest-detections/ HTTP/1.1" 200 345
[27/Aug/2026 07:06:14] "GET /api/drone-location/ HTTP/1.1" 200 398
[27/Aug/2026 07:06:15] "GET /api/latest-detections/ HTTP/1.1" 200 345
[27/Aug/2026 07:06:15] "GET /api/drone-location/ HTTP/1.1" 200 398
[27/Aug/2026 07:06:16] "GET /api/latest-detections/ HTTP/1.1" 200 345
[27/Aug/2026 07:06:16] "GET /api/drone-location/ HTTP/1.1" 200 398
[27/Aug/2026 07:06:16] "GET /api/system-status/ HTTP/1.1" 200 479
[27/Aug/2026 07:06:17] "GET /api/latest-detections/ HTTP/1.1" 200 345
[27/Aug/2026 07:06:17] "GET /api/drone-location/ HTTP/1.1" 200 398
[27/Aug/2026 07:06:18] "GET /api/latest-detections/ HTTP/1.1" 200 345
[27/Aug/2026 07:06:18] "GET /api/drone-location/ HTTP/1.1" 200 399
[27/Aug/2026 07:06:19] "GET /api/latest-detections/ HTTP/1.1" 200 345
[27/Aug/2026 07:06:19] "GET /api/drone-location/ HTTP/1.1" 200 399
[27/Aug/2026 07:06:19] "GET /api/system-status/ HTTP/1.1" 200 479
[27/Aug/2026 07:06:20] "GET /api/latest-detections/ HTTP/1.1" 200 345
[27/Aug/2026 07:06:20] "GET /api/drone-location/ HTTP/1.1" 200 399
[27/Aug/2026 07:06:21] "GET /api/latest-detections/ HTTP/1.1" 200 345
[27/Aug/2026 07:06:21] "GET /api/drone-location/ HTTP/1.1" 200 399
[27/Aug/2026 07:06:22] "GET /api/latest-detections/ HTTP/1.1" 200 345
[27/Aug/2026 07:06:22] "GET /api/drone-location/ HTTP/1.1" 200 398
[27/Aug/2026 07:06:22] "GET /api/system-status/ HTTP/1.1" 200 479
[27/Aug/2026 07:06:23] "GET /api/latest-detections/ HTTP/1.1" 200 345
[27/Aug/2026 07:06:23] "GET /api/drone-location/ HTTP/1.1" 200 398
[27/Aug/2026 07:06:24] "GET /api/latest-detections/ HTTP/1.1" 200 345
[27/Aug/2026 07:06:24] "GET /api/drone-location/ HTTP/1.1" 200 398
[27/Aug/2026 07:06:25] "GET /api/latest-detections/ HTTP/1.1" 200 345
[27/Aug/2026 07:06:25] "GET /api/drone-location/ HTTP/1.1" 200 398
[27/Aug/2026 07:06:25] "GET /api/system-status/ HTTP/1.1" 200 479
[27/Aug/2026 07:06:26] "GET /api/latest-detections/ HTTP/1.1" 200 345
[27/Aug/2026 07:06:26] "GET /api/drone-location/ HTTP/1.1" 200 399
[27/Aug/2026 07:06:27] "GET /api/latest-detections/ HTTP/1.1" 200 345
[27/Aug/2026 07:06:27] "GET /api/drone-location/ HTTP/1.1" 200 399
[27/Aug/2026 07:06:28] "GET /api/latest-detections/ HTTP/1.1" 200 345
[27/Aug/2026 07:06:28] "GET /api/drone-location/ HTTP/1.1" 200 399
[27/Aug/2026 07:06:28] "GET /api/system-status/ HTTP/1.1" 200 479
[27/Aug/2026 07:06:29] "GET /api/latest-detections/ HTTP/1.1" 200 345
[27/Aug/2026 07:06:29] "GET /api/drone-location/ HTTP/1.1" 200 399
[27/Aug/2026 07:06:30] "GET /api/latest-detections/ HTTP/1.1" 200 345
[27/Aug/2026 07:06:30] "GET /api/drone-location/ HTTP/1.1" 200 399
[27/Aug/2026 07:06:31] "GET /api/latest-detections/ HTTP/1.1" 200 345
[27/Aug/2026 07:06:31] "GET /api/drone-location/ HTTP/1.1" 200 399
[27/Aug/2026 07:06:31] "GET /api/system-status/ HTTP/1.1" 200 479
[27/Aug/2026 07:06:32] "GET /api/latest-detections/ HTTP/1.1" 200 345
[27/Aug/2026 07:06:32] "GET /api/drone-location/ HTTP/1.1" 200 397
[27/Aug/2026 07:06:33] "GET /api/latest-detections/ HTTP/1.1" 200 345
[27/Aug/2026 07:06:33] "GET /api/drone-location/ HTTP/1.1" 200 397
[27/Aug/2026 07:06:33] "GET /api/latest-detections/ HTTP/1.1" 200 344
[27/Aug/2026 07:06:33] "GET /api/latest-detections/ HTTP/1.1" 200 345
[27/Aug/2026 07:06:33] "GET /api/drone-location/ HTTP/1.1" 200 398
[27/Aug/2026 07:06:33] "GET /api/system-status/ HTTP/1.1" 200 479
[27/Aug/2026 07:06:33] "GET /api/latest-detections/ HTTP/1.1" 200 345
[27/Aug/2026 07:06:34] "GET /api/latest-detections/ HTTP/1.1" 200 345
[27/Aug/2026 07:06:34] "GET /api/latest-detections/ HTTP/1.1" 200 344
[27/Aug/2026 07:06:34] "GET /api/drone-location/ HTTP/1.1" 200 398
[27/Aug/2026 07:06:34] "GET /api/latest-detections/ HTTP/1.1" 200 345
[27/Aug/2026 07:06:34] "GET /dashboard/mission/ HTTP/1.1" 200 32880
[27/Aug/2026 07:06:35] "GET /api/latest-detections/ HTTP/1.1" 200 345
[27/Aug/2026 07:06:35] "GET /api/drone-location/ HTTP/1.1" 200 398
[27/Aug/2026 07:06:35] "GET /api/system-status/ HTTP/1.1" 200 479
[27/Aug/2026 07:06:35] "GET /api/latest-detections/ HTTP/1.1" 200 345
[27/Aug/2026 07:06:35] "GET /api/latest-detections/ HTTP/1.1" 200 345
[27/Aug/2026 07:06:35] "GET /api/latest-detections/ HTTP/1.1" 200 345
[27/Aug/2026 07:06:36] "GET /api/drone-location/ HTTP/1.1" 200 399
[27/Aug/2026 07:06:36] "GET /api/latest-detections/ HTTP/1.1" 200 345
[27/Aug/2026 07:06:36] "GET /api/latest-detections/ HTTP/1.1" 200 345
[27/Aug/2026 07:06:36] "GET /api/latest-detections/ HTTP/1.1" 200 345
[27/Aug/2026 07:06:37] "GET /api/drone-location/ HTTP/1.1" 200 399
[27/Aug/2026 07:06:37] "GET /api/latest-detections/ HTTP/1.1" 200 345
[27/Aug/2026 07:06:37] "GET /api/latest-detections/ HTTP/1.1" 200 345
[27/Aug/2026 07:06:37] "GET /api/latest-detections/ HTTP/1.1" 200 345
[27/Aug/2026 07:06:38] "GET /api/latest-detections/ HTTP/1.1" 200 345
[27/Aug/2026 07:06:38] "GET /api/drone-location/ HTTP/1.1" 200 399
[27/Aug/2026 07:06:38] "GET /api/system-status/ HTTP/1.1" 200 479
[27/Aug/2026 07:06:38] "GET /api/latest-detections/ HTTP/1.1" 200 345
[27/Aug/2026 07:06:38] "GET /dashboard/remote-control/ HTTP/1.1" 200 34620
[27/Aug/2026 07:06:50] "GET /api/start-service/?service=drc&action=start HTTP/1.1" 200 165
[27/Aug/2026 07:07:19] "GET /dashboard/mission/ HTTP/1.1" 200 32880
[27/Aug/2026 07:07:19] "GET /api/latest-detections/ HTTP/1.1" 200 345
[27/Aug/2026 07:07:19] "GET /api/drone-location/ HTTP/1.1" 200 399
[27/Aug/2026 07:07:19] "GET /api/system-status/ HTTP/1.1" 200 479
[27/Aug/2026 07:07:20] "GET /api/latest-detections/ HTTP/1.1" 200 345
[27/Aug/2026 07:07:20] "GET /api/latest-detections/ HTTP/1.1" 200 345
[27/Aug/2026 07:07:20] "GET /api/latest-detections/ HTTP/1.1" 200 345
[27/Aug/2026 07:07:20] "GET /api/drone-location/ HTTP/1.1" 200 399
[27/Aug/2026 07:07:20] "GET /api/latest-detections/ HTTP/1.1" 200 345
[27/Aug/2026 07:07:21] "GET /api/latest-detections/ HTTP/1.1" 200 345
[27/Aug/2026 07:07:21] "GET /api/latest-detections/ HTTP/1.1" 200 345
[27/Aug/2026 07:07:21] "GET /api/drone-location/ HTTP/1.1" 200 399
[27/Aug/2026 07:07:21] "GET /api/latest-detections/ HTTP/1.1" 200 345
[27/Aug/2026 07:07:22] "GET /api/latest-detections/ HTTP/1.1" 200 345
[27/Aug/2026 07:07:22] "GET /api/latest-detections/ HTTP/1.1" 200 345
[27/Aug/2026 07:07:22] "GET /api/latest-detections/ HTTP/1.1" 200 345
[27/Aug/2026 07:07:22] "GET /api/drone-location/ HTTP/1.1" 200 399
[27/Aug/2026 07:07:22] "GET /api/system-status/ HTTP/1.1" 200 479
[27/Aug/2026 07:07:23] "GET /api/latest-detections/ HTTP/1.1" 200 345
[27/Aug/2026 07:07:23] "GET /api/latest-detections/ HTTP/1.1" 200 345
[27/Aug/2026 07:07:23] "GET /api/latest-detections/ HTTP/1.1" 200 345
[27/Aug/2026 07:07:23] "GET /api/drone-location/ HTTP/1.1" 200 398
[27/Aug/2026 07:07:23] "GET /api/latest-detections/ HTTP/1.1" 200 345
[27/Aug/2026 07:07:24] "GET /api/latest-detections/ HTTP/1.1" 200 345
[27/Aug/2026 07:07:24] "GET /api/latest-detections/ HTTP/1.1" 200 345
[27/Aug/2026 07:07:24] "GET /api/drone-location/ HTTP/1.1" 200 398
[27/Aug/2026 07:07:24] "GET /api/latest-detections/ HTTP/1.1" 200 345
[27/Aug/2026 07:07:25] "GET /api/latest-detections/ HTTP/1.1" 200 345
[27/Aug/2026 07:07:25] "GET /api/latest-detections/ HTTP/1.1" 200 345
[27/Aug/2026 07:07:25] "GET /api/latest-detections/ HTTP/1.1" 200 345
[27/Aug/2026 07:07:25] "GET /api/drone-location/ HTTP/1.1" 200 398
[27/Aug/2026 07:07:25] "GET /api/system-status/ HTTP/1.1" 200 479
[27/Aug/2026 07:07:26] "GET /api/latest-detections/ HTTP/1.1" 200 345
[27/Aug/2026 07:07:27] "GET /api/latest-detections/ HTTP/1.1" 200 345
[27/Aug/2026 07:07:27] "GET /api/drone-location/ HTTP/1.1" 200 398
[27/Aug/2026 07:07:28] "GET /api/latest-detections/ HTTP/1.1" 200 345
[27/Aug/2026 07:07:28] "GET /api/drone-location/ HTTP/1.1" 200 399
[27/Aug/2026 07:07:29] "GET /api/latest-detections/ HTTP/1.1" 200 345
[27/Aug/2026 07:07:29] "GET /api/drone-location/ HTTP/1.1" 200 399
[27/Aug/2026 07:07:29] "GET /api/system-status/ HTTP/1.1" 200 479
[27/Aug/2026 07:07:30] "GET /api/latest-detections/ HTTP/1.1" 200 345
[27/Aug/2026 07:07:30] "GET /api/drone-location/ HTTP/1.1" 200 398
[27/Aug/2026 07:07:31] "GET /api/latest-detections/ HTTP/1.1" 200 345
[27/Aug/2026 07:07:31] "GET /api/drone-location/ HTTP/1.1" 200 398
[27/Aug/2026 07:07:32] "GET /api/latest-detections/ HTTP/1.1" 200 345
[27/Aug/2026 07:07:32] "GET /api/drone-location/ HTTP/1.1" 200 398
[27/Aug/2026 07:07:32] "GET /api/system-status/ HTTP/1.1" 200 479
[27/Aug/2026 07:07:33] "GET /api/latest-detections/ HTTP/1.1" 200 345
[27/Aug/2026 07:07:33] "GET /api/drone-location/ HTTP/1.1" 200 398
[27/Aug/2026 07:07:34] "GET /api/latest-detections/ HTTP/1.1" 200 345
[27/Aug/2026 07:07:34] "GET /api/drone-location/ HTTP/1.1" 200 394
[27/Aug/2026 07:07:35] "GET /api/latest-detections/ HTTP/1.1" 200 345
[27/Aug/2026 07:07:35] "GET /api/drone-location/ HTTP/1.1" 200 394
[27/Aug/2026 07:07:35] "GET /api/system-status/ HTTP/1.1" 200 479
[27/Aug/2026 07:07:36] "GET /api/latest-detections/ HTTP/1.1" 200 345
[27/Aug/2026 07:07:36] "GET /api/drone-location/ HTTP/1.1" 200 399
[27/Aug/2026 07:07:37] "GET /api/latest-detections/ HTTP/1.1" 200 345
[27/Aug/2026 07:07:37] "GET /api/drone-location/ HTTP/1.1" 200 399
[27/Aug/2026 07:07:38] "GET /api/latest-detections/ HTTP/1.1" 200 345
[27/Aug/2026 07:07:38] "GET /api/drone-location/ HTTP/1.1" 200 399
[27/Aug/2026 07:07:38] "GET /api/system-status/ HTTP/1.1" 200 479
[27/Aug/2026 07:07:39] "GET /api/latest-detections/ HTTP/1.1" 200 345
[27/Aug/2026 07:07:39] "GET /api/drone-location/ HTTP/1.1" 200 399
[27/Aug/2026 07:07:40] "GET /api/latest-detections/ HTTP/1.1" 200 345
[27/Aug/2026 07:07:40] "GET /api/drone-location/ HTTP/1.1" 200 399
[27/Aug/2026 07:07:41] "GET /api/latest-detections/ HTTP/1.1" 200 345
[27/Aug/2026 07:07:41] "GET /api/drone-location/ HTTP/1.1" 200 399
[27/Aug/2026 07:07:41] "GET /api/system-status/ HTTP/1.1" 200 479
[27/Aug/2026 07:07:42] "GET /api/latest-detections/ HTTP/1.1" 200 345
[27/Aug/2026 07:07:42] "GET /api/drone-location/ HTTP/1.1" 200 398
[27/Aug/2026 07:07:43] "GET /api/latest-detections/ HTTP/1.1" 200 345
[27/Aug/2026 07:07:43] "GET /api/drone-location/ HTTP/1.1" 200 398
[27/Aug/2026 07:07:44] "GET /api/latest-detections/ HTTP/1.1" 200 345
[27/Aug/2026 07:07:44] "GET /api/drone-location/ HTTP/1.1" 200 399
[27/Aug/2026 07:07:44] "GET /api/system-status/ HTTP/1.1" 200 479
[27/Aug/2026 07:07:45] "GET /api/latest-detections/ HTTP/1.1" 200 345
[27/Aug/2026 07:07:45] "GET /api/drone-location/ HTTP/1.1" 200 399
[27/Aug/2026 07:07:46] "GET /api/latest-detections/ HTTP/1.1" 200 345
[27/Aug/2026 07:07:46] "GET /api/drone-location/ HTTP/1.1" 200 399
[27/Aug/2026 07:07:47] "GET /api/latest-detections/ HTTP/1.1" 200 345
[27/Aug/2026 07:07:47] "GET /api/drone-location/ HTTP/1.1" 200 399
[27/Aug/2026 07:07:47] "GET /api/system-status/ HTTP/1.1" 200 479
[27/Aug/2026 07:07:48] "GET /api/latest-detections/ HTTP/1.1" 200 345
[27/Aug/2026 07:07:48] "GET /api/drone-location/ HTTP/1.1" 200 399
[27/Aug/2026 07:07:49] "GET /api/latest-detections/ HTTP/1.1" 200 345
[27/Aug/2026 07:07:49] "GET /api/drone-location/ HTTP/1.1" 200 399
[27/Aug/2026 07:07:50] "GET /api/latest-detections/ HTTP/1.1" 200 345
[27/Aug/2026 07:07:50] "GET /api/drone-location/ HTTP/1.1" 200 398
[27/Aug/2026 07:07:50] "GET /api/system-status/ HTTP/1.1" 200 479
[27/Aug/2026 07:07:51] "GET /api/latest-detections/ HTTP/1.1" 200 345
[27/Aug/2026 07:07:51] "GET /api/drone-location/ HTTP/1.1" 200 398
[27/Aug/2026 07:07:52] "GET /api/latest-detections/ HTTP/1.1" 200 345
[27/Aug/2026 07:07:52] "GET /api/drone-location/ HTTP/1.1" 200 398
[27/Aug/2026 07:07:53] "GET /api/latest-detections/ HTTP/1.1" 200 345
[27/Aug/2026 07:07:53] "GET /api/drone-location/ HTTP/1.1" 200 398
[27/Aug/2026 07:07:53] "GET /api/system-status/ HTTP/1.1" 200 479
[27/Aug/2026 07:07:54] "GET /api/latest-detections/ HTTP/1.1" 200 345
[27/Aug/2026 07:07:54] "GET /api/drone-location/ HTTP/1.1" 200 399
[27/Aug/2026 07:07:55] "GET /api/latest-detections/ HTTP/1.1" 200 345
[27/Aug/2026 07:07:55] "GET /api/drone-location/ HTTP/1.1" 200 399
[27/Aug/2026 07:07:56] "GET /api/latest-detections/ HTTP/1.1" 200 345
[27/Aug/2026 07:07:56] "GET /api/drone-location/ HTTP/1.1" 200 398
[27/Aug/2026 07:07:56] "GET /api/system-status/ HTTP/1.1" 200 479
[27/Aug/2026 07:07:57] "GET /api/latest-detections/ HTTP/1.1" 200 345
[27/Aug/2026 07:07:57] "GET /api/drone-location/ HTTP/1.1" 200 398
[27/Aug/2026 07:07:58] "GET /api/latest-detections/ HTTP/1.1" 200 345
[27/Aug/2026 07:07:58] "GET /api/drone-location/ HTTP/1.1" 200 399
[27/Aug/2026 07:07:59] "GET /api/latest-detections/ HTTP/1.1" 200 345
[27/Aug/2026 07:07:59] "GET /api/drone-location/ HTTP/1.1" 200 399
[27/Aug/2026 07:07:59] "GET /api/system-status/ HTTP/1.1" 200 479
[27/Aug/2026 07:08:00] "GET /api/latest-detections/ HTTP/1.1" 200 345
[27/Aug/2026 07:08:00] "GET /api/drone-location/ HTTP/1.1" 200 399
[27/Aug/2026 07:08:01] "GET /api/latest-detections/ HTTP/1.1" 200 345
[27/Aug/2026 07:08:01] "GET /api/drone-location/ HTTP/1.1" 200 399
[27/Aug/2026 07:08:02] "GET /api/latest-detections/ HTTP/1.1" 200 345
[27/Aug/2026 07:08:02] "GET /api/drone-location/ HTTP/1.1" 200 398
[27/Aug/2026 07:08:02] "GET /api/system-status/ HTTP/1.1" 200 479
[27/Aug/2026 07:08:03] "GET /api/latest-detections/ HTTP/1.1" 200 345
[27/Aug/2026 07:08:03] "GET /api/drone-location/ HTTP/1.1" 200 398
[27/Aug/2026 07:08:04] "GET /api/latest-detections/ HTTP/1.1" 200 345
[27/Aug/2026 07:08:04] "GET /api/drone-location/ HTTP/1.1" 200 398
[27/Aug/2026 07:08:05] "GET /api/latest-detections/ HTTP/1.1" 200 345
[27/Aug/2026 07:08:05] "GET /api/drone-location/ HTTP/1.1" 200 398
[27/Aug/2026 07:08:05] "GET /api/system-status/ HTTP/1.1" 200 479
[27/Aug/2026 07:08:06] "GET /api/latest-detections/ HTTP/1.1" 200 345
[27/Aug/2026 07:08:06] "GET /api/drone-location/ HTTP/1.1" 200 399
[27/Aug/2026 07:08:07] "GET /api/latest-detections/ HTTP/1.1" 200 345
[27/Aug/2026 07:08:07] "GET /api/drone-location/ HTTP/1.1" 200 399
[27/Aug/2026 07:08:07] "GET /api/latest-detections/ HTTP/1.1" 200 345
[27/Aug/2026 07:08:07] "GET /api/latest-detections/ HTTP/1.1" 200 345
[27/Aug/2026 07:08:07] "GET /api/drone-location/ HTTP/1.1" 200 399
[27/Aug/2026 07:08:07] "GET /api/system-status/ HTTP/1.1" 200 479
[27/Aug/2026 07:08:08] "GET /api/latest-detections/ HTTP/1.1" 200 345
[27/Aug/2026 07:08:08] "GET /api/latest-detections/ HTTP/1.1" 200 345
[27/Aug/2026 07:08:09] "GET /api/latest-detections/ HTTP/1.1" 200 345
[27/Aug/2026 07:08:09] "GET /api/drone-location/ HTTP/1.1" 200 399
[27/Aug/2026 07:08:10] "GET /api/latest-detections/ HTTP/1.1" 200 345
[27/Aug/2026 07:08:10] "GET /api/drone-location/ HTTP/1.1" 200 399
[27/Aug/2026 07:08:11] "GET /api/latest-detections/ HTTP/1.1" 200 345
[27/Aug/2026 07:08:11] "GET /api/drone-location/ HTTP/1.1" 200 399
[27/Aug/2026 07:08:11] "GET /api/system-status/ HTTP/1.1" 200 479
[27/Aug/2026 07:08:12] "GET /api/latest-detections/ HTTP/1.1" 200 345
[27/Aug/2026 07:08:12] "GET /api/drone-location/ HTTP/1.1" 200 399
[27/Aug/2026 07:08:13] "GET /api/latest-detections/ HTTP/1.1" 200 345
[27/Aug/2026 07:08:13] "GET /api/drone-location/ HTTP/1.1" 200 399
[27/Aug/2026 07:08:14] "GET /api/latest-detections/ HTTP/1.1" 200 345
[27/Aug/2026 07:08:14] "GET /api/drone-location/ HTTP/1.1" 200 399
[27/Aug/2026 07:08:14] "GET /api/system-status/ HTTP/1.1" 200 479
[27/Aug/2026 07:08:15] "GET /api/latest-detections/ HTTP/1.1" 200 345
[27/Aug/2026 07:08:15] "GET /api/drone-location/ HTTP/1.1" 200 399
[27/Aug/2026 07:08:16] "GET /api/latest-detections/ HTTP/1.1" 200 345
[27/Aug/2026 07:08:16] "GET /api/drone-location/ HTTP/1.1" 200 398
[27/Aug/2026 07:08:17] "GET /api/latest-detections/ HTTP/1.1" 200 345
[27/Aug/2026 07:08:17] "GET /api/drone-location/ HTTP/1.1" 200 398
[27/Aug/2026 07:08:17] "GET /api/system-status/ HTTP/1.1" 200 479
[27/Aug/2026 07:08:18] "GET /api/latest-detections/ HTTP/1.1" 200 345
[27/Aug/2026 07:08:18] "GET /api/drone-location/ HTTP/1.1" 200 390
[27/Aug/2026 07:08:19] "GET /api/latest-detections/ HTTP/1.1" 200 345
[27/Aug/2026 07:08:19] "GET /api/drone-location/ HTTP/1.1" 200 390
[27/Aug/2026 07:08:20] "GET /api/latest-detections/ HTTP/1.1" 200 345
[27/Aug/2026 07:08:20] "GET /api/drone-location/ HTTP/1.1" 200 399
[27/Aug/2026 07:08:20] "GET /api/system-status/ HTTP/1.1" 200 479
[27/Aug/2026 07:08:21] "GET /api/latest-detections/ HTTP/1.1" 200 345
[27/Aug/2026 07:08:21] "GET /api/drone-location/ HTTP/1.1" 200 399
[27/Aug/2026 07:08:22] "GET /api/latest-detections/ HTTP/1.1" 200 345
[27/Aug/2026 07:08:22] "GET /api/drone-location/ HTTP/1.1" 200 399
[27/Aug/2026 07:08:23] "GET /api/latest-detections/ HTTP/1.1" 200 345
[27/Aug/2026 07:08:23] "GET /api/drone-location/ HTTP/1.1" 200 399
[27/Aug/2026 07:08:23] "GET /api/system-status/ HTTP/1.1" 200 479
[27/Aug/2026 07:08:24] "GET /api/latest-detections/ HTTP/1.1" 200 345
[27/Aug/2026 07:08:24] "GET /api/drone-location/ HTTP/1.1" 200 399
[27/Aug/2026 07:08:25] "GET /api/latest-detections/ HTTP/1.1" 200 345
[27/Aug/2026 07:08:25] "GET /api/drone-location/ HTTP/1.1" 200 399
[27/Aug/2026 07:08:26] "GET /api/latest-detections/ HTTP/1.1" 200 345
[27/Aug/2026 07:08:26] "GET /api/drone-location/ HTTP/1.1" 200 399
[27/Aug/2026 07:08:26] "GET /api/system-status/ HTTP/1.1" 200 479
[27/Aug/2026 07:08:27] "GET /api/latest-detections/ HTTP/1.1" 200 345
[27/Aug/2026 07:08:27] "GET /api/drone-location/ HTTP/1.1" 200 399
[27/Aug/2026 07:08:28] "GET /api/latest-detections/ HTTP/1.1" 200 345
[27/Aug/2026 07:08:28] "GET /api/drone-location/ HTTP/1.1" 200 398
[27/Aug/2026 07:08:29] "GET /api/latest-detections/ HTTP/1.1" 200 345
[27/Aug/2026 07:08:29] "GET /api/drone-location/ HTTP/1.1" 200 398
[27/Aug/2026 07:08:29] "GET /api/system-status/ HTTP/1.1" 200 479
[27/Aug/2026 07:08:30] "GET /api/latest-detections/ HTTP/1.1" 200 345
[27/Aug/2026 07:08:30] "GET /api/drone-location/ HTTP/1.1" 200 398
[27/Aug/2026 07:08:31] "GET /api/latest-detections/ HTTP/1.1" 200 345
[27/Aug/2026 07:08:31] "GET /api/drone-location/ HTTP/1.1" 200 398
[27/Aug/2026 07:08:32] "GET /api/latest-detections/ HTTP/1.1" 200 345
[27/Aug/2026 07:08:32] "GET /api/drone-location/ HTTP/1.1" 200 398
[27/Aug/2026 07:08:32] "GET /api/system-status/ HTTP/1.1" 200 479
[27/Aug/2026 07:08:33] "GET /api/latest-detections/ HTTP/1.1" 200 345
[27/Aug/2026 07:08:33] "GET /api/drone-location/ HTTP/1.1" 200 398
[27/Aug/2026 07:08:34] "GET /api/latest-detections/ HTTP/1.1" 200 345
[27/Aug/2026 07:08:34] "GET /api/drone-location/ HTTP/1.1" 200 399
[27/Aug/2026 07:08:35] "GET /api/latest-detections/ HTTP/1.1" 200 345
[27/Aug/2026 07:08:35] "GET /api/drone-location/ HTTP/1.1" 200 399
[27/Aug/2026 07:08:35] "GET /api/system-status/ HTTP/1.1" 200 479
[27/Aug/2026 07:08:36] "GET /api/latest-detections/ HTTP/1.1" 200 345
[27/Aug/2026 07:08:36] "GET /api/drone-location/ HTTP/1.1" 200 399
[27/Aug/2026 07:08:37] "GET /api/latest-detections/ HTTP/1.1" 200 345
[27/Aug/2026 07:08:37] "GET /api/drone-location/ HTTP/1.1" 200 399
[27/Aug/2026 07:08:38] "GET /api/latest-detections/ HTTP/1.1" 200 345
[27/Aug/2026 07:08:38] "GET /api/drone-location/ HTTP/1.1" 200 398
[27/Aug/2026 07:08:38] "GET /api/system-status/ HTTP/1.1" 200 479
[27/Aug/2026 07:08:39] "GET /api/latest-detections/ HTTP/1.1" 200 345
[27/Aug/2026 07:08:39] "GET /api/drone-location/ HTTP/1.1" 200 398
[27/Aug/2026 07:08:40] "GET /api/latest-detections/ HTTP/1.1" 200 345
[27/Aug/2026 07:08:40] "GET /api/drone-location/ HTTP/1.1" 200 399
[27/Aug/2026 07:08:41] "GET /api/latest-detections/ HTTP/1.1" 200 345
[27/Aug/2026 07:08:41] "GET /api/drone-location/ HTTP/1.1" 200 399
[27/Aug/2026 07:08:41] "GET /api/system-status/ HTTP/1.1" 200 479
[27/Aug/2026 07:08:42] "GET /api/latest-detections/ HTTP/1.1" 200 345
[27/Aug/2026 07:08:42] "GET /api/drone-location/ HTTP/1.1" 200 399
[27/Aug/2026 07:08:43] "GET /api/latest-detections/ HTTP/1.1" 200 345
[27/Aug/2026 07:08:43] "GET /api/drone-location/ HTTP/1.1" 200 399
[27/Aug/2026 07:08:44] "GET /api/latest-detections/ HTTP/1.1" 200 345
[27/Aug/2026 07:08:44] "GET /api/drone-location/ HTTP/1.1" 200 398
[27/Aug/2026 07:08:44] "GET /api/system-status/ HTTP/1.1" 200 479
[27/Aug/2026 07:08:45] "GET /api/latest-detections/ HTTP/1.1" 200 345
[27/Aug/2026 07:08:45] "GET /api/drone-location/ HTTP/1.1" 200 398
[27/Aug/2026 07:08:46] "GET /api/latest-detections/ HTTP/1.1" 200 345
[27/Aug/2026 07:08:46] "GET /api/drone-location/ HTTP/1.1" 200 399
[27/Aug/2026 07:08:47] "GET /api/latest-detections/ HTTP/1.1" 200 345
[27/Aug/2026 07:08:47] "GET /api/drone-location/ HTTP/1.1" 200 399
[27/Aug/2026 07:08:47] "GET /api/system-status/ HTTP/1.1" 200 479
[27/Aug/2026 07:08:48] "GET /api/latest-detections/ HTTP/1.1" 200 345
[27/Aug/2026 07:08:48] "GET /api/drone-location/ HTTP/1.1" 200 398
[27/Aug/2026 07:08:49] "GET /api/latest-detections/ HTTP/1.1" 200 345
[27/Aug/2026 07:08:49] "GET /api/drone-location/ HTTP/1.1" 200 398
[27/Aug/2026 07:08:50] "GET /api/latest-detections/ HTTP/1.1" 200 345
[27/Aug/2026 07:08:50] "GET /api/drone-location/ HTTP/1.1" 200 398
[27/Aug/2026 07:08:50] "GET /api/system-status/ HTTP/1.1" 200 479
[27/Aug/2026 07:08:51] "GET /api/latest-detections/ HTTP/1.1" 200 345
[27/Aug/2026 07:08:51] "GET /api/drone-location/ HTTP/1.1" 200 398
[27/Aug/2026 07:08:52] "GET /api/latest-detections/ HTTP/1.1" 200 345
[27/Aug/2026 07:08:52] "GET /api/drone-location/ HTTP/1.1" 200 396
[27/Aug/2026 07:08:53] "GET /api/latest-detections/ HTTP/1.1" 200 345
[27/Aug/2026 07:08:53] "GET /api/drone-location/ HTTP/1.1" 200 396
[27/Aug/2026 07:08:53] "GET /api/system-status/ HTTP/1.1" 200 479
[27/Aug/2026 07:08:54] "GET /api/latest-detections/ HTTP/1.1" 200 345
[27/Aug/2026 07:08:54] "GET /api/drone-location/ HTTP/1.1" 200 399
[27/Aug/2026 07:08:55] "GET /api/latest-detections/ HTTP/1.1" 200 345
[27/Aug/2026 07:08:55] "GET /api/drone-location/ HTTP/1.1" 200 399
[27/Aug/2026 07:08:56] "GET /api/latest-detections/ HTTP/1.1" 200 345
[27/Aug/2026 07:08:56] "GET /api/drone-location/ HTTP/1.1" 200 399
[27/Aug/2026 07:08:56] "GET /api/system-status/ HTTP/1.1" 200 479
[27/Aug/2026 07:08:57] "GET /api/latest-detections/ HTTP/1.1" 200 345
[27/Aug/2026 07:08:57] "GET /api/drone-location/ HTTP/1.1" 200 399
[27/Aug/2026 07:08:58] "GET /api/latest-detections/ HTTP/1.1" 200 345
[27/Aug/2026 07:08:58] "GET /api/drone-location/ HTTP/1.1" 200 399
[27/Aug/2026 07:08:59] "GET /api/latest-detections/ HTTP/1.1" 200 345
[27/Aug/2026 07:08:59] "GET /api/drone-location/ HTTP/1.1" 200 399
[27/Aug/2026 07:08:59] "GET /api/system-status/ HTTP/1.1" 200 479
[27/Aug/2026 07:09:00] "GET /api/latest-detections/ HTTP/1.1" 200 345
[27/Aug/2026 07:09:00] "GET /api/drone-location/ HTTP/1.1" 200 398
[27/Aug/2026 07:09:01] "GET /api/latest-detections/ HTTP/1.1" 200 345
[27/Aug/2026 07:09:01] "GET /api/drone-location/ HTTP/1.1" 200 398
[27/Aug/2026 07:09:02] "GET /api/latest-detections/ HTTP/1.1" 200 345
[27/Aug/2026 07:09:02] "GET /api/drone-location/ HTTP/1.1" 200 398
[27/Aug/2026 07:09:02] "GET /api/system-status/ HTTP/1.1" 200 479
[27/Aug/2026 07:09:03] "GET /api/latest-detections/ HTTP/1.1" 200 345
[27/Aug/2026 07:09:03] "GET /api/drone-location/ HTTP/1.1" 200 398
[27/Aug/2026 07:09:04] "GET /api/latest-detections/ HTTP/1.1" 200 345
[27/Aug/2026 07:09:04] "GET /api/drone-location/ HTTP/1.1" 200 398
[27/Aug/2026 07:09:05] "GET /api/latest-detections/ HTTP/1.1" 200 345
[27/Aug/2026 07:09:05] "GET /api/drone-location/ HTTP/1.1" 200 398
[27/Aug/2026 07:09:05] "GET /api/system-status/ HTTP/1.1" 200 479
[27/Aug/2026 07:09:06] "GET /api/latest-detections/ HTTP/1.1" 200 345
[27/Aug/2026 07:09:06] "GET /api/drone-location/ HTTP/1.1" 200 398
[27/Aug/2026 07:09:07] "GET /api/latest-detections/ HTTP/1.1" 200 345
[27/Aug/2026 07:09:07] "GET /api/drone-location/ HTTP/1.1" 200 398
[27/Aug/2026 07:09:08] "GET /api/latest-detections/ HTTP/1.1" 200 345
[27/Aug/2026 07:09:08] "GET /api/drone-location/ HTTP/1.1" 200 399
[27/Aug/2026 07:09:08] "GET /api/system-status/ HTTP/1.1" 200 479
[27/Aug/2026 07:09:24] "GET /api/latest-detections/ HTTP/1.1" 200 345
[27/Aug/2026 07:09:24] "GET /api/drone-location/ HTTP/1.1" 200 399
[27/Aug/2026 07:09:24] "GET /api/system-status/ HTTP/1.1" 200 479
[27/Aug/2026 07:09:50] "GET /api/latest-detections/ HTTP/1.1" 200 345
[27/Aug/2026 07:09:50] "GET /api/drone-location/ HTTP/1.1" 200 399
[27/Aug/2026 07:09:50] "GET /api/latest-detections/ HTTP/1.1" 200 345
[27/Aug/2026 07:09:50] "GET /api/system-status/ HTTP/1.1" 200 479
[27/Aug/2026 07:09:51] "GET /api/latest-detections/ HTTP/1.1" 200 345
[27/Aug/2026 07:09:51] "GET /api/latest-detections/ HTTP/1.1" 200 345
[27/Aug/2026 07:09:51] "GET /api/drone-location/ HTTP/1.1" 200 399
[27/Aug/2026 07:09:51] "GET /api/latest-detections/ HTTP/1.1" 200 345
[27/Aug/2026 07:09:52] "GET /api/latest-detections/ HTTP/1.1" 200 345
[27/Aug/2026 07:09:52] "GET /api/latest-detections/ HTTP/1.1" 200 345
[27/Aug/2026 07:09:52] "GET /api/latest-detections/ HTTP/1.1" 200 345
[27/Aug/2026 07:09:52] "GET /api/drone-location/ HTTP/1.1" 200 399
[27/Aug/2026 07:09:52] "GET /dashboard/mission/ HTTP/1.1" 200 32880
[27/Aug/2026 07:09:52] "GET /api/system-status/ HTTP/1.1" 200 479
[27/Aug/2026 07:09:53] "GET /api/drone-location/ HTTP/1.1" 200 399
[27/Aug/2026 07:09:53] "GET /api/latest-detections/ HTTP/1.1" 200 344
[27/Aug/2026 07:09:53] "GET /api/system-status/ HTTP/1.1" 200 479
[27/Aug/2026 07:09:53] "GET /api/latest-detections/ HTTP/1.1" 200 345
[27/Aug/2026 07:09:53] "GET /api/latest-detections/ HTTP/1.1" 200 345
[27/Aug/2026 07:09:53] "GET /api/latest-detections/ HTTP/1.1" 200 345
[27/Aug/2026 07:09:54] "GET /api/drone-location/ HTTP/1.1" 200 397
[27/Aug/2026 07:09:54] "GET /api/latest-detections/ HTTP/1.1" 200 344
[27/Aug/2026 07:09:54] "GET /api/latest-detections/ HTTP/1.1" 200 345
[27/Aug/2026 07:09:54] "GET /api/latest-detections/ HTTP/1.1" 200 345
[27/Aug/2026 07:09:55] "GET /api/drone-location/ HTTP/1.1" 200 397
[27/Aug/2026 07:09:55] "GET /api/latest-detections/ HTTP/1.1" 200 345
[27/Aug/2026 07:09:55] "GET /api/latest-detections/ HTTP/1.1" 200 345
[27/Aug/2026 07:09:55] "GET /api/latest-detections/ HTTP/1.1" 200 345
[27/Aug/2026 07:09:56] "GET /api/latest-detections/ HTTP/1.1" 200 345
[27/Aug/2026 07:09:56] "GET /api/drone-location/ HTTP/1.1" 200 398
[27/Aug/2026 07:09:56] "GET /api/system-status/ HTTP/1.1" 200 479
[27/Aug/2026 07:09:56] "GET /api/latest-detections/ HTTP/1.1" 200 345
[27/Aug/2026 07:09:56] "GET /api/latest-detections/ HTTP/1.1" 200 345
[27/Aug/2026 07:09:56] "GET /api/latest-detections/ HTTP/1.1" 200 345
[27/Aug/2026 07:09:57] "GET /api/drone-location/ HTTP/1.1" 200 398
[27/Aug/2026 07:09:57] "GET /api/latest-detections/ HTTP/1.1" 200 344
[27/Aug/2026 07:09:57] "GET /api/latest-detections/ HTTP/1.1" 200 345
[27/Aug/2026 07:09:57] "GET /api/latest-detections/ HTTP/1.1" 200 344
[27/Aug/2026 07:09:58] "GET /api/start-service/?service=telemetry HTTP/1.1" 200 169
[27/Aug/2026 07:09:58] "GET /api/drone-location/ HTTP/1.1" 200 398
[27/Aug/2026 07:09:58] "GET /api/latest-detections/ HTTP/1.1" 200 345
[27/Aug/2026 07:09:58] "GET /api/system-status/ HTTP/1.1" 200 479
[27/Aug/2026 07:09:59] "GET /api/latest-detections/ HTTP/1.1" 200 345
[27/Aug/2026 07:09:59] "GET /api/drone-location/ HTTP/1.1" 200 398
[27/Aug/2026 07:09:59] "GET /api/system-status/ HTTP/1.1" 200 480
[27/Aug/2026 07:09:59] "GET /api/latest-detections/ HTTP/1.1" 200 345
[27/Aug/2026 07:09:59] "GET /api/latest-detections/ HTTP/1.1" 200 345
[27/Aug/2026 07:09:59] "GET /api/start-service/?service=ai HTTP/1.1" 200 166
[27/Aug/2026 07:10:00] "GET /api/latest-detections/ HTTP/1.1" 200 345
[27/Aug/2026 07:10:00] "GET /api/drone-location/ HTTP/1.1" 200 399
[27/Aug/2026 07:10:00] "GET /api/system-status/ HTTP/1.1" 200 479
[27/Aug/2026 07:10:00] "GET /api/latest-detections/ HTTP/1.1" 200 345
[27/Aug/2026 07:10:00] "GET /api/latest-detections/ HTTP/1.1" 200 344
[27/Aug/2026 07:10:01] "GET /api/drone-location/ HTTP/1.1" 200 399
[27/Aug/2026 07:10:01] "GET /api/latest-detections/ HTTP/1.1" 200 344
[27/Aug/2026 07:10:01] "GET /api/start-service/?service=ai HTTP/1.1" 200 166
[27/Aug/2026 07:10:01] "GET /api/latest-detections/ HTTP/1.1" 200 345
[27/Aug/2026 07:10:02] "GET /api/system-status/ HTTP/1.1" 200 479
[27/Aug/2026 07:10:02] "GET /api/drone-location/ HTTP/1.1" 200 398
[27/Aug/2026 07:10:02] "GET /api/latest-detections/ HTTP/1.1" 200 345
[27/Aug/2026 07:10:02] "GET /api/system-status/ HTTP/1.1" 200 479
[27/Aug/2026 07:10:02] "GET /api/latest-detections/ HTTP/1.1" 200 344
[27/Aug/2026 07:10:02] "GET /api/latest-detections/ HTTP/1.1" 200 344
[27/Aug/2026 07:10:02] "GET /api/latest-detections/ HTTP/1.1" 200 344
[27/Aug/2026 07:10:03] "GET /api/drone-location/ HTTP/1.1" 200 398
[27/Aug/2026 07:10:03] "GET /api/latest-detections/ HTTP/1.1" 200 345
[27/Aug/2026 07:10:03] "GET /api/latest-detections/ HTTP/1.1" 200 345
[27/Aug/2026 07:10:03] "GET /dashboard/remote-control/ HTTP/1.1" 200 34620
[27/Aug/2026 07:10:03] "GET /api/latest-detections/ HTTP/1.1" 200 345
[27/Aug/2026 07:10:09] "GET /dashboard/mission/ HTTP/1.1" 200 32880
[27/Aug/2026 07:10:09] "GET /api/latest-detections/ HTTP/1.1" 200 345
[27/Aug/2026 07:10:09] "GET /api/drone-location/ HTTP/1.1" 200 399
[27/Aug/2026 07:10:09] "GET /api/system-status/ HTTP/1.1" 200 479
[27/Aug/2026 07:10:09] "GET /api/latest-detections/ HTTP/1.1" 200 344
[27/Aug/2026 07:10:09] "GET /api/latest-detections/ HTTP/1.1" 200 345
[27/Aug/2026 07:10:10] "GET /api/latest-detections/ HTTP/1.1" 200 344
[27/Aug/2026 07:10:10] "GET /api/drone-location/ HTTP/1.1" 200 398
[27/Aug/2026 07:10:10] "GET /api/latest-detections/ HTTP/1.1" 200 344
[27/Aug/2026 07:10:10] "GET /api/latest-detections/ HTTP/1.1" 200 345
[27/Aug/2026 07:10:11] "GET /api/latest-detections/ HTTP/1.1" 200 345
[27/Aug/2026 07:10:11] "GET /api/drone-location/ HTTP/1.1" 200 398
[27/Aug/2026 07:10:11] "GET /api/latest-detections/ HTTP/1.1" 200 345
[27/Aug/2026 07:10:11] "GET /api/latest-detections/ HTTP/1.1" 200 344
[27/Aug/2026 07:10:11] "GET /api/latest-detections/ HTTP/1.1" 200 345
[27/Aug/2026 07:10:12] "GET /api/latest-detections/ HTTP/1.1" 200 345
[27/Aug/2026 07:10:12] "GET /api/drone-location/ HTTP/1.1" 200 398
[27/Aug/2026 07:10:12] "GET /api/system-status/ HTTP/1.1" 200 479
[27/Aug/2026 07:10:12] "GET /api/latest-detections/ HTTP/1.1" 200 345
[27/Aug/2026 07:10:12] "GET /api/latest-detections/ HTTP/1.1" 200 345
[27/Aug/2026 07:10:13] "GET /api/latest-detections/ HTTP/1.1" 200 345
[27/Aug/2026 07:10:14] "GET /api/latest-detections/ HTTP/1.1" 200 345
[27/Aug/2026 07:10:14] "GET /api/drone-location/ HTTP/1.1" 200 399
[27/Aug/2026 07:10:15] "GET /api/latest-detections/ HTTP/1.1" 200 345
[27/Aug/2026 07:10:15] "GET /api/drone-location/ HTTP/1.1" 200 399
[27/Aug/2026 07:10:15] "GET /api/latest-detections/ HTTP/1.1" 200 345
[27/Aug/2026 07:10:15] "GET /api/drone-location/ HTTP/1.1" 200 399
[27/Aug/2026 07:10:15] "GET /api/system-status/ HTTP/1.1" 200 479
[27/Aug/2026 07:10:15] "GET /api/latest-detections/ HTTP/1.1" 200 344
[27/Aug/2026 07:10:16] "GET /api/latest-detections/ HTTP/1.1" 200 344
[27/Aug/2026 07:10:16] "GET /api/drone-location/ HTTP/1.1" 200 399
[27/Aug/2026 07:10:16] "GET /api/latest-detections/ HTTP/1.1" 200 344
[27/Aug/2026 07:10:16] "GET /api/latest-detections/ HTTP/1.1" 200 345
[27/Aug/2026 07:10:17] "GET /api/latest-detections/ HTTP/1.1" 200 345
[27/Aug/2026 07:10:18] "GET /api/latest-detections/ HTTP/1.1" 200 345
[27/Aug/2026 07:10:18] "GET /api/drone-location/ HTTP/1.1" 200 399
[27/Aug/2026 07:10:19] "GET /api/latest-detections/ HTTP/1.1" 200 345
[27/Aug/2026 07:10:19] "GET /api/drone-location/ HTTP/1.1" 200 399
[27/Aug/2026 07:10:19] "GET /api/system-status/ HTTP/1.1" 200 479
[27/Aug/2026 07:10:20] "GET /api/drone-location/ HTTP/1.1" 200 398
[27/Aug/2026 07:10:20] "GET /api/latest-detections/ HTTP/1.1" 200 345
[27/Aug/2026 07:10:21] "GET /api/latest-detections/ HTTP/1.1" 200 345
[27/Aug/2026 07:10:21] "GET /api/drone-location/ HTTP/1.1" 200 398
[27/Aug/2026 07:10:22] "GET /api/latest-detections/ HTTP/1.1" 200 345
[27/Aug/2026 07:10:22] "GET /api/drone-location/ HTTP/1.1" 200 399
[27/Aug/2026 07:10:22] "GET /api/system-status/ HTTP/1.1" 200 479
[27/Aug/2026 07:10:23] "GET /api/latest-detections/ HTTP/1.1" 200 345
[27/Aug/2026 07:10:23] "GET /api/drone-location/ HTTP/1.1" 200 399
[27/Aug/2026 07:10:24] "GET /api/latest-detections/ HTTP/1.1" 200 345
[27/Aug/2026 07:10:24] "GET /api/drone-location/ HTTP/1.1" 200 399
[27/Aug/2026 07:10:25] "GET /api/latest-detections/ HTTP/1.1" 200 345
[27/Aug/2026 07:10:25] "GET /api/system-status/ HTTP/1.1" 200 479
[27/Aug/2026 07:10:26] "GET /api/latest-detections/ HTTP/1.1" 200 345
[27/Aug/2026 07:10:26] "GET /api/drone-location/ HTTP/1.1" 200 399
[27/Aug/2026 07:10:27] "GET /api/latest-detections/ HTTP/1.1" 200 345
[27/Aug/2026 07:10:27] "GET /api/drone-location/ HTTP/1.1" 200 399
[27/Aug/2026 07:10:28] "GET /api/latest-detections/ HTTP/1.1" 200 345
[27/Aug/2026 07:10:28] "GET /api/drone-location/ HTTP/1.1" 200 399
[27/Aug/2026 07:10:28] "GET /api/system-status/ HTTP/1.1" 200 479
[27/Aug/2026 07:10:29] "GET /api/latest-detections/ HTTP/1.1" 200 345
[27/Aug/2026 07:10:30] "GET /api/drone-location/ HTTP/1.1" 200 399
[27/Aug/2026 07:10:30] "GET /api/latest-detections/ HTTP/1.1" 200 345
[27/Aug/2026 07:10:31] "GET /api/latest-detections/ HTTP/1.1" 200 345
[27/Aug/2026 07:10:31] "GET /api/drone-location/ HTTP/1.1" 200 399
[27/Aug/2026 07:10:31] "GET /api/system-status/ HTTP/1.1" 200 479
[27/Aug/2026 07:10:32] "GET /api/drone-location/ HTTP/1.1" 200 399
[27/Aug/2026 07:10:32] "GET /api/latest-detections/ HTTP/1.1" 200 345
[27/Aug/2026 07:10:33] "GET /api/latest-detections/ HTTP/1.1" 200 345
[27/Aug/2026 07:10:33] "GET /api/drone-location/ HTTP/1.1" 200 399
[27/Aug/2026 07:10:34] "GET /api/latest-detections/ HTTP/1.1" 200 345
[27/Aug/2026 07:10:34] "GET /api/drone-location/ HTTP/1.1" 200 399
[27/Aug/2026 07:10:34] "GET /api/system-status/ HTTP/1.1" 200 479
[27/Aug/2026 07:10:35] "GET /api/latest-detections/ HTTP/1.1" 200 345
[27/Aug/2026 07:10:35] "GET /api/drone-location/ HTTP/1.1" 200 399
[27/Aug/2026 07:10:36] "GET /api/latest-detections/ HTTP/1.1" 200 345
[27/Aug/2026 07:10:36] "GET /api/drone-location/ HTTP/1.1" 200 399
[27/Aug/2026 07:10:37] "GET /api/latest-detections/ HTTP/1.1" 200 345
[27/Aug/2026 07:10:37] "GET /api/drone-location/ HTTP/1.1" 200 399
[27/Aug/2026 07:10:37] "GET /api/system-status/ HTTP/1.1" 200 479
[27/Aug/2026 07:10:38] "GET /api/latest-detections/ HTTP/1.1" 200 345
[27/Aug/2026 07:10:38] "GET /api/drone-location/ HTTP/1.1" 200 398
[27/Aug/2026 07:10:39] "GET /api/latest-detections/ HTTP/1.1" 200 345
[27/Aug/2026 07:10:39] "GET /api/drone-location/ HTTP/1.1" 200 398
[27/Aug/2026 07:10:40] "GET /api/latest-detections/ HTTP/1.1" 200 345
[27/Aug/2026 07:10:40] "GET /api/drone-location/ HTTP/1.1" 200 399
[27/Aug/2026 07:10:40] "GET /api/system-status/ HTTP/1.1" 200 479
[27/Aug/2026 07:10:41] "GET /api/latest-detections/ HTTP/1.1" 200 345
[27/Aug/2026 07:10:41] "GET /api/drone-location/ HTTP/1.1" 200 399
[27/Aug/2026 07:10:42] "GET /api/latest-detections/ HTTP/1.1" 200 345
[27/Aug/2026 07:10:42] "GET /api/drone-location/ HTTP/1.1" 200 399
[27/Aug/2026 07:10:43] "GET /api/latest-detections/ HTTP/1.1" 200 345
[27/Aug/2026 07:10:43] "GET /api/system-status/ HTTP/1.1" 200 479
[27/Aug/2026 07:10:44] "GET /api/latest-detections/ HTTP/1.1" 200 345
[27/Aug/2026 07:10:44] "GET /api/drone-location/ HTTP/1.1" 200 399
[27/Aug/2026 07:10:45] "GET /api/latest-detections/ HTTP/1.1" 200 345
[27/Aug/2026 07:10:45] "GET /api/drone-location/ HTTP/1.1" 200 399
[27/Aug/2026 07:10:46] "GET /api/latest-detections/ HTTP/1.1" 200 345
[27/Aug/2026 07:10:46] "GET /api/drone-location/ HTTP/1.1" 200 398
[27/Aug/2026 07:10:46] "GET /api/system-status/ HTTP/1.1" 200 479
[27/Aug/2026 07:10:47] "GET /api/latest-detections/ HTTP/1.1" 200 345
[27/Aug/2026 07:10:47] "GET /api/drone-location/ HTTP/1.1" 200 398
[27/Aug/2026 07:10:48] "GET /api/latest-detections/ HTTP/1.1" 200 345
[27/Aug/2026 07:10:48] "GET /api/drone-location/ HTTP/1.1" 200 398
[27/Aug/2026 07:10:49] "GET /api/latest-detections/ HTTP/1.1" 200 345
[27/Aug/2026 07:10:49] "GET /api/drone-location/ HTTP/1.1" 200 398
[27/Aug/2026 07:10:49] "GET /api/system-status/ HTTP/1.1" 200 479
[27/Aug/2026 07:10:50] "GET /api/latest-detections/ HTTP/1.1" 200 345
[27/Aug/2026 07:10:50] "GET /api/drone-location/ HTTP/1.1" 200 398
[27/Aug/2026 07:10:51] "GET /api/latest-detections/ HTTP/1.1" 200 345
[27/Aug/2026 07:10:51] "GET /api/drone-location/ HTTP/1.1" 200 398
[27/Aug/2026 07:10:52] "GET /api/latest-detections/ HTTP/1.1" 200 345
[27/Aug/2026 07:10:52] "GET /api/drone-location/ HTTP/1.1" 200 398
[27/Aug/2026 07:10:52] "GET /api/system-status/ HTTP/1.1" 200 479
[27/Aug/2026 07:10:53] "GET /api/latest-detections/ HTTP/1.1" 200 345
[27/Aug/2026 07:10:53] "GET /api/drone-location/ HTTP/1.1" 200 398
[27/Aug/2026 07:10:54] "GET /api/latest-detections/ HTTP/1.1" 200 345
[27/Aug/2026 07:10:55] "GET /api/drone-location/ HTTP/1.1" 200 399
[27/Aug/2026 07:10:55] "GET /api/latest-detections/ HTTP/1.1" 200 345
[27/Aug/2026 07:10:55] "GET /api/system-status/ HTTP/1.1" 200 479
[27/Aug/2026 07:10:56] "GET /api/latest-detections/ HTTP/1.1" 200 345
[27/Aug/2026 07:10:56] "GET /api/drone-location/ HTTP/1.1" 200 399
[27/Aug/2026 07:10:57] "GET /api/latest-detections/ HTTP/1.1" 200 345
[27/Aug/2026 07:10:57] "GET /api/drone-location/ HTTP/1.1" 200 399
[27/Aug/2026 07:10:58] "GET /api/latest-detections/ HTTP/1.1" 200 345
[27/Aug/2026 07:10:58] "GET /api/drone-location/ HTTP/1.1" 200 399
[27/Aug/2026 07:10:58] "GET /api/system-status/ HTTP/1.1" 200 479
[27/Aug/2026 07:10:59] "GET /api/latest-detections/ HTTP/1.1" 200 345
[27/Aug/2026 07:10:59] "GET /api/drone-location/ HTTP/1.1" 200 399
[27/Aug/2026 07:11:00] "GET /api/drone-location/ HTTP/1.1" 200 398
[27/Aug/2026 07:11:00] "GET /api/latest-detections/ HTTP/1.1" 200 345
[27/Aug/2026 07:11:01] "GET /api/latest-detections/ HTTP/1.1" 200 345
[27/Aug/2026 07:11:01] "GET /api/system-status/ HTTP/1.1" 200 479
[27/Aug/2026 07:11:02] "GET /api/latest-detections/ HTTP/1.1" 200 345
[27/Aug/2026 07:11:02] "GET /api/drone-location/ HTTP/1.1" 200 399
[27/Aug/2026 07:11:03] "GET /api/latest-detections/ HTTP/1.1" 200 345
[27/Aug/2026 07:11:03] "GET /api/drone-location/ HTTP/1.1" 200 399
[27/Aug/2026 07:11:04] "GET /api/latest-detections/ HTTP/1.1" 200 345
[27/Aug/2026 07:11:04] "GET /api/drone-location/ HTTP/1.1" 200 399
[27/Aug/2026 07:11:04] "GET /api/system-status/ HTTP/1.1" 200 479
[27/Aug/2026 07:11:04] "GET /api/drone-location/ HTTP/1.1" 200 399
[27/Aug/2026 07:11:04] "GET /api/latest-detections/ HTTP/1.1" 200 345
[27/Aug/2026 07:11:04] "GET /api/latest-detections/ HTTP/1.1" 200 344
[27/Aug/2026 07:11:05] "GET /api/latest-detections/ HTTP/1.1" 200 344
[27/Aug/2026 07:11:05] "GET /api/drone-location/ HTTP/1.1" 200 399
[27/Aug/2026 07:11:05] "GET /api/latest-detections/ HTTP/1.1" 200 345
[27/Aug/2026 07:11:05] "GET /api/latest-detections/ HTTP/1.1" 200 344
[27/Aug/2026 07:11:05] "GET /api/latest-detections/ HTTP/1.1" 200 345
[27/Aug/2026 07:11:06] "GET /api/latest-detections/ HTTP/1.1" 200 345
[27/Aug/2026 07:11:06] "GET /api/drone-location/ HTTP/1.1" 200 399
[27/Aug/2026 07:11:06] "GET /api/system-status/ HTTP/1.1" 200 479
[27/Aug/2026 07:11:06] "GET /api/latest-detections/ HTTP/1.1" 200 345
[27/Aug/2026 07:11:06] "GET /api/latest-detections/ HTTP/1.1" 200 345
[27/Aug/2026 07:11:07] "GET /api/latest-detections/ HTTP/1.1" 200 345
[27/Aug/2026 07:11:07] "GET /api/drone-location/ HTTP/1.1" 200 399
[27/Aug/2026 07:11:07] "GET /api/latest-detections/ HTTP/1.1" 200 345
[27/Aug/2026 07:11:07] "GET /api/latest-detections/ HTTP/1.1" 200 345
[27/Aug/2026 07:11:08] "GET /api/latest-detections/ HTTP/1.1" 200 345
[27/Aug/2026 07:11:08] "GET /api/drone-location/ HTTP/1.1" 200 398
[27/Aug/2026 07:11:08] "GET /api/latest-detections/ HTTP/1.1" 200 345
[27/Aug/2026 07:11:08] "GET /api/latest-detections/ HTTP/1.1" 200 345
[27/Aug/2026 07:11:08] "GET /dashboard/remote-control/ HTTP/1.1" 200 34620
[27/Aug/2026 07:11:08] "GET /api/latest-detections/ HTTP/1.1" 200 344
[27/Aug/2026 07:11:14] "GET /api/start-service/?service=drc&action=start HTTP/1.1" 200 165
[27/Aug/2026 07:11:27] "GET /dashboard/remote-control/ HTTP/1.1" 200 34620
Not Found: /favicon.ico
[27/Aug/2026 07:11:27] "GET /favicon.ico HTTP/1.1" 404 6772
[27/Aug/2026 07:11:32] "GET /api/start-service/?service=drc&action=stop HTTP/1.1" 200 147
[27/Aug/2026 07:11:33] "GET /api/start-service/?service=drc&action=stop HTTP/1.1" 200 159
[27/Aug/2026 07:11:34] "GET /api/start-service/?service=drc&action=stop HTTP/1.1" 200 159
[27/Aug/2026 07:11:34] "GET /api/start-service/?service=drc&action=stop HTTP/1.1" 200 159
[27/Aug/2026 07:11:35] "GET /dashboard/remote-control/ HTTP/1.1" 200 34620
Not Found: /favicon.ico
[27/Aug/2026 07:11:35] "GET /favicon.ico HTTP/1.1" 404 6772
[27/Aug/2026 07:11:39] "GET /api/start-service/?service=drc&action=stop HTTP/1.1" 200 159
[27/Aug/2026 07:11:42] "GET /api/start-service/?service=drc&action=start HTTP/1.1" 200 165
[27/Aug/2026 07:12:17] "GET /dashboard/mission/ HTTP/1.1" 200 32880
[27/Aug/2026 07:12:18] "GET /api/latest-detections/ HTTP/1.1" 200 345
[27/Aug/2026 07:12:18] "GET /api/drone-location/ HTTP/1.1" 200 397
[27/Aug/2026 07:12:18] "GET /api/system-status/ HTTP/1.1" 200 479
[27/Aug/2026 07:12:18] "GET /api/latest-detections/ HTTP/1.1" 200 344
[27/Aug/2026 07:12:18] "GET /api/latest-detections/ HTTP/1.1" 200 345
[27/Aug/2026 07:12:18] "GET /api/latest-detections/ HTTP/1.1" 200 345
[27/Aug/2026 07:12:19] "GET /api/drone-location/ HTTP/1.1" 200 397
[27/Aug/2026 07:12:19] "GET /api/latest-detections/ HTTP/1.1" 200 345
[27/Aug/2026 07:12:19] "GET /api/latest-detections/ HTTP/1.1" 200 345
[27/Aug/2026 07:12:19] "GET /api/latest-detections/ HTTP/1.1" 200 345
[27/Aug/2026 07:12:20] "GET /api/drone-location/ HTTP/1.1" 200 399
[27/Aug/2026 07:12:20] "GET /api/latest-detections/ HTTP/1.1" 200 344
[27/Aug/2026 07:12:20] "GET /api/latest-detections/ HTTP/1.1" 200 345
[27/Aug/2026 07:12:20] "GET /api/latest-detections/ HTTP/1.1" 200 344
[27/Aug/2026 07:12:21] "GET /api/latest-detections/ HTTP/1.1" 200 344
[27/Aug/2026 07:12:21] "GET /api/drone-location/ HTTP/1.1" 200 399
[27/Aug/2026 07:12:21] "GET /api/latest-detections/ HTTP/1.1" 200 345
[27/Aug/2026 07:12:21] "GET /api/system-status/ HTTP/1.1" 200 479
[27/Aug/2026 07:12:21] "GET /dashboard/mission/ HTTP/1.1" 200 32880
[27/Aug/2026 07:12:21] "GET /api/latest-detections/ HTTP/1.1" 200 345
[27/Aug/2026 07:12:21] "GET /api/drone-location/ HTTP/1.1" 200 399
[27/Aug/2026 07:12:21] "GET /api/system-status/ HTTP/1.1" 200 479
[27/Aug/2026 07:12:22] "GET /api/latest-detections/ HTTP/1.1" 200 345
[27/Aug/2026 07:12:22] "GET /api/latest-detections/ HTTP/1.1" 200 345
[27/Aug/2026 07:12:22] "GET /api/latest-detections/ HTTP/1.1" 200 345
[27/Aug/2026 07:12:22] "GET /api/drone-location/ HTTP/1.1" 200 399
[27/Aug/2026 07:12:22] "GET /api/latest-detections/ HTTP/1.1" 200 344
[27/Aug/2026 07:12:23] "GET /api/latest-detections/ HTTP/1.1" 200 345
[27/Aug/2026 07:12:23] "GET /api/latest-detections/ HTTP/1.1" 200 344
[27/Aug/2026 07:12:23] "GET /api/drone-location/ HTTP/1.1" 200 399
[27/Aug/2026 07:12:23] "GET /api/latest-detections/ HTTP/1.1" 200 344
[27/Aug/2026 07:12:24] "GET /api/latest-detections/ HTTP/1.1" 200 344
[27/Aug/2026 07:12:24] "GET /api/latest-detections/ HTTP/1.1" 200 344
[27/Aug/2026 07:12:24] "GET /api/latest-detections/ HTTP/1.1" 200 345
[27/Aug/2026 07:12:24] "GET /api/drone-location/ HTTP/1.1" 200 399
[27/Aug/2026 07:12:24] "GET /api/system-status/ HTTP/1.1" 200 479
[27/Aug/2026 07:12:25] "GET /api/latest-detections/ HTTP/1.1" 200 344
[27/Aug/2026 07:12:25] "GET /api/latest-detections/ HTTP/1.1" 200 345
[27/Aug/2026 07:12:25] "GET /api/latest-detections/ HTTP/1.1" 200 344
[27/Aug/2026 07:12:25] "GET /api/drone-location/ HTTP/1.1" 200 399
[27/Aug/2026 07:12:25] "GET /api/latest-detections/ HTTP/1.1" 200 345
[27/Aug/2026 07:12:27] "GET /api/latest-detections/ HTTP/1.1" 200 345
[27/Aug/2026 07:12:27] "GET /api/drone-location/ HTTP/1.1" 200 399
[27/Aug/2026 07:12:28] "GET /api/latest-detections/ HTTP/1.1" 200 345
[27/Aug/2026 07:12:28] "GET /api/drone-location/ HTTP/1.1" 200 398
[27/Aug/2026 07:12:28] "GET /api/latest-detections/ HTTP/1.1" 200 345
[27/Aug/2026 07:12:28] "GET /api/system-status/ HTTP/1.1" 200 479
[27/Aug/2026 07:12:28] "GET /api/latest-detections/ HTTP/1.1" 200 345
[27/Aug/2026 07:12:28] "GET /api/latest-detections/ HTTP/1.1" 200 345
[27/Aug/2026 07:12:28] "GET /api/drone-location/ HTTP/1.1" 200 398
[27/Aug/2026 07:12:28] "GET /api/latest-detections/ HTTP/1.1" 200 344
[27/Aug/2026 07:12:29] "GET /api/latest-detections/ HTTP/1.1" 200 344
[27/Aug/2026 07:12:29] "GET /api/latest-detections/ HTTP/1.1" 200 345
[27/Aug/2026 07:12:29] "GET /api/latest-detections/ HTTP/1.1" 200 345
[27/Aug/2026 07:12:29] "GET /api/drone-location/ HTTP/1.1" 200 399
[27/Aug/2026 07:12:30] "GET /api/latest-detections/ HTTP/1.1" 200 345
[27/Aug/2026 07:12:30] "GET /api/latest-detections/ HTTP/1.1" 200 345
[27/Aug/2026 07:12:30] "GET /api/latest-detections/ HTTP/1.1" 200 344
[27/Aug/2026 07:12:30] "GET /api/drone-location/ HTTP/1.1" 200 399
[27/Aug/2026 07:12:30] "GET /api/system-status/ HTTP/1.1" 200 479
[27/Aug/2026 07:12:31] "GET /api/latest-detections/ HTTP/1.1" 200 344
[27/Aug/2026 07:12:31] "GET /api/latest-detections/ HTTP/1.1" 200 344
[27/Aug/2026 07:12:31] "GET /api/latest-detections/ HTTP/1.1" 200 345
[27/Aug/2026 07:12:32] "GET /api/latest-detections/ HTTP/1.1" 200 345
[27/Aug/2026 07:12:32] "GET /api/drone-location/ HTTP/1.1" 200 399
[27/Aug/2026 07:12:33] "GET /api/latest-detections/ HTTP/1.1" 200 345
[27/Aug/2026 07:12:33] "GET /api/drone-location/ HTTP/1.1" 200 399
[27/Aug/2026 07:12:34] "GET /api/latest-detections/ HTTP/1.1" 200 345
[27/Aug/2026 07:12:34] "GET /api/drone-location/ HTTP/1.1" 200 399
[27/Aug/2026 07:12:34] "GET /api/system-status/ HTTP/1.1" 200 479
[27/Aug/2026 07:12:35] "GET /api/latest-detections/ HTTP/1.1" 200 345
[27/Aug/2026 07:12:35] "GET /api/drone-location/ HTTP/1.1" 200 399
[27/Aug/2026 07:12:36] "GET /api/latest-detections/ HTTP/1.1" 200 345
[27/Aug/2026 07:12:36] "GET /api/drone-location/ HTTP/1.1" 200 398
[27/Aug/2026 07:12:37] "GET /api/latest-detections/ HTTP/1.1" 200 345
[27/Aug/2026 07:12:37] "GET /api/drone-location/ HTTP/1.1" 200 398
[27/Aug/2026 07:12:37] "GET /api/system-status/ HTTP/1.1" 200 479
[27/Aug/2026 07:12:38] "GET /api/latest-detections/ HTTP/1.1" 200 345
[27/Aug/2026 07:12:38] "GET /api/drone-location/ HTTP/1.1" 200 398
[27/Aug/2026 07:12:39] "GET /api/latest-detections/ HTTP/1.1" 200 345
[27/Aug/2026 07:12:39] "GET /api/drone-location/ HTTP/1.1" 200 398
[27/Aug/2026 07:12:40] "GET /api/latest-detections/ HTTP/1.1" 200 345
[27/Aug/2026 07:12:40] "GET /api/drone-location/ HTTP/1.1" 200 398
[27/Aug/2026 07:12:40] "GET /api/system-status/ HTTP/1.1" 200 479
[27/Aug/2026 07:12:41] "GET /api/latest-detections/ HTTP/1.1" 200 345
[27/Aug/2026 07:12:41] "GET /api/drone-location/ HTTP/1.1" 200 398
[27/Aug/2026 07:12:42] "GET /api/latest-detections/ HTTP/1.1" 200 345
[27/Aug/2026 07:12:42] "GET /api/drone-location/ HTTP/1.1" 200 398
[27/Aug/2026 07:12:43] "GET /api/latest-detections/ HTTP/1.1" 200 345
[27/Aug/2026 07:12:43] "GET /api/drone-location/ HTTP/1.1" 200 398
[27/Aug/2026 07:12:43] "GET /api/system-status/ HTTP/1.1" 200 479
[27/Aug/2026 07:12:44] "GET /api/latest-detections/ HTTP/1.1" 200 345
[27/Aug/2026 07:12:44] "GET /api/drone-location/ HTTP/1.1" 200 399
[27/Aug/2026 07:12:45] "GET /api/latest-detections/ HTTP/1.1" 200 345
[27/Aug/2026 07:12:45] "GET /api/drone-location/ HTTP/1.1" 200 399
Not Found: /favicon.ico
[27/Aug/2026 07:12:45] "GET /favicon.ico HTTP/1.1" 404 6772
[27/Aug/2026 07:12:46] "GET /api/latest-detections/ HTTP/1.1" 200 345
[27/Aug/2026 07:12:46] "GET /api/drone-location/ HTTP/1.1" 200 398
[27/Aug/2026 07:12:46] "GET /api/system-status/ HTTP/1.1" 200 479
[27/Aug/2026 07:12:47] "GET /api/latest-detections/ HTTP/1.1" 200 345
[27/Aug/2026 07:12:47] "GET /api/drone-location/ HTTP/1.1" 200 398
[27/Aug/2026 07:12:48] "GET /api/latest-detections/ HTTP/1.1" 200 345
[27/Aug/2026 07:12:48] "GET /api/drone-location/ HTTP/1.1" 200 398
[27/Aug/2026 07:12:49] "GET /api/latest-detections/ HTTP/1.1" 200 345
[27/Aug/2026 07:12:49] "GET /api/drone-location/ HTTP/1.1" 200 398
[27/Aug/2026 07:12:49] "GET /api/system-status/ HTTP/1.1" 200 479
[27/Aug/2026 07:12:50] "GET /api/latest-detections/ HTTP/1.1" 200 345
[27/Aug/2026 07:12:50] "GET /api/drone-location/ HTTP/1.1" 200 399
[27/Aug/2026 07:12:51] "GET /api/latest-detections/ HTTP/1.1" 200 345
[27/Aug/2026 07:12:51] "GET /api/drone-location/ HTTP/1.1" 200 399
[27/Aug/2026 07:12:52] "GET /api/latest-detections/ HTTP/1.1" 200 345
[27/Aug/2026 07:12:52] "GET /api/drone-location/ HTTP/1.1" 200 399
[27/Aug/2026 07:12:52] "GET /api/system-status/ HTTP/1.1" 200 479
[27/Aug/2026 07:12:53] "GET /api/latest-detections/ HTTP/1.1" 200 345
[27/Aug/2026 07:12:53] "GET /api/drone-location/ HTTP/1.1" 200 399
[27/Aug/2026 07:12:54] "GET /api/latest-detections/ HTTP/1.1" 200 345
[27/Aug/2026 07:12:54] "GET /api/drone-location/ HTTP/1.1" 200 399
[27/Aug/2026 07:12:55] "GET /api/latest-detections/ HTTP/1.1" 200 345
[27/Aug/2026 07:12:55] "GET /api/drone-location/ HTTP/1.1" 200 399
[27/Aug/2026 07:12:55] "GET /api/system-status/ HTTP/1.1" 200 479
[27/Aug/2026 07:12:56] "GET /api/latest-detections/ HTTP/1.1" 200 345
[27/Aug/2026 07:12:56] "GET /api/drone-location/ HTTP/1.1" 200 397
[27/Aug/2026 07:12:57] "GET /api/latest-detections/ HTTP/1.1" 200 345
[27/Aug/2026 07:12:57] "GET /api/drone-location/ HTTP/1.1" 200 397
[27/Aug/2026 07:12:58] "GET /api/latest-detections/ HTTP/1.1" 200 345
[27/Aug/2026 07:12:58] "GET /api/drone-location/ HTTP/1.1" 200 399
[27/Aug/2026 07:12:58] "GET /api/system-status/ HTTP/1.1" 200 479
[27/Aug/2026 07:12:59] "GET /api/latest-detections/ HTTP/1.1" 200 345
[27/Aug/2026 07:12:59] "GET /api/drone-location/ HTTP/1.1" 200 399
[27/Aug/2026 07:13:00] "GET /api/latest-detections/ HTTP/1.1" 200 345
[27/Aug/2026 07:13:00] "GET /api/drone-location/ HTTP/1.1" 200 398
[27/Aug/2026 07:13:01] "GET /api/latest-detections/ HTTP/1.1" 200 345
[27/Aug/2026 07:13:01] "GET /api/drone-location/ HTTP/1.1" 200 398
[27/Aug/2026 07:13:01] "GET /api/system-status/ HTTP/1.1" 200 479
[27/Aug/2026 07:13:02] "GET /api/latest-detections/ HTTP/1.1" 200 345
[27/Aug/2026 07:13:02] "GET /api/drone-location/ HTTP/1.1" 200 398
[27/Aug/2026 07:13:03] "GET /api/latest-detections/ HTTP/1.1" 200 345
[27/Aug/2026 07:13:03] "GET /api/drone-location/ HTTP/1.1" 200 398
[27/Aug/2026 07:13:04] "GET /api/latest-detections/ HTTP/1.1" 200 345
[27/Aug/2026 07:13:04] "GET /api/drone-location/ HTTP/1.1" 200 399
[27/Aug/2026 07:13:04] "GET /api/system-status/ HTTP/1.1" 200 479
[27/Aug/2026 07:13:05] "GET /api/latest-detections/ HTTP/1.1" 200 345
[27/Aug/2026 07:13:05] "GET /api/drone-location/ HTTP/1.1" 200 399
[27/Aug/2026 07:13:06] "GET /api/latest-detections/ HTTP/1.1" 200 345
[27/Aug/2026 07:13:06] "GET /api/drone-location/ HTTP/1.1" 200 398
[27/Aug/2026 07:13:07] "GET /api/latest-detections/ HTTP/1.1" 200 345
[27/Aug/2026 07:13:07] "GET /api/drone-location/ HTTP/1.1" 200 398
[27/Aug/2026 07:13:07] "GET /api/system-status/ HTTP/1.1" 200 479
[27/Aug/2026 07:13:08] "GET /api/latest-detections/ HTTP/1.1" 200 345
[27/Aug/2026 07:13:08] "GET /api/drone-location/ HTTP/1.1" 200 399
[27/Aug/2026 07:13:09] "GET /api/latest-detections/ HTTP/1.1" 200 345
[27/Aug/2026 07:13:09] "GET /api/drone-location/ HTTP/1.1" 200 399
[27/Aug/2026 07:13:10] "GET /api/latest-detections/ HTTP/1.1" 200 345
[27/Aug/2026 07:13:10] "GET /api/drone-location/ HTTP/1.1" 200 399
[27/Aug/2026 07:13:10] "GET /api/system-status/ HTTP/1.1" 200 479
[27/Aug/2026 07:13:11] "GET /api/latest-detections/ HTTP/1.1" 200 345
[27/Aug/2026 07:13:11] "GET /api/drone-location/ HTTP/1.1" 200 399
[27/Aug/2026 07:13:12] "GET /api/latest-detections/ HTTP/1.1" 200 345
[27/Aug/2026 07:13:12] "GET /api/drone-location/ HTTP/1.1" 200 399
[27/Aug/2026 07:13:13] "GET /api/latest-detections/ HTTP/1.1" 200 345
[27/Aug/2026 07:13:13] "GET /api/drone-location/ HTTP/1.1" 200 399
[27/Aug/2026 07:13:13] "GET /api/system-status/ HTTP/1.1" 200 479
[27/Aug/2026 07:13:14] "GET /api/latest-detections/ HTTP/1.1" 200 345
[27/Aug/2026 07:13:14] "GET /api/drone-location/ HTTP/1.1" 200 399
[27/Aug/2026 07:13:15] "GET /api/latest-detections/ HTTP/1.1" 200 345
[27/Aug/2026 07:13:15] "GET /api/drone-location/ HTTP/1.1" 200 399
[27/Aug/2026 07:13:16] "GET /api/latest-detections/ HTTP/1.1" 200 345
[27/Aug/2026 07:13:16] "GET /api/drone-location/ HTTP/1.1" 200 398
[27/Aug/2026 07:13:16] "GET /api/system-status/ HTTP/1.1" 200 479
[27/Aug/2026 07:13:17] "GET /api/latest-detections/ HTTP/1.1" 200 345
[27/Aug/2026 07:13:17] "GET /api/drone-location/ HTTP/1.1" 200 398
[27/Aug/2026 07:13:18] "GET /api/latest-detections/ HTTP/1.1" 200 345
[27/Aug/2026 07:13:18] "GET /api/drone-location/ HTTP/1.1" 200 399
[27/Aug/2026 07:13:19] "GET /api/latest-detections/ HTTP/1.1" 200 345
[27/Aug/2026 07:13:19] "GET /api/drone-location/ HTTP/1.1" 200 399
[27/Aug/2026 07:13:19] "GET /api/system-status/ HTTP/1.1" 200 479
[27/Aug/2026 07:13:20] "GET /api/latest-detections/ HTTP/1.1" 200 345
[27/Aug/2026 07:13:20] "GET /api/drone-location/ HTTP/1.1" 200 399
[27/Aug/2026 07:13:21] "GET /api/latest-detections/ HTTP/1.1" 200 345
[27/Aug/2026 07:13:21] "GET /api/drone-location/ HTTP/1.1" 200 399
[27/Aug/2026 07:13:22] "GET /api/latest-detections/ HTTP/1.1" 200 345
[27/Aug/2026 07:13:22] "GET /api/drone-location/ HTTP/1.1" 200 399
[27/Aug/2026 07:13:22] "GET /api/system-status/ HTTP/1.1" 200 479
[27/Aug/2026 07:13:23] "GET /api/latest-detections/ HTTP/1.1" 200 345
[27/Aug/2026 07:13:23] "GET /api/drone-location/ HTTP/1.1" 200 399
[27/Aug/2026 07:13:24] "GET /api/latest-detections/ HTTP/1.1" 200 345
[27/Aug/2026 07:13:24] "GET /api/drone-location/ HTTP/1.1" 200 399
[27/Aug/2026 07:13:25] "GET /api/latest-detections/ HTTP/1.1" 200 345
[27/Aug/2026 07:13:25] "GET /api/drone-location/ HTTP/1.1" 200 399
[27/Aug/2026 07:13:25] "GET /api/system-status/ HTTP/1.1" 200 479
[27/Aug/2026 07:13:26] "GET /api/latest-detections/ HTTP/1.1" 200 345
[27/Aug/2026 07:13:26] "GET /api/drone-location/ HTTP/1.1" 200 399
[27/Aug/2026 07:13:27] "GET /api/latest-detections/ HTTP/1.1" 200 345
[27/Aug/2026 07:13:27] "GET /api/drone-location/ HTTP/1.1" 200 399
[27/Aug/2026 07:13:28] "GET /api/latest-detections/ HTTP/1.1" 200 345
[27/Aug/2026 07:13:28] "GET /api/drone-location/ HTTP/1.1" 200 399
[27/Aug/2026 07:13:28] "GET /api/system-status/ HTTP/1.1" 200 479
[27/Aug/2026 07:13:29] "GET /api/latest-detections/ HTTP/1.1" 200 345
[27/Aug/2026 07:13:29] "GET /api/drone-location/ HTTP/1.1" 200 399
[27/Aug/2026 07:13:30] "GET /api/latest-detections/ HTTP/1.1" 200 345
[27/Aug/2026 07:13:30] "GET /api/drone-location/ HTTP/1.1" 200 398
[27/Aug/2026 07:13:31] "GET /api/latest-detections/ HTTP/1.1" 200 345
[27/Aug/2026 07:13:31] "GET /api/drone-location/ HTTP/1.1" 200 398
[27/Aug/2026 07:13:31] "GET /api/system-status/ HTTP/1.1" 200 479
[27/Aug/2026 07:14:24] "GET /api/latest-detections/ HTTP/1.1" 200 345
[27/Aug/2026 07:14:24] "GET /api/drone-location/ HTTP/1.1" 200 398
[27/Aug/2026 07:14:24] "GET /api/system-status/ HTTP/1.1" 200 479
[27/Aug/2026 07:14:37] "GET /api/latest-detections/ HTTP/1.1" 200 344
[27/Aug/2026 07:14:37] "GET /api/drone-location/ HTTP/1.1" 200 399
[27/Aug/2026 07:14:37] "GET /api/system-status/ HTTP/1.1" 200 479
[27/Aug/2026 07:14:37] "GET /api/latest-detections/ HTTP/1.1" 200 345
[27/Aug/2026 07:14:38] "GET /api/latest-detections/ HTTP/1.1" 200 344
[27/Aug/2026 07:14:38] "GET /api/latest-detections/ HTTP/1.1" 200 345
[27/Aug/2026 07:14:38] "GET /api/drone-location/ HTTP/1.1" 200 399
[27/Aug/2026 07:14:38] "GET /api/latest-detections/ HTTP/1.1" 200 345
[27/Aug/2026 07:14:39] "GET /api/latest-detections/ HTTP/1.1" 200 345
[27/Aug/2026 07:14:39] "GET /api/latest-detections/ HTTP/1.1" 200 345
[27/Aug/2026 07:14:39] "GET /api/latest-detections/ HTTP/1.1" 200 345
[27/Aug/2026 07:14:39] "GET /api/drone-location/ HTTP/1.1" 200 397
[27/Aug/2026 07:14:39] "GET /api/system-status/ HTTP/1.1" 200 479
[27/Aug/2026 07:14:40] "GET /api/latest-detections/ HTTP/1.1" 200 345
[27/Aug/2026 07:14:40] "GET /api/latest-detections/ HTTP/1.1" 200 345
[27/Aug/2026 07:14:40] "GET /api/latest-detections/ HTTP/1.1" 200 345
[27/Aug/2026 07:14:40] "GET /api/drone-location/ HTTP/1.1" 200 397
[27/Aug/2026 07:14:40] "GET /api/latest-detections/ HTTP/1.1" 200 344
[27/Aug/2026 07:14:41] "GET /api/latest-detections/ HTTP/1.1" 200 345
[27/Aug/2026 07:14:41] "GET /dashboard/remote-control/ HTTP/1.1" 200 34620
[27/Aug/2026 07:14:46] "GET /api/start-service/?service=drc&action=stop HTTP/1.1" 200 147
[27/Aug/2026 07:14:47] "GET /api/start-service/?service=drc&action=start HTTP/1.1" 200 165
[27/Aug/2026 07:15:03] "GET /dashboard/remote-control/ HTTP/1.1" 200 34620
Not Found: /favicon.ico
[27/Aug/2026 07:15:03] "GET /favicon.ico HTTP/1.1" 404 6772
[27/Aug/2026 07:15:06] "GET /api/start-service/?service=drc&action=start HTTP/1.1" 200 165
[27/Aug/2026 07:15:41] "GET /api/start-service/?service=drc HTTP/1.1" 200 146
[27/Aug/2026 07:15:42] "GET /api/start-service/?service=drc HTTP/1.1" 200 146
[27/Aug/2026 07:16:50] "GET /dashboard/mission/ HTTP/1.1" 200 32880
[27/Aug/2026 07:16:50] "GET /api/latest-detections/ HTTP/1.1" 200 345
[27/Aug/2026 07:16:50] "GET /api/drone-location/ HTTP/1.1" 200 398
[27/Aug/2026 07:16:50] "GET /api/system-status/ HTTP/1.1" 200 480
[27/Aug/2026 07:16:51] "GET /api/latest-detections/ HTTP/1.1" 200 345
[27/Aug/2026 07:16:51] "GET /api/latest-detections/ HTTP/1.1" 200 345
[27/Aug/2026 07:16:51] "GET /api/latest-detections/ HTTP/1.1" 200 345
[27/Aug/2026 07:16:51] "GET /api/drone-location/ HTTP/1.1" 200 398
[27/Aug/2026 07:16:51] "GET /api/latest-detections/ HTTP/1.1" 200 345
[27/Aug/2026 07:16:52] "GET /api/latest-detections/ HTTP/1.1" 200 345
[27/Aug/2026 07:16:52] "GET /api/latest-detections/ HTTP/1.1" 200 345
[27/Aug/2026 07:16:52] "GET /api/drone-location/ HTTP/1.1" 200 398
[27/Aug/2026 07:16:52] "GET /api/latest-detections/ HTTP/1.1" 200 345
[27/Aug/2026 07:16:53] "GET /api/latest-detections/ HTTP/1.1" 200 345
[27/Aug/2026 07:16:53] "GET /api/latest-detections/ HTTP/1.1" 200 345
[27/Aug/2026 07:16:53] "GET /api/latest-detections/ HTTP/1.1" 200 345
[27/Aug/2026 07:16:53] "GET /api/drone-location/ HTTP/1.1" 200 399
[27/Aug/2026 07:16:53] "GET /api/system-status/ HTTP/1.1" 200 480
[27/Aug/2026 07:16:54] "GET /api/latest-detections/ HTTP/1.1" 200 345
[27/Aug/2026 07:16:54] "GET /api/latest-detections/ HTTP/1.1" 200 345
[27/Aug/2026 07:16:54] "GET /api/latest-detections/ HTTP/1.1" 200 345
[27/Aug/2026 07:16:54] "GET /api/drone-location/ HTTP/1.1" 200 399
[27/Aug/2026 07:16:54] "GET /api/latest-detections/ HTTP/1.1" 200 345
[27/Aug/2026 07:16:55] "GET /api/latest-detections/ HTTP/1.1" 200 345
[27/Aug/2026 07:16:55] "GET /dji/login/ HTTP/1.1" 200 10986
[27/Aug/2026 07:16:55] "GET /api/latest-detections/ HTTP/1.1" 200 345
Not Found: /favicon.ico
[27/Aug/2026 07:16:55] "GET /favicon.ico HTTP/1.1" 404 6772
[27/Aug/2026 07:16:55] "GET /api/drone-location/ HTTP/1.1" 200 399
[27/Aug/2026 07:16:55] "GET /api/latest-detections/ HTTP/1.1" 200 345
[27/Aug/2026 07:16:56] "GET /api/latest-detections/ HTTP/1.1" 200 345
[27/Aug/2026 07:16:56] "GET /api/latest-detections/ HTTP/1.1" 200 345
[27/Aug/2026 07:16:56] "GET /api/latest-detections/ HTTP/1.1" 200 345
[27/Aug/2026 07:16:56] "GET /api/drone-location/ HTTP/1.1" 200 399
[27/Aug/2026 07:16:56] "GET /api/system-status/ HTTP/1.1" 200 480
[27/Aug/2026 07:16:56] "GET /dji/login/ HTTP/1.1" 200 10986
[27/Aug/2026 07:16:57] "GET /api/latest-detections/ HTTP/1.1" 200 345
[27/Aug/2026 07:16:57] "GET /api/latest-detections/ HTTP/1.1" 200 345
[27/Aug/2026 07:16:57] "GET /api/latest-detections/ HTTP/1.1" 200 345
[27/Aug/2026 07:16:57] "GET /api/drone-location/ HTTP/1.1" 200 398
[27/Aug/2026 07:16:57] "GET /api/latest-detections/ HTTP/1.1" 200 345
[27/Aug/2026 07:16:58] "GET /api/latest-detections/ HTTP/1.1" 200 345
[27/Aug/2026 07:16:58] "GET /api/latest-detections/ HTTP/1.1" 200 345
[27/Aug/2026 07:16:58] "GET /api/drone-location/ HTTP/1.1" 200 398
[27/Aug/2026 07:16:58] "GET /api/latest-detections/ HTTP/1.1" 200 345
[27/Aug/2026 07:16:59] "GET /api/latest-detections/ HTTP/1.1" 200 345
[27/Aug/2026 07:16:59] "GET /api/latest-detections/ HTTP/1.1" 200 345
[27/Aug/2026 07:16:59] "GET /api/latest-detections/ HTTP/1.1" 200 345
[27/Aug/2026 07:16:59] "GET /api/drone-location/ HTTP/1.1" 200 398
[27/Aug/2026 07:16:59] "GET /api/system-status/ HTTP/1.1" 200 480
[27/Aug/2026 07:17:00] "GET /api/latest-detections/ HTTP/1.1" 200 345
[27/Aug/2026 07:17:00] "GET /api/latest-detections/ HTTP/1.1" 200 345
[27/Aug/2026 07:17:00] "GET /api/latest-detections/ HTTP/1.1" 200 345
[27/Aug/2026 07:17:00] "GET /api/drone-location/ HTTP/1.1" 200 398
[27/Aug/2026 07:17:00] "GET /api/latest-detections/ HTTP/1.1" 200 345
[27/Aug/2026 07:17:01] "GET /api/latest-detections/ HTTP/1.1" 200 345
[27/Aug/2026 07:17:01] "GET /dji/login/ HTTP/1.1" 200 10986
[27/Aug/2026 07:17:01] "GET /api/latest-detections/ HTTP/1.1" 200 345
[27/Aug/2026 07:17:01] "GET /api/drone-location/ HTTP/1.1" 200 398
[27/Aug/2026 07:17:01] "GET /api/latest-detections/ HTTP/1.1" 200 345
[27/Aug/2026 07:17:02] "GET /api/latest-detections/ HTTP/1.1" 200 345
[27/Aug/2026 07:17:02] "GET /api/latest-detections/ HTTP/1.1" 200 345
[27/Aug/2026 07:17:02] "GET /api/latest-detections/ HTTP/1.1" 200 345
[27/Aug/2026 07:17:02] "GET /api/drone-location/ HTTP/1.1" 200 398
[27/Aug/2026 07:17:02] "GET /api/system-status/ HTTP/1.1" 200 480
[27/Aug/2026 07:17:03] "GET /api/latest-detections/ HTTP/1.1" 200 345
[27/Aug/2026 07:17:03] "GET /api/latest-detections/ HTTP/1.1" 200 345
[27/Aug/2026 07:17:03] "GET /api/latest-detections/ HTTP/1.1" 200 345
[27/Aug/2026 07:17:03] "GET /api/drone-location/ HTTP/1.1" 200 398
[27/Aug/2026 07:17:03] "GET /api/latest-detections/ HTTP/1.1" 200 345
[27/Aug/2026 07:17:04] "GET /api/latest-detections/ HTTP/1.1" 200 345
[27/Aug/2026 07:17:04] "GET /api/latest-detections/ HTTP/1.1" 200 345
[27/Aug/2026 07:17:04] "GET /api/drone-location/ HTTP/1.1" 200 398
[27/Aug/2026 07:17:04] "GET /api/latest-detections/ HTTP/1.1" 200 345
[27/Aug/2026 07:17:05] "GET /api/latest-detections/ HTTP/1.1" 200 345
[27/Aug/2026 07:17:05] "GET /api/latest-detections/ HTTP/1.1" 200 345
[27/Aug/2026 07:17:05] "GET /api/latest-detections/ HTTP/1.1" 200 345
[27/Aug/2026 07:17:05] "GET /api/drone-location/ HTTP/1.1" 200 398
[27/Aug/2026 07:17:05] "GET /api/system-status/ HTTP/1.1" 200 480
[27/Aug/2026 07:17:06] "GET /api/latest-detections/ HTTP/1.1" 200 345
[27/Aug/2026 07:17:06] "GET /api/latest-detections/ HTTP/1.1" 200 345
[27/Aug/2026 07:17:06] "GET /api/latest-detections/ HTTP/1.1" 200 345
[27/Aug/2026 07:17:06] "GET /api/drone-location/ HTTP/1.1" 200 398
[27/Aug/2026 07:17:06] "GET /api/latest-detections/ HTTP/1.1" 200 344
[27/Aug/2026 07:17:07] "GET /api/latest-detections/ HTTP/1.1" 200 345
[27/Aug/2026 07:17:07] "GET /api/latest-detections/ HTTP/1.1" 200 345
[27/Aug/2026 07:17:07] "GET /api/drone-location/ HTTP/1.1" 200 398
[27/Aug/2026 07:17:07] "GET /api/latest-detections/ HTTP/1.1" 200 345
[27/Aug/2026 07:17:08] "GET /api/latest-detections/ HTTP/1.1" 200 345
[27/Aug/2026 07:17:08] "GET /api/latest-detections/ HTTP/1.1" 200 345
[27/Aug/2026 07:17:08] "GET /api/latest-detections/ HTTP/1.1" 200 345
[27/Aug/2026 07:17:08] "GET /api/drone-location/ HTTP/1.1" 200 398
[27/Aug/2026 07:17:08] "GET /api/system-status/ HTTP/1.1" 200 480
[27/Aug/2026 07:17:09] "GET /api/latest-detections/ HTTP/1.1" 200 345
[27/Aug/2026 07:17:09] "GET /api/latest-detections/ HTTP/1.1" 200 345
[27/Aug/2026 07:17:09] "GET /api/latest-detections/ HTTP/1.1" 200 345
[27/Aug/2026 07:17:09] "GET /api/drone-location/ HTTP/1.1" 200 398
[27/Aug/2026 07:17:09] "GET /api/latest-detections/ HTTP/1.1" 200 345
[27/Aug/2026 07:17:10] "GET /api/latest-detections/ HTTP/1.1" 200 345
[27/Aug/2026 07:17:10] "GET /api/latest-detections/ HTTP/1.1" 200 345
[27/Aug/2026 07:17:10] "GET /api/drone-location/ HTTP/1.1" 200 398
[27/Aug/2026 07:17:10] "GET /api/latest-detections/ HTTP/1.1" 200 345
[27/Aug/2026 07:17:11] "GET /api/latest-detections/ HTTP/1.1" 200 345
[27/Aug/2026 07:17:11] "GET /api/latest-detections/ HTTP/1.1" 200 345
[27/Aug/2026 07:17:11] "GET /api/latest-detections/ HTTP/1.1" 200 345
[27/Aug/2026 07:17:11] "GET /api/drone-location/ HTTP/1.1" 200 398
[27/Aug/2026 07:17:11] "GET /api/system-status/ HTTP/1.1" 200 480
[27/Aug/2026 07:17:12] "GET /api/latest-detections/ HTTP/1.1" 200 345
[27/Aug/2026 07:17:12] "GET /api/latest-detections/ HTTP/1.1" 200 345
[27/Aug/2026 07:17:12] "GET /api/latest-detections/ HTTP/1.1" 200 345
[27/Aug/2026 07:17:12] "GET /api/drone-location/ HTTP/1.1" 200 398
[27/Aug/2026 07:17:12] "GET /api/latest-detections/ HTTP/1.1" 200 345
[27/Aug/2026 07:17:13] "GET /api/latest-detections/ HTTP/1.1" 200 345
[27/Aug/2026 07:17:13] "GET /api/latest-detections/ HTTP/1.1" 200 345
[27/Aug/2026 07:17:13] "GET /api/drone-location/ HTTP/1.1" 200 398
[27/Aug/2026 07:17:13] "GET /api/latest-detections/ HTTP/1.1" 200 345
[27/Aug/2026 07:17:14] "GET /api/latest-detections/ HTTP/1.1" 200 345
[27/Aug/2026 07:17:14] "GET /api/latest-detections/ HTTP/1.1" 200 345
[27/Aug/2026 07:17:15] "GET /api/latest-detections/ HTTP/1.1" 200 345
[27/Aug/2026 07:17:15] "GET /api/drone-location/ HTTP/1.1" 200 398
[27/Aug/2026 07:17:15] "GET /api/system-status/ HTTP/1.1" 200 480
[27/Aug/2026 07:17:16] "GET /api/latest-detections/ HTTP/1.1" 200 345
[27/Aug/2026 07:17:16] "GET /api/drone-location/ HTTP/1.1" 200 398
[27/Aug/2026 07:17:17] "GET /api/latest-detections/ HTTP/1.1" 200 345
[27/Aug/2026 07:17:17] "GET /api/drone-location/ HTTP/1.1" 200 398
[27/Aug/2026 07:17:18] "GET /api/latest-detections/ HTTP/1.1" 200 345
[27/Aug/2026 07:17:18] "GET /api/drone-location/ HTTP/1.1" 200 398
[27/Aug/2026 07:17:18] "GET /api/system-status/ HTTP/1.1" 200 480
[27/Aug/2026 07:17:18] "GET /api/latest-detections/ HTTP/1.1" 200 345
[27/Aug/2026 07:17:18] "GET /api/latest-detections/ HTTP/1.1" 200 345
[27/Aug/2026 07:17:18] "GET /api/drone-location/ HTTP/1.1" 200 398
[27/Aug/2026 07:17:18] "GET /api/latest-detections/ HTTP/1.1" 200 345
[27/Aug/2026 07:17:19] "GET /api/latest-detections/ HTTP/1.1" 200 345
[27/Aug/2026 07:17:19] "GET /api/latest-detections/ HTTP/1.1" 200 345
[27/Aug/2026 07:17:19] "GET /api/drone-location/ HTTP/1.1" 200 398
[27/Aug/2026 07:17:19] "GET /api/latest-detections/ HTTP/1.1" 200 345
[27/Aug/2026 07:17:20] "GET /api/latest-detections/ HTTP/1.1" 200 345
[27/Aug/2026 07:17:20] "GET /api/latest-detections/ HTTP/1.1" 200 345
[27/Aug/2026 07:17:20] "GET /api/latest-detections/ HTTP/1.1" 200 345
[27/Aug/2026 07:17:20] "GET /api/drone-location/ HTTP/1.1" 200 398
[27/Aug/2026 07:17:20] "GET /api/system-status/ HTTP/1.1" 200 480
[27/Aug/2026 07:17:21] "GET /api/latest-detections/ HTTP/1.1" 200 345
[27/Aug/2026 07:17:21] "GET /api/latest-detections/ HTTP/1.1" 200 345
[27/Aug/2026 07:17:21] "GET /dashboard/remote-control/ HTTP/1.1" 200 36260
[27/Aug/2026 07:17:24] "GET /dashboard/remote-control/ HTTP/1.1" 200 36260
[27/Aug/2026 07:18:09] "GET /dashboard/remote-control/ HTTP/1.1" 200 36260
[27/Aug/2026 07:18:26] "GET /dashboard/mission/ HTTP/1.1" 200 32880
[27/Aug/2026 07:18:27] "GET /api/latest-detections/ HTTP/1.1" 200 349
[27/Aug/2026 07:18:27] "GET /api/drone-location/ HTTP/1.1" 200 455
[27/Aug/2026 07:18:27] "GET /api/system-status/ HTTP/1.1" 200 480
[27/Aug/2026 07:18:27] "GET /api/latest-detections/ HTTP/1.1" 200 347
[27/Aug/2026 07:18:27] "GET /api/latest-detections/ HTTP/1.1" 200 346
[27/Aug/2026 07:18:27] "GET /api/latest-detections/ HTTP/1.1" 200 346
[27/Aug/2026 07:18:28] "GET /api/drone-location/ HTTP/1.1" 200 455
[27/Aug/2026 07:18:28] "GET /api/latest-detections/ HTTP/1.1" 200 352
[27/Aug/2026 07:18:28] "GET /api/latest-detections/ HTTP/1.1" 200 460
[27/Aug/2026 07:18:28] "GET /api/latest-detections/ HTTP/1.1" 200 236
[27/Aug/2026 07:18:29] "GET /api/drone-location/ HTTP/1.1" 200 455
[27/Aug/2026 07:18:29] "GET /api/latest-detections/ HTTP/1.1" 200 230
[27/Aug/2026 07:18:29] "GET /api/latest-detections/ HTTP/1.1" 200 232
[27/Aug/2026 07:18:29] "GET /api/latest-detections/ HTTP/1.1" 200 232
[27/Aug/2026 07:18:30] "GET /api/latest-detections/ HTTP/1.1" 200 234
[27/Aug/2026 07:18:30] "GET /api/drone-location/ HTTP/1.1" 200 455
[27/Aug/2026 07:18:30] "GET /api/system-status/ HTTP/1.1" 200 480
[27/Aug/2026 07:18:30] "GET /api/latest-detections/ HTTP/1.1" 200 235
[27/Aug/2026 07:18:30] "GET /api/latest-detections/ HTTP/1.1" 200 235
[27/Aug/2026 07:18:30] "GET /api/latest-detections/ HTTP/1.1" 200 235
[27/Aug/2026 07:18:31] "GET /api/drone-location/ HTTP/1.1" 200 455
[27/Aug/2026 07:18:31] "GET /api/latest-detections/ HTTP/1.1" 200 235
[27/Aug/2026 07:18:31] "GET /api/latest-detections/ HTTP/1.1" 200 235
[27/Aug/2026 07:18:31] "GET /api/latest-detections/ HTTP/1.1" 200 235
[27/Aug/2026 07:18:32] "GET /api/drone-location/ HTTP/1.1" 200 455
[27/Aug/2026 07:18:32] "GET /api/latest-detections/ HTTP/1.1" 200 235
[27/Aug/2026 07:18:32] "GET /api/latest-detections/ HTTP/1.1" 200 235
[27/Aug/2026 07:18:32] "GET /api/latest-detections/ HTTP/1.1" 200 235
[27/Aug/2026 07:18:33] "GET /api/latest-detections/ HTTP/1.1" 200 235
[27/Aug/2026 07:18:33] "GET /api/drone-location/ HTTP/1.1" 200 455
[27/Aug/2026 07:18:33] "GET /api/system-status/ HTTP/1.1" 200 480
[27/Aug/2026 07:18:33] "GET /api/latest-detections/ HTTP/1.1" 200 236
[27/Aug/2026 07:18:33] "GET /api/latest-detections/ HTTP/1.1" 200 236
[27/Aug/2026 07:18:33] "GET /api/latest-detections/ HTTP/1.1" 200 236
[27/Aug/2026 07:18:34] "GET /api/drone-location/ HTTP/1.1" 200 455
[27/Aug/2026 07:18:34] "GET /api/latest-detections/ HTTP/1.1" 200 236
[27/Aug/2026 07:18:34] "GET /api/latest-detections/ HTTP/1.1" 200 236
[27/Aug/2026 07:18:34] "GET /api/latest-detections/ HTTP/1.1" 200 236
[27/Aug/2026 07:18:35] "GET /api/drone-location/ HTTP/1.1" 200 455
[27/Aug/2026 07:18:35] "GET /api/latest-detections/ HTTP/1.1" 200 236
[27/Aug/2026 07:18:35] "GET /api/latest-detections/ HTTP/1.1" 200 236
[27/Aug/2026 07:18:35] "GET /api/latest-detections/ HTTP/1.1" 200 236
[27/Aug/2026 07:18:36] "GET /api/latest-detections/ HTTP/1.1" 200 236
[27/Aug/2026 07:18:36] "GET /api/drone-location/ HTTP/1.1" 200 455
[27/Aug/2026 07:18:36] "GET /api/system-status/ HTTP/1.1" 200 480
[27/Aug/2026 07:18:36] "GET /api/latest-detections/ HTTP/1.1" 200 236
[27/Aug/2026 07:18:36] "GET /api/latest-detections/ HTTP/1.1" 200 236
[27/Aug/2026 07:18:36] "GET /api/latest-detections/ HTTP/1.1" 200 236
[27/Aug/2026 07:18:37] "GET /api/drone-location/ HTTP/1.1" 200 455
[27/Aug/2026 07:18:37] "GET /api/latest-detections/ HTTP/1.1" 200 236
[27/Aug/2026 07:18:37] "GET /api/latest-detections/ HTTP/1.1" 200 236
[27/Aug/2026 07:18:37] "GET /api/latest-detections/ HTTP/1.1" 200 236
[27/Aug/2026 07:18:38] "GET /api/drone-location/ HTTP/1.1" 200 455
[27/Aug/2026 07:18:38] "GET /api/latest-detections/ HTTP/1.1" 200 236
[27/Aug/2026 07:18:38] "GET /api/latest-detections/ HTTP/1.1" 200 236
[27/Aug/2026 07:18:38] "GET /api/latest-detections/ HTTP/1.1" 200 236
[27/Aug/2026 07:18:39] "GET /api/latest-detections/ HTTP/1.1" 200 236
[27/Aug/2026 07:18:39] "GET /api/drone-location/ HTTP/1.1" 200 455
[27/Aug/2026 07:18:39] "GET /api/system-status/ HTTP/1.1" 200 480
[27/Aug/2026 07:18:39] "GET /api/latest-detections/ HTTP/1.1" 200 236
[27/Aug/2026 07:18:39] "GET /api/latest-detections/ HTTP/1.1" 200 236
[27/Aug/2026 07:18:39] "GET /api/latest-detections/ HTTP/1.1" 200 236
[27/Aug/2026 07:18:40] "GET /api/drone-location/ HTTP/1.1" 200 455
[27/Aug/2026 07:18:40] "GET /api/latest-detections/ HTTP/1.1" 200 237
[27/Aug/2026 07:18:40] "GET /dashboard/mission/ HTTP/1.1" 200 32880
[27/Aug/2026 07:18:40] "GET /api/drone-location/ HTTP/1.1" 200 455
[27/Aug/2026 07:18:40] "GET /api/latest-detections/ HTTP/1.1" 200 237
[27/Aug/2026 07:18:40] "GET /api/system-status/ HTTP/1.1" 200 480
[27/Aug/2026 07:18:40] "GET /api/latest-detections/ HTTP/1.1" 200 237
[27/Aug/2026 07:18:41] "GET /api/latest-detections/ HTTP/1.1" 200 237
[27/Aug/2026 07:18:41] "GET /api/latest-detections/ HTTP/1.1" 200 237
[27/Aug/2026 07:18:41] "GET /api/drone-location/ HTTP/1.1" 200 455
[27/Aug/2026 07:18:41] "GET /api/latest-detections/ HTTP/1.1" 200 237
[27/Aug/2026 07:18:41] "GET /api/latest-detections/ HTTP/1.1" 200 237
[27/Aug/2026 07:18:42] "GET /api/latest-detections/ HTTP/1.1" 200 237
[27/Aug/2026 07:18:42] "GET /api/drone-location/ HTTP/1.1" 200 455
[27/Aug/2026 07:18:42] "GET /api/latest-detections/ HTTP/1.1" 200 237
[27/Aug/2026 07:18:42] "GET /api/latest-detections/ HTTP/1.1" 200 237
[27/Aug/2026 07:18:43] "GET /api/latest-detections/ HTTP/1.1" 200 237
[27/Aug/2026 07:18:43] "GET /api/latest-detections/ HTTP/1.1" 200 237
[27/Aug/2026 07:18:43] "GET /api/drone-location/ HTTP/1.1" 200 455
[27/Aug/2026 07:18:43] "GET /api/system-status/ HTTP/1.1" 200 480
[27/Aug/2026 07:18:43] "GET /api/latest-detections/ HTTP/1.1" 200 237
[27/Aug/2026 07:18:44] "GET /api/latest-detections/ HTTP/1.1" 200 237
[27/Aug/2026 07:18:44] "GET /api/latest-detections/ HTTP/1.1" 200 237
[27/Aug/2026 07:18:44] "GET /api/drone-location/ HTTP/1.1" 200 455
[27/Aug/2026 07:18:44] "GET /api/latest-detections/ HTTP/1.1" 200 237
[27/Aug/2026 07:18:45] "GET /api/latest-detections/ HTTP/1.1" 200 237
[27/Aug/2026 07:18:45] "GET /api/latest-detections/ HTTP/1.1" 200 237
[27/Aug/2026 07:18:46] "GET /api/latest-detections/ HTTP/1.1" 200 237
[27/Aug/2026 07:18:46] "GET /api/drone-location/ HTTP/1.1" 200 455
[27/Aug/2026 07:18:47] "GET /api/latest-detections/ HTTP/1.1" 200 237
[27/Aug/2026 07:18:47] "GET /api/drone-location/ HTTP/1.1" 200 455
[27/Aug/2026 07:18:47] "GET /api/system-status/ HTTP/1.1" 200 480
[27/Aug/2026 07:18:48] "GET /api/latest-detections/ HTTP/1.1" 200 237
[27/Aug/2026 07:18:48] "GET /api/drone-location/ HTTP/1.1" 200 398
[27/Aug/2026 07:18:48] "GET /api/latest-detections/ HTTP/1.1" 200 237
[27/Aug/2026 07:18:48] "GET /api/drone-location/ HTTP/1.1" 200 398
[27/Aug/2026 07:18:48] "GET /api/latest-detections/ HTTP/1.1" 200 237
[27/Aug/2026 07:18:48] "GET /api/latest-detections/ HTTP/1.1" 200 237
[27/Aug/2026 07:18:49] "GET /api/latest-detections/ HTTP/1.1" 200 237
[27/Aug/2026 07:18:49] "GET /api/latest-detections/ HTTP/1.1" 200 237
[27/Aug/2026 07:18:49] "GET /api/drone-location/ HTTP/1.1" 200 398
[27/Aug/2026 07:18:49] "GET /api/system-status/ HTTP/1.1" 200 479
[27/Aug/2026 07:18:49] "GET /api/latest-detections/ HTTP/1.1" 200 237
[27/Aug/2026 07:18:50] "GET /api/latest-detections/ HTTP/1.1" 200 237
[27/Aug/2026 07:18:50] "GET /api/latest-detections/ HTTP/1.1" 200 237
[27/Aug/2026 07:18:50] "GET /api/drone-location/ HTTP/1.1" 200 398
[27/Aug/2026 07:18:50] "GET /api/latest-detections/ HTTP/1.1" 200 237
[27/Aug/2026 07:18:50] "GET /api/latest-detections/ HTTP/1.1" 200 237
[27/Aug/2026 07:18:51] "GET /api/latest-detections/ HTTP/1.1" 200 237
[27/Aug/2026 07:18:51] "GET /api/drone-location/ HTTP/1.1" 200 398
[27/Aug/2026 07:18:51] "GET /api/latest-detections/ HTTP/1.1" 200 237
[27/Aug/2026 07:18:51] "GET /api/latest-detections/ HTTP/1.1" 200 237
[27/Aug/2026 07:18:52] "GET /api/latest-detections/ HTTP/1.1" 200 237
[27/Aug/2026 07:18:52] "GET /api/latest-detections/ HTTP/1.1" 200 237
[27/Aug/2026 07:18:52] "GET /api/drone-location/ HTTP/1.1" 200 399
[27/Aug/2026 07:18:52] "GET /api/system-status/ HTTP/1.1" 200 479
[27/Aug/2026 07:18:52] "GET /api/latest-detections/ HTTP/1.1" 200 237
[27/Aug/2026 07:18:53] "GET /api/latest-detections/ HTTP/1.1" 200 237
[27/Aug/2026 07:18:53] "GET /api/latest-detections/ HTTP/1.1" 200 237
[27/Aug/2026 07:18:53] "GET /api/drone-location/ HTTP/1.1" 200 399
[27/Aug/2026 07:18:53] "GET /api/latest-detections/ HTTP/1.1" 200 237
[27/Aug/2026 07:18:53] "GET /api/latest-detections/ HTTP/1.1" 200 237
[27/Aug/2026 07:18:54] "GET /api/latest-detections/ HTTP/1.1" 200 237
[27/Aug/2026 07:18:54] "GET /api/drone-location/ HTTP/1.1" 200 399
[27/Aug/2026 07:18:54] "GET /api/latest-detections/ HTTP/1.1" 200 237
[27/Aug/2026 07:18:54] "GET /api/latest-detections/ HTTP/1.1" 200 237
[27/Aug/2026 07:18:55] "GET /api/latest-detections/ HTTP/1.1" 200 237
[27/Aug/2026 07:18:55] "GET /api/latest-detections/ HTTP/1.1" 200 237
[27/Aug/2026 07:18:55] "GET /api/drone-location/ HTTP/1.1" 200 399
[27/Aug/2026 07:18:55] "GET /api/system-status/ HTTP/1.1" 200 479
[27/Aug/2026 07:18:55] "GET /api/latest-detections/ HTTP/1.1" 200 237
[27/Aug/2026 07:18:56] "GET /api/latest-detections/ HTTP/1.1" 200 237
[27/Aug/2026 07:18:56] "GET /api/latest-detections/ HTTP/1.1" 200 237
[27/Aug/2026 07:18:56] "GET /api/drone-location/ HTTP/1.1" 200 398
[27/Aug/2026 07:18:56] "GET /api/latest-detections/ HTTP/1.1" 200 237
[27/Aug/2026 07:18:56] "GET /api/latest-detections/ HTTP/1.1" 200 237
[27/Aug/2026 07:18:57] "GET /api/latest-detections/ HTTP/1.1" 200 237
[27/Aug/2026 07:18:57] "GET /api/drone-location/ HTTP/1.1" 200 398
[27/Aug/2026 07:18:57] "GET /api/latest-detections/ HTTP/1.1" 200 237
[27/Aug/2026 07:18:57] "GET /api/latest-detections/ HTTP/1.1" 200 237
[27/Aug/2026 07:18:58] "GET /api/latest-detections/ HTTP/1.1" 200 237
[27/Aug/2026 07:18:58] "GET /api/latest-detections/ HTTP/1.1" 200 237
[27/Aug/2026 07:18:58] "GET /api/drone-location/ HTTP/1.1" 200 398
[27/Aug/2026 07:18:58] "GET /api/system-status/ HTTP/1.1" 200 479
[27/Aug/2026 07:18:58] "GET /api/latest-detections/ HTTP/1.1" 200 237
[27/Aug/2026 07:18:59] "GET /api/latest-detections/ HTTP/1.1" 200 237
[27/Aug/2026 07:18:59] "GET /api/latest-detections/ HTTP/1.1" 200 237
[27/Aug/2026 07:18:59] "GET /api/drone-location/ HTTP/1.1" 200 398
[27/Aug/2026 07:18:59] "GET /api/latest-detections/ HTTP/1.1" 200 237
[27/Aug/2026 07:18:59] "GET /api/latest-detections/ HTTP/1.1" 200 237
[27/Aug/2026 07:19:00] "GET /api/latest-detections/ HTTP/1.1" 200 237
[27/Aug/2026 07:19:00] "GET /api/drone-location/ HTTP/1.1" 200 399
[27/Aug/2026 07:19:00] "GET /api/latest-detections/ HTTP/1.1" 200 237
[27/Aug/2026 07:19:00] "GET /api/latest-detections/ HTTP/1.1" 200 237
[27/Aug/2026 07:19:01] "GET /api/latest-detections/ HTTP/1.1" 200 230
[27/Aug/2026 07:19:01] "GET /api/latest-detections/ HTTP/1.1" 200 230
[27/Aug/2026 07:19:01] "GET /api/drone-location/ HTTP/1.1" 200 399
[27/Aug/2026 07:19:01] "GET /api/system-status/ HTTP/1.1" 200 479
[27/Aug/2026 07:19:01] "GET /api/latest-detections/ HTTP/1.1" 200 230
[27/Aug/2026 07:19:02] "GET /api/latest-detections/ HTTP/1.1" 200 230
[27/Aug/2026 07:19:02] "GET /api/latest-detections/ HTTP/1.1" 200 230
[27/Aug/2026 07:19:02] "GET /api/drone-location/ HTTP/1.1" 200 399
[27/Aug/2026 07:19:02] "GET /api/latest-detections/ HTTP/1.1" 200 230
[27/Aug/2026 07:19:03] "GET /api/latest-detections/ HTTP/1.1" 200 230
[27/Aug/2026 07:19:03] "GET /api/latest-detections/ HTTP/1.1" 200 229
[27/Aug/2026 07:19:03] "GET /api/drone-location/ HTTP/1.1" 200 399
[27/Aug/2026 07:19:03] "GET /api/latest-detections/ HTTP/1.1" 200 230
[27/Aug/2026 07:19:03] "GET /api/latest-detections/ HTTP/1.1" 200 230
[27/Aug/2026 07:19:04] "GET /api/latest-detections/ HTTP/1.1" 200 231
[27/Aug/2026 07:19:04] "GET /api/latest-detections/ HTTP/1.1" 200 231
[27/Aug/2026 07:19:04] "GET /api/drone-location/ HTTP/1.1" 200 399
[27/Aug/2026 07:19:04] "GET /api/system-status/ HTTP/1.1" 200 479
[27/Aug/2026 07:19:04] "GET /api/latest-detections/ HTTP/1.1" 200 231
[27/Aug/2026 07:19:05] "GET /api/latest-detections/ HTTP/1.1" 200 231
[27/Aug/2026 07:19:05] "GET /api/latest-detections/ HTTP/1.1" 200 231
[27/Aug/2026 07:19:05] "GET /api/drone-location/ HTTP/1.1" 200 399
[27/Aug/2026 07:19:05] "GET /api/latest-detections/ HTTP/1.1" 200 231
[27/Aug/2026 07:19:06] "GET /api/latest-detections/ HTTP/1.1" 200 231
[27/Aug/2026 07:19:06] "GET /api/latest-detections/ HTTP/1.1" 200 231
[27/Aug/2026 07:19:06] "GET /api/drone-location/ HTTP/1.1" 200 399
[27/Aug/2026 07:19:06] "GET /api/latest-detections/ HTTP/1.1" 200 231
[27/Aug/2026 07:19:06] "GET /api/latest-detections/ HTTP/1.1" 200 231
[27/Aug/2026 07:19:07] "GET /api/latest-detections/ HTTP/1.1" 200 231
[27/Aug/2026 07:19:07] "GET /api/latest-detections/ HTTP/1.1" 200 231
[27/Aug/2026 07:19:07] "GET /api/drone-location/ HTTP/1.1" 200 399
[27/Aug/2026 07:19:07] "GET /api/system-status/ HTTP/1.1" 200 479
[27/Aug/2026 07:19:07] "GET /api/latest-detections/ HTTP/1.1" 200 231
[27/Aug/2026 07:19:08] "GET /api/latest-detections/ HTTP/1.1" 200 231
[27/Aug/2026 07:19:08] "GET /api/latest-detections/ HTTP/1.1" 200 231
[27/Aug/2026 07:19:08] "GET /api/drone-location/ HTTP/1.1" 200 398
[27/Aug/2026 07:19:08] "GET /api/latest-detections/ HTTP/1.1" 200 231
[27/Aug/2026 07:19:09] "GET /api/latest-detections/ HTTP/1.1" 200 231
[27/Aug/2026 07:19:09] "GET /api/latest-detections/ HTTP/1.1" 200 231
[27/Aug/2026 07:19:09] "GET /api/drone-location/ HTTP/1.1" 200 398
[27/Aug/2026 07:19:09] "GET /api/latest-detections/ HTTP/1.1" 200 231
[27/Aug/2026 07:19:09] "GET /api/latest-detections/ HTTP/1.1" 200 231
[27/Aug/2026 07:19:10] "GET /api/latest-detections/ HTTP/1.1" 200 231
[27/Aug/2026 07:19:10] "GET /api/latest-detections/ HTTP/1.1" 200 230
[27/Aug/2026 07:19:10] "GET /api/drone-location/ HTTP/1.1" 200 398
[27/Aug/2026 07:19:10] "GET /api/system-status/ HTTP/1.1" 200 479
[27/Aug/2026 07:19:10] "GET /api/latest-detections/ HTTP/1.1" 200 231
[27/Aug/2026 07:19:11] "GET /api/latest-detections/ HTTP/1.1" 200 232
[27/Aug/2026 07:19:12] "GET /api/latest-detections/ HTTP/1.1" 200 232
[27/Aug/2026 07:19:12] "GET /api/drone-location/ HTTP/1.1" 200 398
[27/Aug/2026 07:19:13] "GET /api/latest-detections/ HTTP/1.1" 200 231
[27/Aug/2026 07:19:13] "GET /api/drone-location/ HTTP/1.1" 200 399
[27/Aug/2026 07:19:14] "GET /api/latest-detections/ HTTP/1.1" 200 232
[27/Aug/2026 07:19:14] "GET /api/drone-location/ HTTP/1.1" 200 399
[27/Aug/2026 07:19:14] "GET /api/system-status/ HTTP/1.1" 200 479
[27/Aug/2026 07:19:15] "GET /api/latest-detections/ HTTP/1.1" 200 232
[27/Aug/2026 07:19:15] "GET /api/drone-location/ HTTP/1.1" 200 398
[27/Aug/2026 07:19:16] "GET /api/latest-detections/ HTTP/1.1" 200 232
[27/Aug/2026 07:19:16] "GET /api/drone-location/ HTTP/1.1" 200 398
[27/Aug/2026 07:19:17] "GET /api/latest-detections/ HTTP/1.1" 200 232
[27/Aug/2026 07:19:17] "GET /api/drone-location/ HTTP/1.1" 200 398
[27/Aug/2026 07:19:17] "GET /api/system-status/ HTTP/1.1" 200 479
[27/Aug/2026 07:19:18] "GET /api/latest-detections/ HTTP/1.1" 200 231
[27/Aug/2026 07:19:18] "GET /api/drone-location/ HTTP/1.1" 200 398
[27/Aug/2026 07:19:19] "GET /api/latest-detections/ HTTP/1.1" 200 232
[27/Aug/2026 07:19:19] "GET /api/drone-location/ HTTP/1.1" 200 399
[27/Aug/2026 07:19:20] "GET /api/latest-detections/ HTTP/1.1" 200 231
[27/Aug/2026 07:19:20] "GET /api/drone-location/ HTTP/1.1" 200 399
[27/Aug/2026 07:19:20] "GET /api/system-status/ HTTP/1.1" 200 479
[27/Aug/2026 07:19:21] "GET /api/latest-detections/ HTTP/1.1" 200 231
[27/Aug/2026 07:19:21] "GET /api/drone-location/ HTTP/1.1" 200 399
[27/Aug/2026 07:19:22] "GET /api/latest-detections/ HTTP/1.1" 200 232
[27/Aug/2026 07:19:22] "GET /api/drone-location/ HTTP/1.1" 200 399
[27/Aug/2026 07:19:36] "GET /api/latest-detections/ HTTP/1.1" 200 232
[27/Aug/2026 07:19:36] "GET /api/drone-location/ HTTP/1.1" 200 393
[27/Aug/2026 07:19:37] "GET /api/latest-detections/ HTTP/1.1" 200 232
[27/Aug/2026 07:19:37] "GET /api/drone-location/ HTTP/1.1" 200 398
[27/Aug/2026 07:19:38] "GET /api/latest-detections/ HTTP/1.1" 200 232
[27/Aug/2026 07:19:38] "GET /api/drone-location/ HTTP/1.1" 200 398
[27/Aug/2026 07:19:38] "GET /api/system-status/ HTTP/1.1" 200 479
[27/Aug/2026 07:19:39] "GET /api/latest-detections/ HTTP/1.1" 200 232
[27/Aug/2026 07:19:39] "GET /api/drone-location/ HTTP/1.1" 200 399
[27/Aug/2026 07:19:40] "GET /api/latest-detections/ HTTP/1.1" 200 232
[27/Aug/2026 07:19:40] "GET /api/drone-location/ HTTP/1.1" 200 399
[27/Aug/2026 07:19:40] "GET /api/system-status/ HTTP/1.1" 200 479
[27/Aug/2026 07:19:41] "GET /api/latest-detections/ HTTP/1.1" 200 232
[27/Aug/2026 07:19:41] "GET /api/drone-location/ HTTP/1.1" 200 399
[27/Aug/2026 07:19:41] "GET /api/system-status/ HTTP/1.1" 200 479
[27/Aug/2026 07:19:42] "GET /api/latest-detections/ HTTP/1.1" 200 231
[27/Aug/2026 07:19:42] "GET /api/drone-location/ HTTP/1.1" 200 399
[27/Aug/2026 07:19:43] "GET /api/latest-detections/ HTTP/1.1" 200 231
[27/Aug/2026 07:19:43] "GET /api/drone-location/ HTTP/1.1" 200 397
[27/Aug/2026 07:19:44] "GET /api/latest-detections/ HTTP/1.1" 200 231
[27/Aug/2026 07:19:44] "GET /api/drone-location/ HTTP/1.1" 200 397
[27/Aug/2026 07:19:44] "GET /api/system-status/ HTTP/1.1" 200 479
[27/Aug/2026 07:19:45] "GET /api/latest-detections/ HTTP/1.1" 200 231
[27/Aug/2026 07:19:45] "GET /api/drone-location/ HTTP/1.1" 200 399
[27/Aug/2026 07:19:45] "GET /api/latest-detections/ HTTP/1.1" 200 232
[27/Aug/2026 07:19:45] "GET /api/drone-location/ HTTP/1.1" 200 399
[27/Aug/2026 07:19:45] "GET /api/latest-detections/ HTTP/1.1" 200 232
[27/Aug/2026 07:19:46] "GET /api/latest-detections/ HTTP/1.1" 200 232
[27/Aug/2026 07:19:46] "GET /api/latest-detections/ HTTP/1.1" 200 232
[27/Aug/2026 07:19:46] "GET /api/drone-location/ HTTP/1.1" 200 399
[27/Aug/2026 07:19:46] "GET /api/system-status/ HTTP/1.1" 200 479
[27/Aug/2026 07:19:46] "GET /api/latest-detections/ HTTP/1.1" 200 232
[27/Aug/2026 07:19:47] "GET /api/latest-detections/ HTTP/1.1" 200 232
[27/Aug/2026 07:19:47] "GET /api/latest-detections/ HTTP/1.1" 200 232
[27/Aug/2026 07:19:47] "GET /api/drone-location/ HTTP/1.1" 200 399
[27/Aug/2026 07:19:47] "GET /api/latest-detections/ HTTP/1.1" 200 232
[27/Aug/2026 07:19:47] "GET /dashboard/mission/ HTTP/1.1" 200 32880
[27/Aug/2026 07:19:47] "GET /api/latest-detections/ HTTP/1.1" 200 232
[27/Aug/2026 07:19:47] "GET /api/drone-location/ HTTP/1.1" 200 399
[27/Aug/2026 07:19:48] "GET /api/system-status/ HTTP/1.1" 200 479
[27/Aug/2026 07:19:48] "GET /api/latest-detections/ HTTP/1.1" 200 232
[27/Aug/2026 07:19:48] "GET /api/latest-detections/ HTTP/1.1" 200 232
[27/Aug/2026 07:19:48] "GET /api/latest-detections/ HTTP/1.1" 200 232
[27/Aug/2026 07:19:48] "GET /api/drone-location/ HTTP/1.1" 200 398
[27/Aug/2026 07:19:49] "GET /api/latest-detections/ HTTP/1.1" 200 232
[27/Aug/2026 07:19:49] "GET /api/latest-detections/ HTTP/1.1" 200 232
[27/Aug/2026 07:19:49] "GET /api/latest-detections/ HTTP/1.1" 200 232
[27/Aug/2026 07:19:49] "GET /api/drone-location/ HTTP/1.1" 200 398
[27/Aug/2026 07:19:49] "GET /api/latest-detections/ HTTP/1.1" 200 232
[27/Aug/2026 07:19:50] "GET /api/latest-detections/ HTTP/1.1" 200 232
[27/Aug/2026 07:19:50] "GET /api/latest-detections/ HTTP/1.1" 200 232
[27/Aug/2026 07:19:50] "GET /api/latest-detections/ HTTP/1.1" 200 232
[27/Aug/2026 07:19:50] "GET /api/drone-location/ HTTP/1.1" 200 399
[27/Aug/2026 07:19:50] "GET /api/system-status/ HTTP/1.1" 200 479
[27/Aug/2026 07:19:51] "GET /api/latest-detections/ HTTP/1.1" 200 232
[27/Aug/2026 07:19:51] "GET /api/latest-detections/ HTTP/1.1" 200 232
[27/Aug/2026 07:19:51] "GET /dji/login/ HTTP/1.1" 200 10986
[27/Aug/2026 07:19:51] "GET /api/latest-detections/ HTTP/1.1" 200 232
[27/Aug/2026 07:19:51] "GET /api/drone-location/ HTTP/1.1" 200 399
[27/Aug/2026 07:19:52] "GET /api/latest-detections/ HTTP/1.1" 200 232
[27/Aug/2026 07:19:52] "GET /api/latest-detections/ HTTP/1.1" 200 232
[27/Aug/2026 07:19:52] "GET /api/latest-detections/ HTTP/1.1" 200 232
[27/Aug/2026 07:19:52] "GET /api/drone-location/ HTTP/1.1" 200 399
[27/Aug/2026 07:19:52] "GET /api/latest-detections/ HTTP/1.1" 200 232
[27/Aug/2026 07:19:53] "GET /api/latest-detections/ HTTP/1.1" 200 232
[27/Aug/2026 07:19:53] "GET /api/latest-detections/ HTTP/1.1" 200 232
[27/Aug/2026 07:19:53] "GET /api/latest-detections/ HTTP/1.1" 200 232
[27/Aug/2026 07:19:53] "GET /api/drone-location/ HTTP/1.1" 200 399
[27/Aug/2026 07:19:53] "GET /api/system-status/ HTTP/1.1" 200 479
[27/Aug/2026 07:19:54] "GET /api/latest-detections/ HTTP/1.1" 200 232
[27/Aug/2026 07:19:54] "GET /api/latest-detections/ HTTP/1.1" 200 232
[27/Aug/2026 07:19:54] "GET /api/latest-detections/ HTTP/1.1" 200 232
[27/Aug/2026 07:19:54] "GET /api/drone-location/ HTTP/1.1" 200 399
[27/Aug/2026 07:19:55] "GET /api/latest-detections/ HTTP/1.1" 200 232
[27/Aug/2026 07:19:55] "GET /api/latest-detections/ HTTP/1.1" 200 232
[27/Aug/2026 07:19:55] "GET /api/latest-detections/ HTTP/1.1" 200 232
[27/Aug/2026 07:19:55] "GET /api/drone-location/ HTTP/1.1" 200 399
[27/Aug/2026 07:19:55] "GET /api/latest-detections/ HTTP/1.1" 200 232
[27/Aug/2026 07:19:56] "GET /api/latest-detections/ HTTP/1.1" 200 232
[27/Aug/2026 07:19:56] "GET /api/latest-detections/ HTTP/1.1" 200 232
[27/Aug/2026 07:19:56] "GET /api/drone-location/ HTTP/1.1" 200 398
[27/Aug/2026 07:19:56] "GET /api/latest-detections/ HTTP/1.1" 200 232
[27/Aug/2026 07:19:56] "GET /api/system-status/ HTTP/1.1" 200 479
[27/Aug/2026 07:19:57] "GET /api/latest-detections/ HTTP/1.1" 200 232
[27/Aug/2026 07:19:57] "GET /api/latest-detections/ HTTP/1.1" 200 232
[27/Aug/2026 07:19:57] "GET /api/latest-detections/ HTTP/1.1" 200 232
[27/Aug/2026 07:19:57] "GET /api/drone-location/ HTTP/1.1" 200 398
[27/Aug/2026 07:19:58] "GET /api/latest-detections/ HTTP/1.1" 200 232
[27/Aug/2026 07:19:58] "GET /api/latest-detections/ HTTP/1.1" 200 232
[27/Aug/2026 07:19:58] "GET /api/latest-detections/ HTTP/1.1" 200 232
[27/Aug/2026 07:19:58] "GET /api/drone-location/ HTTP/1.1" 200 398
[27/Aug/2026 07:19:58] "GET /api/latest-detections/ HTTP/1.1" 200 232
[27/Aug/2026 07:19:59] "GET /api/latest-detections/ HTTP/1.1" 200 232
[27/Aug/2026 07:19:59] "GET /api/latest-detections/ HTTP/1.1" 200 232
[27/Aug/2026 07:19:59] "GET /api/latest-detections/ HTTP/1.1" 200 232
[27/Aug/2026 07:19:59] "GET /api/drone-location/ HTTP/1.1" 200 398
[27/Aug/2026 07:20:00] "GET /api/system-status/ HTTP/1.1" 200 479
[27/Aug/2026 07:20:00] "GET /api/latest-detections/ HTTP/1.1" 200 232
[27/Aug/2026 07:20:01] "GET /api/latest-detections/ HTTP/1.1" 200 232
[27/Aug/2026 07:20:01] "GET /api/drone-location/ HTTP/1.1" 200 398
[27/Aug/2026 07:20:02] "GET /api/latest-detections/ HTTP/1.1" 200 231
[27/Aug/2026 07:20:02] "GET /api/drone-location/ HTTP/1.1" 200 398
[27/Aug/2026 07:20:03] "GET /api/latest-detections/ HTTP/1.1" 200 231
[27/Aug/2026 07:20:03] "GET /api/drone-location/ HTTP/1.1" 200 398
[27/Aug/2026 07:20:03] "GET /api/system-status/ HTTP/1.1" 200 479
[27/Aug/2026 07:20:04] "GET /api/latest-detections/ HTTP/1.1" 200 232
[27/Aug/2026 07:20:04] "GET /api/drone-location/ HTTP/1.1" 200 398
[27/Aug/2026 07:20:04] "GET /api/latest-detections/ HTTP/1.1" 200 232
[27/Aug/2026 07:20:04] "GET /api/latest-detections/ HTTP/1.1" 200 232
[27/Aug/2026 07:20:04] "GET /api/drone-location/ HTTP/1.1" 200 399
[27/Aug/2026 07:20:04] "GET /api/latest-detections/ HTTP/1.1" 200 232
[27/Aug/2026 07:20:05] "GET /api/latest-detections/ HTTP/1.1" 200 232
[27/Aug/2026 07:20:05] "GET /api/latest-detections/ HTTP/1.1" 200 232
[27/Aug/2026 07:20:05] "GET /api/latest-detections/ HTTP/1.1" 200 232
[27/Aug/2026 07:20:05] "GET /api/drone-location/ HTTP/1.1" 200 399
[27/Aug/2026 07:20:06] "GET /api/system-status/ HTTP/1.1" 200 479
[27/Aug/2026 07:20:06] "GET /api/latest-detections/ HTTP/1.1" 200 232
[27/Aug/2026 07:20:06] "GET /api/latest-detections/ HTTP/1.1" 200 232
[27/Aug/2026 07:20:06] "GET /api/latest-detections/ HTTP/1.1" 200 232
[27/Aug/2026 07:20:06] "GET /api/drone-location/ HTTP/1.1" 200 398
[27/Aug/2026 07:20:07] "GET /api/latest-detections/ HTTP/1.1" 200 232
[27/Aug/2026 07:20:07] "GET /api/latest-detections/ HTTP/1.1" 200 232
[27/Aug/2026 07:20:07] "GET /api/latest-detections/ HTTP/1.1" 200 232
[27/Aug/2026 07:20:07] "GET /api/drone-location/ HTTP/1.1" 200 398
[27/Aug/2026 07:20:07] "GET /api/latest-detections/ HTTP/1.1" 200 232
[27/Aug/2026 07:20:08] "GET /api/latest-detections/ HTTP/1.1" 200 232
[27/Aug/2026 07:20:08] "GET /api/latest-detections/ HTTP/1.1" 200 232
[27/Aug/2026 07:20:08] "GET /api/latest-detections/ HTTP/1.1" 200 232
[27/Aug/2026 07:20:08] "GET /api/drone-location/ HTTP/1.1" 200 399
[27/Aug/2026 07:20:09] "GET /api/system-status/ HTTP/1.1" 200 479
[27/Aug/2026 07:20:09] "GET /api/latest-detections/ HTTP/1.1" 200 232
[27/Aug/2026 07:20:09] "GET /api/latest-detections/ HTTP/1.1" 200 232
[27/Aug/2026 07:20:09] "GET /api/latest-detections/ HTTP/1.1" 200 232
[27/Aug/2026 07:20:09] "GET /api/drone-location/ HTTP/1.1" 200 399
[27/Aug/2026 07:20:10] "GET /api/latest-detections/ HTTP/1.1" 200 232
[27/Aug/2026 07:20:10] "GET /api/latest-detections/ HTTP/1.1" 200 232
[27/Aug/2026 07:20:10] "GET /api/latest-detections/ HTTP/1.1" 200 232
[27/Aug/2026 07:20:10] "GET /api/drone-location/ HTTP/1.1" 200 398
[27/Aug/2026 07:20:11] "GET /api/latest-detections/ HTTP/1.1" 200 232
[27/Aug/2026 07:20:12] "GET /api/latest-detections/ HTTP/1.1" 200 232
[27/Aug/2026 07:20:12] "GET /api/drone-location/ HTTP/1.1" 200 399
[27/Aug/2026 07:20:12] "GET /api/system-status/ HTTP/1.1" 200 479
[27/Aug/2026 07:20:13] "GET /api/latest-detections/ HTTP/1.1" 200 232
[27/Aug/2026 07:20:13] "GET /api/drone-location/ HTTP/1.1" 200 399
[27/Aug/2026 07:20:14] "GET /api/latest-detections/ HTTP/1.1" 200 232
[27/Aug/2026 07:20:14] "GET /api/drone-location/ HTTP/1.1" 200 397
[27/Aug/2026 07:20:15] "GET /api/latest-detections/ HTTP/1.1" 200 232
[27/Aug/2026 07:20:15] "GET /api/drone-location/ HTTP/1.1" 200 397
[27/Aug/2026 07:20:15] "GET /api/system-status/ HTTP/1.1" 200 479
[27/Aug/2026 07:20:16] "GET /api/latest-detections/ HTTP/1.1" 200 231
[27/Aug/2026 07:20:16] "GET /api/drone-location/ HTTP/1.1" 200 399
[27/Aug/2026 07:20:17] "GET /api/latest-detections/ HTTP/1.1" 200 232
[27/Aug/2026 07:20:17] "GET /api/drone-location/ HTTP/1.1" 200 399
[27/Aug/2026 07:20:18] "GET /api/latest-detections/ HTTP/1.1" 200 232
[27/Aug/2026 07:20:18] "GET /api/drone-location/ HTTP/1.1" 200 399
[27/Aug/2026 07:20:18] "GET /api/system-status/ HTTP/1.1" 200 479
[27/Aug/2026 07:20:19] "GET /api/latest-detections/ HTTP/1.1" 200 232
[27/Aug/2026 07:20:19] "GET /api/drone-location/ HTTP/1.1" 200 399
[27/Aug/2026 07:20:20] "GET /api/latest-detections/ HTTP/1.1" 200 232
[27/Aug/2026 07:20:20] "GET /api/drone-location/ HTTP/1.1" 200 398
[27/Aug/2026 07:20:21] "GET /api/latest-detections/ HTTP/1.1" 200 231
[27/Aug/2026 07:20:21] "GET /api/drone-location/ HTTP/1.1" 200 398
[27/Aug/2026 07:20:21] "GET /api/system-status/ HTTP/1.1" 200 479
[27/Aug/2026 07:20:22] "GET /api/latest-detections/ HTTP/1.1" 200 231
[27/Aug/2026 07:20:22] "GET /api/drone-location/ HTTP/1.1" 200 399
[27/Aug/2026 07:20:23] "GET /api/latest-detections/ HTTP/1.1" 200 232
[27/Aug/2026 07:20:23] "GET /api/drone-location/ HTTP/1.1" 200 399
[27/Aug/2026 07:20:24] "GET /api/latest-detections/ HTTP/1.1" 200 231
[27/Aug/2026 07:20:24] "GET /api/drone-location/ HTTP/1.1" 200 399
[27/Aug/2026 07:20:24] "GET /api/system-status/ HTTP/1.1" 200 479
[27/Aug/2026 07:20:25] "GET /api/latest-detections/ HTTP/1.1" 200 232
[27/Aug/2026 07:20:25] "GET /api/drone-location/ HTTP/1.1" 200 399
[27/Aug/2026 07:20:26] "GET /api/latest-detections/ HTTP/1.1" 200 231
[27/Aug/2026 07:20:26] "GET /api/drone-location/ HTTP/1.1" 200 399
[27/Aug/2026 07:20:27] "GET /api/latest-detections/ HTTP/1.1" 200 232
[27/Aug/2026 07:20:27] "GET /api/drone-location/ HTTP/1.1" 200 399
[27/Aug/2026 07:20:27] "GET /api/system-status/ HTTP/1.1" 200 479
[27/Aug/2026 07:20:28] "GET /api/latest-detections/ HTTP/1.1" 200 231
[27/Aug/2026 07:20:28] "GET /api/drone-location/ HTTP/1.1" 200 399
[27/Aug/2026 07:20:29] "GET /api/latest-detections/ HTTP/1.1" 200 231
[27/Aug/2026 07:20:29] "GET /api/drone-location/ HTTP/1.1" 200 399
[27/Aug/2026 07:20:30] "GET /api/latest-detections/ HTTP/1.1" 200 231
[27/Aug/2026 07:20:30] "GET /api/drone-location/ HTTP/1.1" 200 399
[27/Aug/2026 07:20:30] "GET /api/system-status/ HTTP/1.1" 200 479
[27/Aug/2026 07:20:31] "GET /api/latest-detections/ HTTP/1.1" 200 231
[27/Aug/2026 07:20:31] "GET /api/drone-location/ HTTP/1.1" 200 399
[27/Aug/2026 07:20:32] "GET /api/latest-detections/ HTTP/1.1" 200 231
[27/Aug/2026 07:20:32] "GET /api/drone-location/ HTTP/1.1" 200 399
[27/Aug/2026 07:20:32] "GET /api/latest-detections/ HTTP/1.1" 200 232
[27/Aug/2026 07:20:32] "GET /api/latest-detections/ HTTP/1.1" 200 232
[27/Aug/2026 07:20:32] "GET /api/drone-location/ HTTP/1.1" 200 399
[27/Aug/2026 07:20:32] "GET /api/system-status/ HTTP/1.1" 200 479
[27/Aug/2026 07:20:33] "GET /api/latest-detections/ HTTP/1.1" 200 232
[27/Aug/2026 07:20:33] "GET /api/latest-detections/ HTTP/1.1" 200 232
[27/Aug/2026 07:20:33] "GET /api/latest-detections/ HTTP/1.1" 200 232
[27/Aug/2026 07:20:34] "GET /api/latest-detections/ HTTP/1.1" 200 231
[27/Aug/2026 07:20:34] "GET /api/drone-location/ HTTP/1.1" 200 398
[27/Aug/2026 07:20:35] "GET /api/latest-detections/ HTTP/1.1" 200 231
[27/Aug/2026 07:20:35] "GET /api/drone-location/ HTTP/1.1" 200 398
[27/Aug/2026 07:20:36] "GET /api/latest-detections/ HTTP/1.1" 200 231
[27/Aug/2026 07:20:36] "GET /api/drone-location/ HTTP/1.1" 200 398
[27/Aug/2026 07:20:36] "GET /api/system-status/ HTTP/1.1" 200 479
[27/Aug/2026 07:20:37] "GET /api/latest-detections/ HTTP/1.1" 200 231
[27/Aug/2026 07:20:37] "GET /api/drone-location/ HTTP/1.1" 200 398
[27/Aug/2026 07:20:38] "GET /api/latest-detections/ HTTP/1.1" 200 232
[27/Aug/2026 07:20:38] "GET /api/drone-location/ HTTP/1.1" 200 399
[27/Aug/2026 07:20:39] "GET /api/latest-detections/ HTTP/1.1" 200 232
[27/Aug/2026 07:20:39] "GET /api/drone-location/ HTTP/1.1" 200 399
[27/Aug/2026 07:20:39] "GET /api/system-status/ HTTP/1.1" 200 479
[27/Aug/2026 07:20:40] "GET /api/latest-detections/ HTTP/1.1" 200 231
[27/Aug/2026 07:20:40] "GET /api/drone-location/ HTTP/1.1" 200 398
[27/Aug/2026 07:20:41] "GET /api/latest-detections/ HTTP/1.1" 200 232
[27/Aug/2026 07:20:41] "GET /api/drone-location/ HTTP/1.1" 200 398
[27/Aug/2026 07:20:42] "GET /api/latest-detections/ HTTP/1.1" 200 233
[27/Aug/2026 07:20:42] "GET /api/drone-location/ HTTP/1.1" 200 399
[27/Aug/2026 07:20:42] "GET /api/system-status/ HTTP/1.1" 200 479
[27/Aug/2026 07:20:43] "GET /api/latest-detections/ HTTP/1.1" 200 232
[27/Aug/2026 07:20:43] "GET /api/drone-location/ HTTP/1.1" 200 399
[27/Aug/2026 07:20:44] "GET /api/latest-detections/ HTTP/1.1" 200 233
[27/Aug/2026 07:20:44] "GET /api/drone-location/ HTTP/1.1" 200 399
[27/Aug/2026 07:20:45] "GET /api/latest-detections/ HTTP/1.1" 200 233
[27/Aug/2026 07:20:45] "GET /api/drone-location/ HTTP/1.1" 200 399
[27/Aug/2026 07:20:45] "GET /api/system-status/ HTTP/1.1" 200 479
[27/Aug/2026 07:20:46] "GET /api/latest-detections/ HTTP/1.1" 200 233
[27/Aug/2026 07:20:46] "GET /api/drone-location/ HTTP/1.1" 200 399
[27/Aug/2026 07:20:47] "GET /api/latest-detections/ HTTP/1.1" 200 233
[27/Aug/2026 07:20:47] "GET /api/drone-location/ HTTP/1.1" 200 399
[27/Aug/2026 07:20:48] "GET /api/latest-detections/ HTTP/1.1" 200 232
[27/Aug/2026 07:20:48] "GET /api/drone-location/ HTTP/1.1" 200 399
[27/Aug/2026 07:20:48] "GET /api/system-status/ HTTP/1.1" 200 479
[27/Aug/2026 07:20:49] "GET /api/latest-detections/ HTTP/1.1" 200 233
[27/Aug/2026 07:20:49] "GET /api/drone-location/ HTTP/1.1" 200 399
[27/Aug/2026 07:20:50] "GET /api/latest-detections/ HTTP/1.1" 200 232
[27/Aug/2026 07:20:50] "GET /api/drone-location/ HTTP/1.1" 200 399
[27/Aug/2026 07:20:51] "GET /api/latest-detections/ HTTP/1.1" 200 233
[27/Aug/2026 07:20:51] "GET /api/drone-location/ HTTP/1.1" 200 399
[27/Aug/2026 07:20:51] "GET /api/system-status/ HTTP/1.1" 200 479
[27/Aug/2026 07:20:52] "GET /api/latest-detections/ HTTP/1.1" 200 233
[27/Aug/2026 07:20:52] "GET /api/drone-location/ HTTP/1.1" 200 399
[27/Aug/2026 07:20:53] "GET /api/latest-detections/ HTTP/1.1" 200 233
[27/Aug/2026 07:20:53] "GET /api/drone-location/ HTTP/1.1" 200 399
[27/Aug/2026 07:20:54] "GET /api/latest-detections/ HTTP/1.1" 200 232
[27/Aug/2026 07:20:54] "GET /api/drone-location/ HTTP/1.1" 200 399
[27/Aug/2026 07:20:54] "GET /api/system-status/ HTTP/1.1" 200 479
[27/Aug/2026 07:20:55] "GET /api/latest-detections/ HTTP/1.1" 200 232
[27/Aug/2026 07:20:55] "GET /api/drone-location/ HTTP/1.1" 200 399
[27/Aug/2026 07:20:55] "GET /api/latest-detections/ HTTP/1.1" 200 233
[27/Aug/2026 07:20:55] "GET /api/latest-detections/ HTTP/1.1" 200 233
[27/Aug/2026 07:20:55] "GET /api/drone-location/ HTTP/1.1" 200 399
[27/Aug/2026 07:20:55] "GET /api/latest-detections/ HTTP/1.1" 200 233
[27/Aug/2026 07:20:56] "GET /api/latest-detections/ HTTP/1.1" 200 233
[27/Aug/2026 07:20:56] "GET /api/latest-detections/ HTTP/1.1" 200 233
[27/Aug/2026 07:20:56] "GET /api/latest-detections/ HTTP/1.1" 200 233
[27/Aug/2026 07:20:56] "GET /api/drone-location/ HTTP/1.1" 200 398
[27/Aug/2026 07:20:56] "GET /api/system-status/ HTTP/1.1" 200 479
[27/Aug/2026 07:20:57] "GET /api/latest-detections/ HTTP/1.1" 200 233
[27/Aug/2026 07:20:58] "GET /api/latest-detections/ HTTP/1.1" 200 233
[27/Aug/2026 07:20:58] "GET /api/drone-location/ HTTP/1.1" 200 399
[27/Aug/2026 07:20:59] "GET /api/latest-detections/ HTTP/1.1" 200 232
[27/Aug/2026 07:20:59] "GET /api/drone-location/ HTTP/1.1" 200 399
[27/Aug/2026 07:21:00] "GET /api/latest-detections/ HTTP/1.1" 200 232
[27/Aug/2026 07:21:00] "GET /api/drone-location/ HTTP/1.1" 200 399
[27/Aug/2026 07:21:00] "GET /api/system-status/ HTTP/1.1" 200 479
[27/Aug/2026 07:21:01] "GET /api/latest-detections/ HTTP/1.1" 200 232
[27/Aug/2026 07:21:01] "GET /api/drone-location/ HTTP/1.1" 200 399
[27/Aug/2026 07:21:02] "GET /api/latest-detections/ HTTP/1.1" 200 233
[27/Aug/2026 07:21:02] "GET /api/drone-location/ HTTP/1.1" 200 398
[27/Aug/2026 07:21:03] "GET /api/latest-detections/ HTTP/1.1" 200 233
[27/Aug/2026 07:21:03] "GET /api/drone-location/ HTTP/1.1" 200 398
[27/Aug/2026 07:21:03] "GET /api/system-status/ HTTP/1.1" 200 479
[27/Aug/2026 07:21:04] "GET /api/latest-detections/ HTTP/1.1" 200 232
[27/Aug/2026 07:21:04] "GET /api/drone-location/ HTTP/1.1" 200 399
[27/Aug/2026 07:21:05] "GET /api/latest-detections/ HTTP/1.1" 200 233
[27/Aug/2026 07:21:05] "GET /api/drone-location/ HTTP/1.1" 200 399
[27/Aug/2026 07:21:06] "GET /api/latest-detections/ HTTP/1.1" 200 233
[27/Aug/2026 07:21:06] "GET /api/drone-location/ HTTP/1.1" 200 398
[27/Aug/2026 07:21:06] "GET /api/system-status/ HTTP/1.1" 200 479
[27/Aug/2026 07:21:07] "GET /api/latest-detections/ HTTP/1.1" 200 233
[27/Aug/2026 07:21:07] "GET /api/drone-location/ HTTP/1.1" 200 398
[27/Aug/2026 07:21:08] "GET /api/latest-detections/ HTTP/1.1" 200 233
[27/Aug/2026 07:21:08] "GET /api/drone-location/ HTTP/1.1" 200 396
[27/Aug/2026 07:21:09] "GET /api/latest-detections/ HTTP/1.1" 200 232
[27/Aug/2026 07:21:09] "GET /api/drone-location/ HTTP/1.1" 200 396
[27/Aug/2026 07:21:09] "GET /api/system-status/ HTTP/1.1" 200 479
[27/Aug/2026 07:21:10] "GET /api/latest-detections/ HTTP/1.1" 200 233
[27/Aug/2026 07:21:10] "GET /api/drone-location/ HTTP/1.1" 200 397
[27/Aug/2026 07:21:11] "GET /api/latest-detections/ HTTP/1.1" 200 233
[27/Aug/2026 07:21:11] "GET /api/drone-location/ HTTP/1.1" 200 397
[27/Aug/2026 07:21:12] "GET /api/latest-detections/ HTTP/1.1" 200 233
[27/Aug/2026 07:21:12] "GET /api/drone-location/ HTTP/1.1" 200 399
[27/Aug/2026 07:21:12] "GET /api/system-status/ HTTP/1.1" 200 479
[27/Aug/2026 07:21:13] "GET /api/latest-detections/ HTTP/1.1" 200 233
[27/Aug/2026 07:21:13] "GET /api/drone-location/ HTTP/1.1" 200 399
[27/Aug/2026 07:21:14] "GET /api/latest-detections/ HTTP/1.1" 200 232
[27/Aug/2026 07:21:14] "GET /api/drone-location/ HTTP/1.1" 200 398
[27/Aug/2026 07:21:15] "GET /api/latest-detections/ HTTP/1.1" 200 233
[27/Aug/2026 07:21:15] "GET /api/drone-location/ HTTP/1.1" 200 398
[27/Aug/2026 07:21:15] "GET /api/system-status/ HTTP/1.1" 200 479
[27/Aug/2026 07:21:16] "GET /api/latest-detections/ HTTP/1.1" 200 232
[27/Aug/2026 07:21:16] "GET /api/drone-location/ HTTP/1.1" 200 398
[27/Aug/2026 07:21:17] "GET /api/latest-detections/ HTTP/1.1" 200 233
[27/Aug/2026 07:21:17] "GET /api/drone-location/ HTTP/1.1" 200 398
[27/Aug/2026 07:21:18] "GET /api/latest-detections/ HTTP/1.1" 200 233
[27/Aug/2026 07:21:18] "GET /api/drone-location/ HTTP/1.1" 200 398
[27/Aug/2026 07:21:18] "GET /api/system-status/ HTTP/1.1" 200 479
[27/Aug/2026 07:21:19] "GET /api/latest-detections/ HTTP/1.1" 200 232
[27/Aug/2026 07:21:19] "GET /api/drone-location/ HTTP/1.1" 200 398
[27/Aug/2026 07:21:20] "GET /api/latest-detections/ HTTP/1.1" 200 233
[27/Aug/2026 07:21:20] "GET /api/drone-location/ HTTP/1.1" 200 398
[27/Aug/2026 07:21:21] "GET /api/latest-detections/ HTTP/1.1" 200 233
[27/Aug/2026 07:21:21] "GET /api/drone-location/ HTTP/1.1" 200 399
[27/Aug/2026 07:21:21] "GET /api/system-status/ HTTP/1.1" 200 479
[27/Aug/2026 07:21:22] "GET /api/latest-detections/ HTTP/1.1" 200 233
[27/Aug/2026 07:21:22] "GET /api/drone-location/ HTTP/1.1" 200 399
[27/Aug/2026 07:21:23] "GET /api/latest-detections/ HTTP/1.1" 200 233
[27/Aug/2026 07:21:23] "GET /api/drone-location/ HTTP/1.1" 200 399
[27/Aug/2026 07:21:24] "GET /api/latest-detections/ HTTP/1.1" 200 233
[27/Aug/2026 07:21:24] "GET /api/drone-location/ HTTP/1.1" 200 398
[27/Aug/2026 07:21:24] "GET /api/system-status/ HTTP/1.1" 200 479
[27/Aug/2026 07:21:25] "GET /api/latest-detections/ HTTP/1.1" 200 233
[27/Aug/2026 07:21:25] "GET /api/drone-location/ HTTP/1.1" 200 398
[27/Aug/2026 07:21:26] "GET /api/latest-detections/ HTTP/1.1" 200 233
[27/Aug/2026 07:21:26] "GET /api/drone-location/ HTTP/1.1" 200 398
[27/Aug/2026 07:21:27] "GET /api/latest-detections/ HTTP/1.1" 200 233
[27/Aug/2026 07:21:27] "GET /api/drone-location/ HTTP/1.1" 200 398
[27/Aug/2026 07:21:27] "GET /api/system-status/ HTTP/1.1" 200 479
[27/Aug/2026 07:21:28] "GET /api/latest-detections/ HTTP/1.1" 200 232
[27/Aug/2026 07:21:28] "GET /api/drone-location/ HTTP/1.1" 200 398
[27/Aug/2026 07:21:29] "GET /api/latest-detections/ HTTP/1.1" 200 232
[27/Aug/2026 07:21:29] "GET /api/drone-location/ HTTP/1.1" 200 398
[27/Aug/2026 07:21:30] "GET /api/latest-detections/ HTTP/1.1" 200 233
[27/Aug/2026 07:21:30] "GET /api/drone-location/ HTTP/1.1" 200 398
[27/Aug/2026 07:21:30] "GET /api/system-status/ HTTP/1.1" 200 479
[27/Aug/2026 07:21:31] "GET /api/latest-detections/ HTTP/1.1" 200 233
[27/Aug/2026 07:21:31] "GET /api/drone-location/ HTTP/1.1" 200 398
[27/Aug/2026 07:21:32] "GET /api/latest-detections/ HTTP/1.1" 200 232
[27/Aug/2026 07:21:32] "GET /api/drone-location/ HTTP/1.1" 200 398
[27/Aug/2026 07:21:33] "GET /api/latest-detections/ HTTP/1.1" 200 232
[27/Aug/2026 07:21:33] "GET /api/drone-location/ HTTP/1.1" 200 398
[27/Aug/2026 07:21:33] "GET /api/system-status/ HTTP/1.1" 200 479
[27/Aug/2026 07:21:34] "GET /api/latest-detections/ HTTP/1.1" 200 233
[27/Aug/2026 07:21:34] "GET /api/drone-location/ HTTP/1.1" 200 399
[27/Aug/2026 07:21:35] "GET /api/latest-detections/ HTTP/1.1" 200 233
[27/Aug/2026 07:21:35] "GET /api/drone-location/ HTTP/1.1" 200 399
[27/Aug/2026 07:21:36] "GET /api/latest-detections/ HTTP/1.1" 200 232
[27/Aug/2026 07:21:36] "GET /api/drone-location/ HTTP/1.1" 200 398
[27/Aug/2026 07:21:36] "GET /api/system-status/ HTTP/1.1" 200 479
[27/Aug/2026 07:21:37] "GET /api/latest-detections/ HTTP/1.1" 200 232
[27/Aug/2026 07:21:37] "GET /api/drone-location/ HTTP/1.1" 200 398
[27/Aug/2026 07:21:38] "GET /api/latest-detections/ HTTP/1.1" 200 233
[27/Aug/2026 07:21:38] "GET /api/drone-location/ HTTP/1.1" 200 399
[27/Aug/2026 07:21:39] "GET /api/latest-detections/ HTTP/1.1" 200 233
[27/Aug/2026 07:21:39] "GET /api/drone-location/ HTTP/1.1" 200 399
[27/Aug/2026 07:21:39] "GET /api/system-status/ HTTP/1.1" 200 479
[27/Aug/2026 07:21:40] "GET /api/latest-detections/ HTTP/1.1" 200 233
[27/Aug/2026 07:21:40] "GET /api/drone-location/ HTTP/1.1" 200 399
[27/Aug/2026 07:21:41] "GET /api/latest-detections/ HTTP/1.1" 200 233
[27/Aug/2026 07:21:41] "GET /api/drone-location/ HTTP/1.1" 200 399
[27/Aug/2026 07:21:42] "GET /api/latest-detections/ HTTP/1.1" 200 232
[27/Aug/2026 07:21:42] "GET /api/drone-location/ HTTP/1.1" 200 398
[27/Aug/2026 07:21:42] "GET /api/system-status/ HTTP/1.1" 200 479
[27/Aug/2026 07:21:43] "GET /api/latest-detections/ HTTP/1.1" 200 233
[27/Aug/2026 07:21:43] "GET /api/drone-location/ HTTP/1.1" 200 398
[27/Aug/2026 07:21:44] "GET /api/latest-detections/ HTTP/1.1" 200 233
[27/Aug/2026 07:21:44] "GET /api/drone-location/ HTTP/1.1" 200 398
[27/Aug/2026 07:21:45] "GET /api/latest-detections/ HTTP/1.1" 200 233
[27/Aug/2026 07:21:45] "GET /api/drone-location/ HTTP/1.1" 200 398
[27/Aug/2026 07:21:45] "GET /api/system-status/ HTTP/1.1" 200 479
[27/Aug/2026 07:21:46] "GET /api/latest-detections/ HTTP/1.1" 200 233
[27/Aug/2026 07:21:46] "GET /api/drone-location/ HTTP/1.1" 200 394
[27/Aug/2026 07:21:47] "GET /api/latest-detections/ HTTP/1.1" 200 233
[27/Aug/2026 07:21:47] "GET /api/drone-location/ HTTP/1.1" 200 394
[27/Aug/2026 07:21:48] "GET /api/latest-detections/ HTTP/1.1" 200 232
[27/Aug/2026 07:21:48] "GET /api/drone-location/ HTTP/1.1" 200 399
[27/Aug/2026 07:21:48] "GET /api/system-status/ HTTP/1.1" 200 479
[27/Aug/2026 07:21:49] "GET /api/latest-detections/ HTTP/1.1" 200 233
[27/Aug/2026 07:21:49] "GET /api/drone-location/ HTTP/1.1" 200 399
[27/Aug/2026 07:21:50] "GET /api/latest-detections/ HTTP/1.1" 200 232
[27/Aug/2026 07:21:50] "GET /api/drone-location/ HTTP/1.1" 200 399
[27/Aug/2026 07:21:51] "GET /api/latest-detections/ HTTP/1.1" 200 232
[27/Aug/2026 07:21:51] "GET /api/drone-location/ HTTP/1.1" 200 399
[27/Aug/2026 07:21:51] "GET /api/system-status/ HTTP/1.1" 200 479
[27/Aug/2026 07:21:52] "GET /api/latest-detections/ HTTP/1.1" 200 232
[27/Aug/2026 07:21:52] "GET /api/drone-location/ HTTP/1.1" 200 398
[27/Aug/2026 07:21:53] "GET /api/latest-detections/ HTTP/1.1" 200 233
[27/Aug/2026 07:21:53] "GET /api/drone-location/ HTTP/1.1" 200 398
[27/Aug/2026 07:21:54] "GET /api/latest-detections/ HTTP/1.1" 200 232
[27/Aug/2026 07:21:54] "GET /api/drone-location/ HTTP/1.1" 200 399
[27/Aug/2026 07:21:54] "GET /api/system-status/ HTTP/1.1" 200 479
[27/Aug/2026 07:21:55] "GET /api/latest-detections/ HTTP/1.1" 200 233
[27/Aug/2026 07:21:55] "GET /api/drone-location/ HTTP/1.1" 200 399
[27/Aug/2026 07:21:56] "GET /api/latest-detections/ HTTP/1.1" 200 233
[27/Aug/2026 07:21:56] "GET /api/drone-location/ HTTP/1.1" 200 399
[27/Aug/2026 07:21:57] "GET /api/latest-detections/ HTTP/1.1" 200 232
[27/Aug/2026 07:21:57] "GET /api/drone-location/ HTTP/1.1" 200 399
[27/Aug/2026 07:21:57] "GET /api/system-status/ HTTP/1.1" 200 479
[27/Aug/2026 07:22:24] "GET /api/latest-detections/ HTTP/1.1" 200 233
[27/Aug/2026 07:22:24] "GET /api/drone-location/ HTTP/1.1" 200 399
[27/Aug/2026 07:22:24] "GET /api/system-status/ HTTP/1.1" 200 479
[27/Aug/2026 07:23:24] "GET /api/latest-detections/ HTTP/1.1" 200 232
[27/Aug/2026 07:23:24] "GET /api/drone-location/ HTTP/1.1" 200 399
[27/Aug/2026 07:23:24] "GET /api/system-status/ HTTP/1.1" 200 479
[27/Aug/2026 07:24:24] "GET /api/latest-detections/ HTTP/1.1" 200 233
[27/Aug/2026 07:24:24] "GET /api/drone-location/ HTTP/1.1" 200 399
[27/Aug/2026 07:24:24] "GET /api/system-status/ HTTP/1.1" 200 479
[27/Aug/2026 07:25:24] "GET /api/latest-detections/ HTTP/1.1" 200 233
[27/Aug/2026 07:25:24] "GET /api/drone-location/ HTTP/1.1" 200 399
[27/Aug/2026 07:25:24] "GET /api/system-status/ HTTP/1.1" 200 479
[27/Aug/2026 07:26:24] "GET /api/latest-detections/ HTTP/1.1" 200 233
[27/Aug/2026 07:26:24] "GET /api/drone-location/ HTTP/1.1" 200 399
[27/Aug/2026 07:26:24] "GET /api/system-status/ HTTP/1.1" 200 479
[27/Aug/2026 07:26:46] "GET /api/latest-detections/ HTTP/1.1" 200 233
[27/Aug/2026 07:26:46] "GET /api/drone-location/ HTTP/1.1" 200 398
[27/Aug/2026 07:26:46] "GET /api/latest-detections/ HTTP/1.1" 200 233
[27/Aug/2026 07:26:46] "GET /api/system-status/ HTTP/1.1" 200 479
[27/Aug/2026 07:26:46] "GET /api/latest-detections/ HTTP/1.1" 200 233
[27/Aug/2026 07:26:46] "GET /api/drone-location/ HTTP/1.1" 200 398
[27/Aug/2026 07:26:46] "GET /api/latest-detections/ HTTP/1.1" 200 233
[27/Aug/2026 07:26:47] "GET /api/latest-detections/ HTTP/1.1" 200 233
[27/Aug/2026 07:26:47] "GET /api/latest-detections/ HTTP/1.1" 200 233
[27/Aug/2026 07:26:47] "GET /api/latest-detections/ HTTP/1.1" 200 233
[27/Aug/2026 07:26:47] "GET /api/drone-location/ HTTP/1.1" 200 398
[27/Aug/2026 07:26:48] "GET /dashboard/mission/ HTTP/1.1" 200 32880
[27/Aug/2026 07:26:48] "GET /api/drone-location/ HTTP/1.1" 200 398
[27/Aug/2026 07:26:48] "GET /api/latest-detections/ HTTP/1.1" 200 233
[27/Aug/2026 07:26:48] "GET /api/system-status/ HTTP/1.1" 200 479
[27/Aug/2026 07:26:48] "GET /api/latest-detections/ HTTP/1.1" 200 233
[27/Aug/2026 07:26:48] "GET /api/latest-detections/ HTTP/1.1" 200 233
[27/Aug/2026 07:26:49] "GET /api/latest-detections/ HTTP/1.1" 200 233
[27/Aug/2026 07:26:49] "GET /api/drone-location/ HTTP/1.1" 200 398
[27/Aug/2026 07:26:49] "GET /api/latest-detections/ HTTP/1.1" 200 233
[27/Aug/2026 07:26:49] "GET /dashboard/mission/ HTTP/1.1" 200 32880
[27/Aug/2026 07:26:49] "GET /api/latest-detections/ HTTP/1.1" 200 233
[27/Aug/2026 07:26:50] "GET /api/drone-location/ HTTP/1.1" 200 398
[27/Aug/2026 07:26:50] "GET /api/system-status/ HTTP/1.1" 200 479
[27/Aug/2026 07:26:50] "GET /api/latest-detections/ HTTP/1.1" 200 233
[27/Aug/2026 07:26:50] "GET /api/latest-detections/ HTTP/1.1" 200 233
[27/Aug/2026 07:26:50] "GET /api/latest-detections/ HTTP/1.1" 200 233
[27/Aug/2026 07:26:50] "GET /api/drone-location/ HTTP/1.1" 200 398
[27/Aug/2026 07:26:51] "GET /api/latest-detections/ HTTP/1.1" 200 233
[27/Aug/2026 07:26:51] "GET /api/latest-detections/ HTTP/1.1" 200 233
Not Found: /favicon.ico
[27/Aug/2026 07:26:51] "GET /favicon.ico HTTP/1.1" 404 6772
[27/Aug/2026 07:26:51] "GET /api/latest-detections/ HTTP/1.1" 200 233
[27/Aug/2026 07:26:51] "GET /api/drone-location/ HTTP/1.1" 200 398
[27/Aug/2026 07:26:52] "GET /api/latest-detections/ HTTP/1.1" 200 233
[27/Aug/2026 07:26:52] "GET /dji/login/ HTTP/1.1" 200 10986
[27/Aug/2026 07:26:52] "GET /api/latest-detections/ HTTP/1.1" 200 233
[27/Aug/2026 07:26:52] "GET /api/latest-detections/ HTTP/1.1" 200 233
[27/Aug/2026 07:26:52] "GET /api/latest-detections/ HTTP/1.1" 200 233
[27/Aug/2026 07:26:52] "GET /api/drone-location/ HTTP/1.1" 200 398
[27/Aug/2026 07:26:53] "GET /api/system-status/ HTTP/1.1" 200 479
[27/Aug/2026 07:26:53] "GET /dji/login/ HTTP/1.1" 200 10986
[27/Aug/2026 07:26:53] "GET /api/latest-detections/ HTTP/1.1" 200 233
[27/Aug/2026 07:26:53] "GET /api/latest-detections/ HTTP/1.1" 200 233
[27/Aug/2026 07:26:53] "GET /api/latest-detections/ HTTP/1.1" 200 233
[27/Aug/2026 07:26:53] "GET /api/drone-location/ HTTP/1.1" 200 398
[27/Aug/2026 07:26:54] "GET /api/latest-detections/ HTTP/1.1" 200 233
[27/Aug/2026 07:26:54] "GET /api/latest-detections/ HTTP/1.1" 200 233
[27/Aug/2026 07:26:54] "GET /api/latest-detections/ HTTP/1.1" 200 233
[27/Aug/2026 07:26:54] "GET /api/drone-location/ HTTP/1.1" 200 398
[27/Aug/2026 07:26:55] "GET /api/latest-detections/ HTTP/1.1" 200 233
[27/Aug/2026 07:26:55] "GET /api/latest-detections/ HTTP/1.1" 200 233
[27/Aug/2026 07:26:55] "GET /api/latest-detections/ HTTP/1.1" 200 233
[27/Aug/2026 07:26:55] "GET /api/latest-detections/ HTTP/1.1" 200 233
[27/Aug/2026 07:26:55] "GET /api/drone-location/ HTTP/1.1" 200 398
[27/Aug/2026 07:26:56] "GET /api/system-status/ HTTP/1.1" 200 479
[27/Aug/2026 07:26:56] "GET /api/latest-detections/ HTTP/1.1" 200 233
[27/Aug/2026 07:26:56] "GET /api/latest-detections/ HTTP/1.1" 200 233
[27/Aug/2026 07:26:56] "GET /api/latest-detections/ HTTP/1.1" 200 233
[27/Aug/2026 07:26:56] "GET /api/drone-location/ HTTP/1.1" 200 398
[27/Aug/2026 07:26:57] "GET /dashboard/remote-control/ HTTP/1.1" 200 36260
[27/Aug/2026 07:27:01] "GET /dashboard/mission/ HTTP/1.1" 200 32880
[27/Aug/2026 07:27:01] "GET /api/latest-detections/ HTTP/1.1" 200 233
[27/Aug/2026 07:27:01] "GET /api/drone-location/ HTTP/1.1" 200 399
[27/Aug/2026 07:27:01] "GET /api/system-status/ HTTP/1.1" 200 479
[27/Aug/2026 07:27:01] "GET /api/latest-detections/ HTTP/1.1" 200 233
[27/Aug/2026 07:27:02] "GET /api/latest-detections/ HTTP/1.1" 200 232
[27/Aug/2026 07:27:02] "GET /api/latest-detections/ HTTP/1.1" 200 233
[27/Aug/2026 07:27:02] "GET /api/drone-location/ HTTP/1.1" 200 398
[27/Aug/2026 07:27:02] "GET /api/latest-detections/ HTTP/1.1" 200 232
[27/Aug/2026 07:27:03] "GET /api/latest-detections/ HTTP/1.1" 200 232
[27/Aug/2026 07:27:03] "GET /api/latest-detections/ HTTP/1.1" 200 232
[27/Aug/2026 07:27:03] "GET /api/drone-location/ HTTP/1.1" 200 398
[27/Aug/2026 07:27:03] "GET /api/latest-detections/ HTTP/1.1" 200 232
[27/Aug/2026 07:27:04] "GET /api/latest-detections/ HTTP/1.1" 200 232
[27/Aug/2026 07:27:04] "GET /api/latest-detections/ HTTP/1.1" 200 232
[27/Aug/2026 07:27:04] "GET /api/latest-detections/ HTTP/1.1" 200 233
[27/Aug/2026 07:27:04] "GET /api/drone-location/ HTTP/1.1" 200 398
[27/Aug/2026 07:27:04] "GET /api/system-status/ HTTP/1.1" 200 479
[27/Aug/2026 07:27:05] "GET /api/latest-detections/ HTTP/1.1" 200 232
[27/Aug/2026 07:27:05] "GET /api/latest-detections/ HTTP/1.1" 200 232
[27/Aug/2026 07:27:05] "GET /api/latest-detections/ HTTP/1.1" 200 232
[27/Aug/2026 07:27:05] "GET /api/drone-location/ HTTP/1.1" 200 398
[27/Aug/2026 07:27:05] "GET /api/latest-detections/ HTTP/1.1" 200 232
[27/Aug/2026 07:27:06] "GET /api/latest-detections/ HTTP/1.1" 200 232
[27/Aug/2026 07:27:06] "GET /api/latest-detections/ HTTP/1.1" 200 233
[27/Aug/2026 07:27:06] "GET /api/drone-location/ HTTP/1.1" 200 399
[27/Aug/2026 07:27:06] "GET /api/latest-detections/ HTTP/1.1" 200 232
[27/Aug/2026 07:27:07] "GET /api/latest-detections/ HTTP/1.1" 200 232
[27/Aug/2026 07:27:07] "GET /api/latest-detections/ HTTP/1.1" 200 232
[27/Aug/2026 07:27:07] "GET /api/latest-detections/ HTTP/1.1" 200 233
[27/Aug/2026 07:27:07] "GET /api/drone-location/ HTTP/1.1" 200 399
[27/Aug/2026 07:27:07] "GET /api/system-status/ HTTP/1.1" 200 479
[27/Aug/2026 07:27:08] "GET /api/latest-detections/ HTTP/1.1" 200 232
[27/Aug/2026 07:27:08] "GET /api/latest-detections/ HTTP/1.1" 200 232
[27/Aug/2026 07:27:08] "GET /api/latest-detections/ HTTP/1.1" 200 232
[27/Aug/2026 07:27:08] "GET /api/drone-location/ HTTP/1.1" 200 399
[27/Aug/2026 07:27:08] "GET /api/latest-detections/ HTTP/1.1" 200 232
[27/Aug/2026 07:27:09] "GET /api/latest-detections/ HTTP/1.1" 200 233
[27/Aug/2026 07:27:09] "GET /api/latest-detections/ HTTP/1.1" 200 232
[27/Aug/2026 07:27:09] "GET /api/drone-location/ HTTP/1.1" 200 399
[27/Aug/2026 07:27:09] "GET /api/latest-detections/ HTTP/1.1" 200 233
[27/Aug/2026 07:27:10] "GET /api/latest-detections/ HTTP/1.1" 200 233
[27/Aug/2026 07:27:11] "GET /api/latest-detections/ HTTP/1.1" 200 233
[27/Aug/2026 07:27:11] "GET /api/drone-location/ HTTP/1.1" 200 399
[27/Aug/2026 07:27:11] "GET /api/system-status/ HTTP/1.1" 200 479
[27/Aug/2026 07:27:12] "GET /api/latest-detections/ HTTP/1.1" 200 233
[27/Aug/2026 07:27:12] "GET /api/drone-location/ HTTP/1.1" 200 399
[27/Aug/2026 07:27:13] "GET /api/latest-detections/ HTTP/1.1" 200 232
[27/Aug/2026 07:27:13] "GET /api/drone-location/ HTTP/1.1" 200 398
[27/Aug/2026 07:27:14] "GET /api/latest-detections/ HTTP/1.1" 200 233
[27/Aug/2026 07:27:14] "GET /api/drone-location/ HTTP/1.1" 200 398
[27/Aug/2026 07:27:14] "GET /api/system-status/ HTTP/1.1" 200 479
[27/Aug/2026 07:27:15] "GET /api/latest-detections/ HTTP/1.1" 200 233
[27/Aug/2026 07:27:15] "GET /api/drone-location/ HTTP/1.1" 200 399
[27/Aug/2026 07:27:16] "GET /api/latest-detections/ HTTP/1.1" 200 232
[27/Aug/2026 07:27:16] "GET /api/drone-location/ HTTP/1.1" 200 399
[27/Aug/2026 07:27:17] "GET /api/latest-detections/ HTTP/1.1" 200 232
[27/Aug/2026 07:27:17] "GET /api/drone-location/ HTTP/1.1" 200 399
[27/Aug/2026 07:27:17] "GET /api/system-status/ HTTP/1.1" 200 479
[27/Aug/2026 07:27:18] "GET /api/latest-detections/ HTTP/1.1" 200 233
[27/Aug/2026 07:27:18] "GET /api/drone-location/ HTTP/1.1" 200 399
[27/Aug/2026 07:27:19] "GET /api/latest-detections/ HTTP/1.1" 200 232
[27/Aug/2026 07:27:19] "GET /api/drone-location/ HTTP/1.1" 200 398
[27/Aug/2026 07:27:20] "GET /api/latest-detections/ HTTP/1.1" 200 233
[27/Aug/2026 07:27:20] "GET /api/drone-location/ HTTP/1.1" 200 398
[27/Aug/2026 07:27:20] "GET /api/system-status/ HTTP/1.1" 200 479
[27/Aug/2026 07:27:21] "GET /api/latest-detections/ HTTP/1.1" 200 233
[27/Aug/2026 07:27:21] "GET /api/drone-location/ HTTP/1.1" 200 398
[27/Aug/2026 07:27:22] "GET /api/latest-detections/ HTTP/1.1" 200 232
[27/Aug/2026 07:27:22] "GET /api/drone-location/ HTTP/1.1" 200 398
[27/Aug/2026 07:27:23] "GET /api/latest-detections/ HTTP/1.1" 200 233
[27/Aug/2026 07:27:23] "GET /api/drone-location/ HTTP/1.1" 200 399
[27/Aug/2026 07:27:23] "GET /api/system-status/ HTTP/1.1" 200 479
[27/Aug/2026 07:27:24] "GET /api/latest-detections/ HTTP/1.1" 200 232
[27/Aug/2026 07:27:24] "GET /api/drone-location/ HTTP/1.1" 200 399
[27/Aug/2026 07:27:25] "GET /api/latest-detections/ HTTP/1.1" 200 232
[27/Aug/2026 07:27:25] "GET /api/drone-location/ HTTP/1.1" 200 399
[27/Aug/2026 07:27:26] "GET /api/latest-detections/ HTTP/1.1" 200 232
[27/Aug/2026 07:27:26] "GET /api/drone-location/ HTTP/1.1" 200 399
[27/Aug/2026 07:27:26] "GET /api/system-status/ HTTP/1.1" 200 479
[27/Aug/2026 07:27:27] "GET /api/latest-detections/ HTTP/1.1" 200 232
[27/Aug/2026 07:27:27] "GET /api/drone-location/ HTTP/1.1" 200 398
[27/Aug/2026 07:27:28] "GET /api/latest-detections/ HTTP/1.1" 200 232
[27/Aug/2026 07:27:28] "GET /api/drone-location/ HTTP/1.1" 200 398
[27/Aug/2026 07:27:29] "GET /api/latest-detections/ HTTP/1.1" 200 232
[27/Aug/2026 07:27:29] "GET /api/drone-location/ HTTP/1.1" 200 399
[27/Aug/2026 07:27:29] "GET /api/system-status/ HTTP/1.1" 200 479
[27/Aug/2026 07:27:30] "GET /api/latest-detections/ HTTP/1.1" 200 232
[27/Aug/2026 07:27:30] "GET /api/drone-location/ HTTP/1.1" 200 399
[27/Aug/2026 07:27:31] "GET /api/latest-detections/ HTTP/1.1" 200 232
[27/Aug/2026 07:27:31] "GET /api/drone-location/ HTTP/1.1" 200 399
[27/Aug/2026 07:27:32] "GET /api/latest-detections/ HTTP/1.1" 200 232
[27/Aug/2026 07:27:32] "GET /api/drone-location/ HTTP/1.1" 200 399
[27/Aug/2026 07:27:32] "GET /api/system-status/ HTTP/1.1" 200 479
[27/Aug/2026 07:27:33] "GET /api/latest-detections/ HTTP/1.1" 200 232
[27/Aug/2026 07:27:33] "GET /api/drone-location/ HTTP/1.1" 200 398
[27/Aug/2026 07:27:34] "GET /api/latest-detections/ HTTP/1.1" 200 232
[27/Aug/2026 07:27:34] "GET /api/drone-location/ HTTP/1.1" 200 398
[27/Aug/2026 07:27:35] "GET /api/latest-detections/ HTTP/1.1" 200 233
[27/Aug/2026 07:27:35] "GET /api/drone-location/ HTTP/1.1" 200 399
[27/Aug/2026 07:27:35] "GET /api/system-status/ HTTP/1.1" 200 479
[27/Aug/2026 07:27:36] "GET /api/latest-detections/ HTTP/1.1" 200 232
[27/Aug/2026 07:27:36] "GET /api/drone-location/ HTTP/1.1" 200 399
[27/Aug/2026 07:27:37] "GET /api/latest-detections/ HTTP/1.1" 200 232
[27/Aug/2026 07:27:37] "GET /api/drone-location/ HTTP/1.1" 200 398
[27/Aug/2026 07:27:38] "GET /api/latest-detections/ HTTP/1.1" 200 233
[27/Aug/2026 07:27:38] "GET /api/drone-location/ HTTP/1.1" 200 398
[27/Aug/2026 07:27:38] "GET /api/system-status/ HTTP/1.1" 200 479
[27/Aug/2026 07:27:39] "GET /api/latest-detections/ HTTP/1.1" 200 232
[27/Aug/2026 07:27:39] "GET /api/drone-location/ HTTP/1.1" 200 397
[27/Aug/2026 07:27:40] "GET /api/latest-detections/ HTTP/1.1" 200 232
[27/Aug/2026 07:27:40] "GET /api/drone-location/ HTTP/1.1" 200 397
[27/Aug/2026 07:27:41] "GET /api/latest-detections/ HTTP/1.1" 200 233
[27/Aug/2026 07:27:41] "GET /api/drone-location/ HTTP/1.1" 200 399
[27/Aug/2026 07:27:41] "GET /api/system-status/ HTTP/1.1" 200 479
[27/Aug/2026 07:27:42] "GET /api/latest-detections/ HTTP/1.1" 200 232
[27/Aug/2026 07:27:42] "GET /api/drone-location/ HTTP/1.1" 200 399
[27/Aug/2026 07:27:43] "GET /api/latest-detections/ HTTP/1.1" 200 232
[27/Aug/2026 07:27:43] "GET /api/drone-location/ HTTP/1.1" 200 398
[27/Aug/2026 07:27:44] "GET /api/latest-detections/ HTTP/1.1" 200 232
[27/Aug/2026 07:27:44] "GET /api/drone-location/ HTTP/1.1" 200 398
[27/Aug/2026 07:27:44] "GET /api/system-status/ HTTP/1.1" 200 479
[27/Aug/2026 07:27:45] "GET /api/latest-detections/ HTTP/1.1" 200 233
[27/Aug/2026 07:27:45] "GET /api/drone-location/ HTTP/1.1" 200 398
[27/Aug/2026 07:27:46] "GET /api/latest-detections/ HTTP/1.1" 200 233
[27/Aug/2026 07:27:46] "GET /api/drone-location/ HTTP/1.1" 200 398
[27/Aug/2026 07:27:47] "GET /api/latest-detections/ HTTP/1.1" 200 233
[27/Aug/2026 07:27:47] "GET /api/drone-location/ HTTP/1.1" 200 399
[27/Aug/2026 07:27:47] "GET /api/system-status/ HTTP/1.1" 200 479
[27/Aug/2026 07:27:48] "GET /api/latest-detections/ HTTP/1.1" 200 232
[27/Aug/2026 07:27:48] "GET /api/drone-location/ HTTP/1.1" 200 399
[27/Aug/2026 07:27:49] "GET /api/latest-detections/ HTTP/1.1" 200 233
[27/Aug/2026 07:27:49] "GET /api/drone-location/ HTTP/1.1" 200 394
[27/Aug/2026 07:27:50] "GET /api/latest-detections/ HTTP/1.1" 200 232
[27/Aug/2026 07:27:50] "GET /api/drone-location/ HTTP/1.1" 200 394
[27/Aug/2026 07:27:50] "GET /api/system-status/ HTTP/1.1" 200 479
[27/Aug/2026 07:27:51] "GET /api/latest-detections/ HTTP/1.1" 200 232
[27/Aug/2026 07:27:51] "GET /api/drone-location/ HTTP/1.1" 200 399
[27/Aug/2026 07:27:52] "GET /api/latest-detections/ HTTP/1.1" 200 232
[27/Aug/2026 07:27:52] "GET /api/drone-location/ HTTP/1.1" 200 399
[27/Aug/2026 07:27:53] "GET /api/latest-detections/ HTTP/1.1" 200 233
[27/Aug/2026 07:27:53] "GET /api/drone-location/ HTTP/1.1" 200 398
[27/Aug/2026 07:27:53] "GET /api/system-status/ HTTP/1.1" 200 479
[27/Aug/2026 07:27:54] "GET /api/latest-detections/ HTTP/1.1" 200 233
[27/Aug/2026 07:27:54] "GET /api/drone-location/ HTTP/1.1" 200 398
[27/Aug/2026 07:27:55] "GET /api/latest-detections/ HTTP/1.1" 200 233
[27/Aug/2026 07:27:55] "GET /api/drone-location/ HTTP/1.1" 200 399
[27/Aug/2026 07:27:56] "GET /api/latest-detections/ HTTP/1.1" 200 232
[27/Aug/2026 07:27:56] "GET /api/drone-location/ HTTP/1.1" 200 399
[27/Aug/2026 07:27:56] "GET /api/system-status/ HTTP/1.1" 200 479
[27/Aug/2026 07:27:57] "GET /api/latest-detections/ HTTP/1.1" 200 233
[27/Aug/2026 07:27:57] "GET /api/drone-location/ HTTP/1.1" 200 399
[27/Aug/2026 07:27:58] "GET /api/latest-detections/ HTTP/1.1" 200 232
[27/Aug/2026 07:27:58] "GET /api/drone-location/ HTTP/1.1" 200 399
[27/Aug/2026 07:27:59] "GET /api/latest-detections/ HTTP/1.1" 200 232
[27/Aug/2026 07:27:59] "GET /api/drone-location/ HTTP/1.1" 200 398
[27/Aug/2026 07:27:59] "GET /api/system-status/ HTTP/1.1" 200 479
[27/Aug/2026 07:28:00] "GET /api/latest-detections/ HTTP/1.1" 200 233
[27/Aug/2026 07:28:00] "GET /api/drone-location/ HTTP/1.1" 200 398
[27/Aug/2026 07:28:01] "GET /api/latest-detections/ HTTP/1.1" 200 232
[27/Aug/2026 07:28:01] "GET /api/drone-location/ HTTP/1.1" 200 399
[27/Aug/2026 07:28:02] "GET /api/latest-detections/ HTTP/1.1" 200 232
[27/Aug/2026 07:28:02] "GET /api/drone-location/ HTTP/1.1" 200 399
[27/Aug/2026 07:28:02] "GET /api/system-status/ HTTP/1.1" 200 479
[27/Aug/2026 07:28:03] "GET /api/latest-detections/ HTTP/1.1" 200 232
[27/Aug/2026 07:28:03] "GET /api/drone-location/ HTTP/1.1" 200 398
[27/Aug/2026 07:28:04] "GET /api/latest-detections/ HTTP/1.1" 200 232
[27/Aug/2026 07:28:04] "GET /api/drone-location/ HTTP/1.1" 200 398
[27/Aug/2026 07:28:05] "GET /api/latest-detections/ HTTP/1.1" 200 232
[27/Aug/2026 07:28:05] "GET /api/drone-location/ HTTP/1.1" 200 399
[27/Aug/2026 07:28:05] "GET /api/system-status/ HTTP/1.1" 200 479
[27/Aug/2026 07:28:06] "GET /api/latest-detections/ HTTP/1.1" 200 233
[27/Aug/2026 07:28:06] "GET /api/drone-location/ HTTP/1.1" 200 399
[27/Aug/2026 07:28:07] "GET /api/latest-detections/ HTTP/1.1" 200 232
[27/Aug/2026 07:28:07] "GET /api/drone-location/ HTTP/1.1" 200 398
[27/Aug/2026 07:28:08] "GET /api/latest-detections/ HTTP/1.1" 200 233
[27/Aug/2026 07:28:08] "GET /api/drone-location/ HTTP/1.1" 200 398
[27/Aug/2026 07:28:08] "GET /api/system-status/ HTTP/1.1" 200 479
[27/Aug/2026 07:28:09] "GET /api/latest-detections/ HTTP/1.1" 200 233
[27/Aug/2026 07:28:09] "GET /api/drone-location/ HTTP/1.1" 200 398
[27/Aug/2026 07:28:29] "GET /dashboard/mission/ HTTP/1.1" 200 32880
[27/Aug/2026 07:28:29] "GET /api/drone-location/ HTTP/1.1" 200 398
[27/Aug/2026 07:28:29] "GET /api/latest-detections/ HTTP/1.1" 200 233
[27/Aug/2026 07:28:29] "GET /api/system-status/ HTTP/1.1" 200 479
[27/Aug/2026 07:28:29] "GET /api/latest-detections/ HTTP/1.1" 200 232
[27/Aug/2026 07:28:30] "GET /api/latest-detections/ HTTP/1.1" 200 233
[27/Aug/2026 07:28:30] "GET /api/latest-detections/ HTTP/1.1" 200 232
[27/Aug/2026 07:28:30] "GET /api/drone-location/ HTTP/1.1" 200 399
[27/Aug/2026 07:28:30] "GET /api/latest-detections/ HTTP/1.1" 200 233
[27/Aug/2026 07:28:31] "GET /api/latest-detections/ HTTP/1.1" 200 232
[27/Aug/2026 07:28:31] "GET /api/latest-detections/ HTTP/1.1" 200 233
[27/Aug/2026 07:28:31] "GET /api/drone-location/ HTTP/1.1" 200 399
[27/Aug/2026 07:28:31] "GET /api/latest-detections/ HTTP/1.1" 200 232
[27/Aug/2026 07:28:31] "GET /dji/login/ HTTP/1.1" 200 10986
[27/Aug/2026 07:28:32] "GET /api/latest-detections/ HTTP/1.1" 200 232
[27/Aug/2026 07:28:32] "GET /api/latest-detections/ HTTP/1.1" 200 232
[27/Aug/2026 07:28:32] "GET /api/latest-detections/ HTTP/1.1" 200 233
[27/Aug/2026 07:28:32] "GET /api/drone-location/ HTTP/1.1" 200 399
[27/Aug/2026 07:28:32] "GET /api/system-status/ HTTP/1.1" 200 479
[27/Aug/2026 07:28:32] "GET /api/latest-detections/ HTTP/1.1" 200 233
[27/Aug/2026 07:28:33] "GET /api/latest-detections/ HTTP/1.1" 200 232
[27/Aug/2026 07:28:33] "GET /api/latest-detections/ HTTP/1.1" 200 233
[27/Aug/2026 07:28:33] "GET /api/drone-location/ HTTP/1.1" 200 399
[27/Aug/2026 07:28:33] "GET /api/latest-detections/ HTTP/1.1" 200 232
[27/Aug/2026 07:28:33] "GET /dji/login/ HTTP/1.1" 200 10986
[27/Aug/2026 07:28:34] "GET /api/latest-detections/ HTTP/1.1" 200 232
[27/Aug/2026 07:28:34] "GET /api/latest-detections/ HTTP/1.1" 200 233
[27/Aug/2026 07:28:34] "GET /api/drone-location/ HTTP/1.1" 200 399
[27/Aug/2026 07:28:34] "GET /api/latest-detections/ HTTP/1.1" 200 232
[27/Aug/2026 07:28:35] "GET /api/latest-detections/ HTTP/1.1" 200 232
[27/Aug/2026 07:28:35] "GET /api/latest-detections/ HTTP/1.1" 200 232
[27/Aug/2026 07:28:35] "GET /api/latest-detections/ HTTP/1.1" 200 233
[27/Aug/2026 07:28:35] "GET /api/drone-location/ HTTP/1.1" 200 399
[27/Aug/2026 07:28:35] "GET /api/system-status/ HTTP/1.1" 200 479
[27/Aug/2026 07:28:35] "GET /api/latest-detections/ HTTP/1.1" 200 232
[27/Aug/2026 07:28:36] "GET /api/latest-detections/ HTTP/1.1" 200 233
[27/Aug/2026 07:28:36] "GET /api/latest-detections/ HTTP/1.1" 200 232
[27/Aug/2026 07:28:36] "GET /api/drone-location/ HTTP/1.1" 200 399
[27/Aug/2026 07:28:36] "GET /api/latest-detections/ HTTP/1.1" 200 232
[27/Aug/2026 07:28:37] "GET /api/latest-detections/ HTTP/1.1" 200 233
[27/Aug/2026 07:28:37] "GET /api/latest-detections/ HTTP/1.1" 200 232
[27/Aug/2026 07:28:37] "GET /api/drone-location/ HTTP/1.1" 200 399
[27/Aug/2026 07:28:37] "GET /api/latest-detections/ HTTP/1.1" 200 232
[27/Aug/2026 07:28:38] "GET /api/latest-detections/ HTTP/1.1" 200 232
[27/Aug/2026 07:28:38] "GET /api/latest-detections/ HTTP/1.1" 200 232
[27/Aug/2026 07:28:38] "GET /api/drone-location/ HTTP/1.1" 200 399
[27/Aug/2026 07:28:38] "GET /api/latest-detections/ HTTP/1.1" 200 232
[27/Aug/2026 07:28:38] "GET /api/system-status/ HTTP/1.1" 200 479
[27/Aug/2026 07:28:38] "GET /api/latest-detections/ HTTP/1.1" 200 233
[27/Aug/2026 07:28:39] "GET /api/latest-detections/ HTTP/1.1" 200 232
[27/Aug/2026 07:28:39] "GET /api/latest-detections/ HTTP/1.1" 200 232
[27/Aug/2026 07:28:39] "GET /api/drone-location/ HTTP/1.1" 200 399
[27/Aug/2026 07:28:39] "GET /api/latest-detections/ HTTP/1.1" 200 232
[27/Aug/2026 07:28:40] "GET /api/latest-detections/ HTTP/1.1" 200 233
[27/Aug/2026 07:28:40] "GET /api/latest-detections/ HTTP/1.1" 200 232
[27/Aug/2026 07:28:40] "GET /api/drone-location/ HTTP/1.1" 200 399
[27/Aug/2026 07:28:40] "GET /api/latest-detections/ HTTP/1.1" 200 232
[27/Aug/2026 07:28:41] "GET /api/latest-detections/ HTTP/1.1" 200 233
[27/Aug/2026 07:28:41] "GET /api/latest-detections/ HTTP/1.1" 200 232
[27/Aug/2026 07:28:41] "GET /api/latest-detections/ HTTP/1.1" 200 232
[27/Aug/2026 07:28:41] "GET /api/drone-location/ HTTP/1.1" 200 398
[27/Aug/2026 07:28:41] "GET /api/system-status/ HTTP/1.1" 200 479
[27/Aug/2026 07:28:41] "GET /api/latest-detections/ HTTP/1.1" 200 233
[27/Aug/2026 07:28:42] "GET /api/latest-detections/ HTTP/1.1" 200 232
[27/Aug/2026 07:28:42] "GET /api/latest-detections/ HTTP/1.1" 200 232
[27/Aug/2026 07:28:42] "GET /api/drone-location/ HTTP/1.1" 200 398
[27/Aug/2026 07:28:42] "GET /api/latest-detections/ HTTP/1.1" 200 232
[27/Aug/2026 07:28:43] "GET /api/latest-detections/ HTTP/1.1" 200 232
[27/Aug/2026 07:28:43] "GET /api/latest-detections/ HTTP/1.1" 200 233
[27/Aug/2026 07:28:43] "GET /api/drone-location/ HTTP/1.1" 200 399
[27/Aug/2026 07:28:43] "GET /api/latest-detections/ HTTP/1.1" 200 232
[27/Aug/2026 07:28:44] "GET /api/latest-detections/ HTTP/1.1" 200 232
[27/Aug/2026 07:28:44] "GET /api/latest-detections/ HTTP/1.1" 200 232
[27/Aug/2026 07:28:44] "GET /api/latest-detections/ HTTP/1.1" 200 232
[27/Aug/2026 07:28:44] "GET /api/drone-location/ HTTP/1.1" 200 399
[27/Aug/2026 07:28:44] "GET /api/system-status/ HTTP/1.1" 200 479
[27/Aug/2026 07:28:44] "GET /api/latest-detections/ HTTP/1.1" 200 232
[27/Aug/2026 07:28:45] "GET /api/latest-detections/ HTTP/1.1" 200 233
[27/Aug/2026 07:28:45] "GET /api/latest-detections/ HTTP/1.1" 200 232
[27/Aug/2026 07:28:45] "GET /api/drone-location/ HTTP/1.1" 200 398
[27/Aug/2026 07:28:45] "GET /api/latest-detections/ HTTP/1.1" 200 232
[27/Aug/2026 07:28:46] "GET /api/latest-detections/ HTTP/1.1" 200 232
[27/Aug/2026 07:28:46] "GET /api/latest-detections/ HTTP/1.1" 200 232
[27/Aug/2026 07:28:46] "GET /api/drone-location/ HTTP/1.1" 200 398
[27/Aug/2026 07:28:46] "GET /api/latest-detections/ HTTP/1.1" 200 232
[27/Aug/2026 07:28:47] "GET /api/latest-detections/ HTTP/1.1" 200 232
[27/Aug/2026 07:28:47] "GET /api/latest-detections/ HTTP/1.1" 200 232
[27/Aug/2026 07:28:47] "GET /api/latest-detections/ HTTP/1.1" 200 233
[27/Aug/2026 07:28:47] "GET /api/drone-location/ HTTP/1.1" 200 398
[27/Aug/2026 07:28:47] "GET /api/system-status/ HTTP/1.1" 200 479
[27/Aug/2026 07:28:47] "GET /api/latest-detections/ HTTP/1.1" 200 232
[27/Aug/2026 07:28:48] "GET /api/latest-detections/ HTTP/1.1" 200 233
[27/Aug/2026 07:28:48] "GET /api/latest-detections/ HTTP/1.1" 200 232
[27/Aug/2026 07:28:48] "GET /api/drone-location/ HTTP/1.1" 200 398
[27/Aug/2026 07:28:48] "GET /api/latest-detections/ HTTP/1.1" 200 233
[27/Aug/2026 07:28:49] "GET /api/latest-detections/ HTTP/1.1" 200 232
[27/Aug/2026 07:28:49] "GET /api/latest-detections/ HTTP/1.1" 200 233
[27/Aug/2026 07:28:49] "GET /api/drone-location/ HTTP/1.1" 200 398
[27/Aug/2026 07:28:49] "GET /api/latest-detections/ HTTP/1.1" 200 233
[27/Aug/2026 07:28:50] "GET /api/latest-detections/ HTTP/1.1" 200 233
[27/Aug/2026 07:28:50] "GET /api/latest-detections/ HTTP/1.1" 200 233
[27/Aug/2026 07:28:50] "GET /api/latest-detections/ HTTP/1.1" 200 233
[27/Aug/2026 07:28:50] "GET /api/drone-location/ HTTP/1.1" 200 398
[27/Aug/2026 07:28:50] "GET /api/system-status/ HTTP/1.1" 200 479
[27/Aug/2026 07:28:50] "GET /api/latest-detections/ HTTP/1.1" 200 232
[27/Aug/2026 07:28:51] "GET /api/latest-detections/ HTTP/1.1" 200 233
[27/Aug/2026 07:28:51] "GET /api/latest-detections/ HTTP/1.1" 200 232
[27/Aug/2026 07:28:51] "GET /api/drone-location/ HTTP/1.1" 200 399
[27/Aug/2026 07:28:51] "GET /api/latest-detections/ HTTP/1.1" 200 233
[27/Aug/2026 07:28:52] "GET /api/latest-detections/ HTTP/1.1" 200 233
[27/Aug/2026 07:28:52] "GET /api/latest-detections/ HTTP/1.1" 200 232
[27/Aug/2026 07:28:52] "GET /api/drone-location/ HTTP/1.1" 200 399
[27/Aug/2026 07:28:52] "GET /api/latest-detections/ HTTP/1.1" 200 232
[27/Aug/2026 07:28:53] "GET /api/latest-detections/ HTTP/1.1" 200 232
[27/Aug/2026 07:28:53] "GET /api/latest-detections/ HTTP/1.1" 200 232
[27/Aug/2026 07:28:53] "GET /api/latest-detections/ HTTP/1.1" 200 233
[27/Aug/2026 07:28:53] "GET /api/drone-location/ HTTP/1.1" 200 399
[27/Aug/2026 07:28:53] "GET /api/system-status/ HTTP/1.1" 200 479
[27/Aug/2026 07:28:53] "GET /api/latest-detections/ HTTP/1.1" 200 232
[27/Aug/2026 07:28:54] "GET /api/latest-detections/ HTTP/1.1" 200 232
[27/Aug/2026 07:28:54] "GET /api/latest-detections/ HTTP/1.1" 200 233
[27/Aug/2026 07:28:54] "GET /api/drone-location/ HTTP/1.1" 200 399
[27/Aug/2026 07:28:54] "GET /api/latest-detections/ HTTP/1.1" 200 233
[27/Aug/2026 07:28:54] "GET /dashboard/remote-control/ HTTP/1.1" 200 36260
[27/Aug/2026 07:29:16] "GET /dashboard/mission/ HTTP/1.1" 200 32880
[27/Aug/2026 07:29:16] "GET /api/latest-detections/ HTTP/1.1" 200 233
[27/Aug/2026 07:29:16] "GET /api/drone-location/ HTTP/1.1" 200 399
[27/Aug/2026 07:29:16] "GET /api/system-status/ HTTP/1.1" 200 479
[27/Aug/2026 07:29:16] "GET /api/latest-detections/ HTTP/1.1" 200 233
[27/Aug/2026 07:29:17] "GET /api/latest-detections/ HTTP/1.1" 200 233
[27/Aug/2026 07:29:17] "GET /api/latest-detections/ HTTP/1.1" 200 233
[27/Aug/2026 07:29:17] "GET /api/drone-location/ HTTP/1.1" 200 398
[27/Aug/2026 07:29:17] "GET /api/latest-detections/ HTTP/1.1" 200 233
[27/Aug/2026 07:29:18] "GET /api/latest-detections/ HTTP/1.1" 200 233
[27/Aug/2026 07:29:18] "GET /api/latest-detections/ HTTP/1.1" 200 233
[27/Aug/2026 07:29:18] "GET /api/drone-location/ HTTP/1.1" 200 398
[27/Aug/2026 07:29:18] "GET /api/latest-detections/ HTTP/1.1" 200 233
[27/Aug/2026 07:29:18] "GET /api/latest-detections/ HTTP/1.1" 200 233
[27/Aug/2026 07:29:19] "GET /api/latest-detections/ HTTP/1.1" 200 233
[27/Aug/2026 07:29:19] "GET /api/latest-detections/ HTTP/1.1" 200 233
[27/Aug/2026 07:29:19] "GET /api/drone-location/ HTTP/1.1" 200 398
[27/Aug/2026 07:29:19] "GET /api/system-status/ HTTP/1.1" 200 479
[27/Aug/2026 07:29:20] "GET /api/latest-detections/ HTTP/1.1" 200 233
[27/Aug/2026 07:29:21] "GET /api/latest-detections/ HTTP/1.1" 200 232
[27/Aug/2026 07:29:21] "GET /api/drone-location/ HTTP/1.1" 200 398
[27/Aug/2026 07:29:22] "GET /api/latest-detections/ HTTP/1.1" 200 232
[27/Aug/2026 07:29:22] "GET /api/drone-location/ HTTP/1.1" 200 398
[27/Aug/2026 07:29:23] "GET /api/latest-detections/ HTTP/1.1" 200 233
[27/Aug/2026 07:29:23] "GET /api/drone-location/ HTTP/1.1" 200 399
[27/Aug/2026 07:29:23] "GET /api/system-status/ HTTP/1.1" 200 479
[27/Aug/2026 07:29:24] "GET /api/latest-detections/ HTTP/1.1" 200 233
[27/Aug/2026 07:29:24] "GET /api/drone-location/ HTTP/1.1" 200 399
[27/Aug/2026 07:29:25] "GET /api/latest-detections/ HTTP/1.1" 200 233
[27/Aug/2026 07:29:25] "GET /api/drone-location/ HTTP/1.1" 200 399
[27/Aug/2026 07:29:26] "GET /api/latest-detections/ HTTP/1.1" 200 233
[27/Aug/2026 07:29:26] "GET /api/drone-location/ HTTP/1.1" 200 399
[27/Aug/2026 07:29:26] "GET /api/system-status/ HTTP/1.1" 200 479
[27/Aug/2026 07:29:27] "GET /api/latest-detections/ HTTP/1.1" 200 233
[27/Aug/2026 07:29:27] "GET /api/drone-location/ HTTP/1.1" 200 399
[27/Aug/2026 07:29:28] "GET /api/latest-detections/ HTTP/1.1" 200 233
[27/Aug/2026 07:29:28] "GET /api/drone-location/ HTTP/1.1" 200 399
[27/Aug/2026 07:29:29] "GET /api/latest-detections/ HTTP/1.1" 200 233
[27/Aug/2026 07:29:29] "GET /api/drone-location/ HTTP/1.1" 200 398
[27/Aug/2026 07:29:29] "GET /api/system-status/ HTTP/1.1" 200 479
[27/Aug/2026 07:29:30] "GET /api/latest-detections/ HTTP/1.1" 200 232
[27/Aug/2026 07:29:30] "GET /api/drone-location/ HTTP/1.1" 200 398
[27/Aug/2026 07:29:31] "GET /api/latest-detections/ HTTP/1.1" 200 233
[27/Aug/2026 07:29:31] "GET /api/drone-location/ HTTP/1.1" 200 399
[27/Aug/2026 07:29:32] "GET /api/latest-detections/ HTTP/1.1" 200 232
[27/Aug/2026 07:29:32] "GET /api/drone-location/ HTTP/1.1" 200 399
[27/Aug/2026 07:29:32] "GET /api/system-status/ HTTP/1.1" 200 479
[27/Aug/2026 07:29:33] "GET /api/latest-detections/ HTTP/1.1" 200 232
[27/Aug/2026 07:29:33] "GET /api/drone-location/ HTTP/1.1" 200 399
[27/Aug/2026 07:29:34] "GET /api/latest-detections/ HTTP/1.1" 200 233
[27/Aug/2026 07:29:34] "GET /api/drone-location/ HTTP/1.1" 200 399
[27/Aug/2026 07:29:35] "GET /api/latest-detections/ HTTP/1.1" 200 233
[27/Aug/2026 07:29:35] "GET /api/drone-location/ HTTP/1.1" 200 399
[27/Aug/2026 07:29:35] "GET /api/system-status/ HTTP/1.1" 200 479
[27/Aug/2026 07:29:36] "GET /api/latest-detections/ HTTP/1.1" 200 232
[27/Aug/2026 07:29:36] "GET /api/drone-location/ HTTP/1.1" 200 399
[27/Aug/2026 07:29:37] "GET /api/latest-detections/ HTTP/1.1" 200 232
[27/Aug/2026 07:29:37] "GET /api/drone-location/ HTTP/1.1" 200 398
[27/Aug/2026 07:29:38] "GET /api/latest-detections/ HTTP/1.1" 200 232
[27/Aug/2026 07:29:38] "GET /api/drone-location/ HTTP/1.1" 200 398
[27/Aug/2026 07:29:38] "GET /api/system-status/ HTTP/1.1" 200 479
[27/Aug/2026 07:29:39] "GET /api/latest-detections/ HTTP/1.1" 200 232
[27/Aug/2026 07:29:39] "GET /api/drone-location/ HTTP/1.1" 200 399
[27/Aug/2026 07:29:40] "GET /api/latest-detections/ HTTP/1.1" 200 233
[27/Aug/2026 07:29:40] "GET /api/drone-location/ HTTP/1.1" 200 399
[27/Aug/2026 07:29:41] "GET /api/latest-detections/ HTTP/1.1" 200 233
[27/Aug/2026 07:29:41] "GET /api/drone-location/ HTTP/1.1" 200 399
[27/Aug/2026 07:29:41] "GET /api/system-status/ HTTP/1.1" 200 479
[27/Aug/2026 07:29:42] "GET /api/latest-detections/ HTTP/1.1" 200 233
[27/Aug/2026 07:29:42] "GET /api/drone-location/ HTTP/1.1" 200 399
[27/Aug/2026 07:29:43] "GET /api/latest-detections/ HTTP/1.1" 200 232
[27/Aug/2026 07:29:43] "GET /api/drone-location/ HTTP/1.1" 200 399
[27/Aug/2026 07:29:44] "GET /api/latest-detections/ HTTP/1.1" 200 232
[27/Aug/2026 07:29:44] "GET /api/drone-location/ HTTP/1.1" 200 399
[27/Aug/2026 07:29:44] "GET /api/system-status/ HTTP/1.1" 200 479
[27/Aug/2026 07:29:44] "GET /api/latest-detections/ HTTP/1.1" 200 233
[27/Aug/2026 07:29:45] "GET /api/latest-detections/ HTTP/1.1" 200 233
[27/Aug/2026 07:29:45] "GET /api/drone-location/ HTTP/1.1" 200 398
[27/Aug/2026 07:29:46] "GET /api/latest-detections/ HTTP/1.1" 200 232
[27/Aug/2026 07:29:46] "GET /api/drone-location/ HTTP/1.1" 200 398
[27/Aug/2026 07:29:47] "GET /api/latest-detections/ HTTP/1.1" 200 232
[27/Aug/2026 07:29:47] "GET /api/drone-location/ HTTP/1.1" 200 399
[27/Aug/2026 07:29:47] "GET /api/system-status/ HTTP/1.1" 200 479
[27/Aug/2026 07:29:48] "GET /api/latest-detections/ HTTP/1.1" 200 232
[27/Aug/2026 07:29:48] "GET /api/drone-location/ HTTP/1.1" 200 399
[27/Aug/2026 07:29:49] "GET /api/latest-detections/ HTTP/1.1" 200 233
[27/Aug/2026 07:29:49] "GET /api/drone-location/ HTTP/1.1" 200 399
[27/Aug/2026 07:29:50] "GET /api/latest-detections/ HTTP/1.1" 200 232
[27/Aug/2026 07:29:50] "GET /api/drone-location/ HTTP/1.1" 200 399
[27/Aug/2026 07:29:50] "GET /api/system-status/ HTTP/1.1" 200 479
[27/Aug/2026 07:29:51] "GET /api/latest-detections/ HTTP/1.1" 200 233
[27/Aug/2026 07:29:51] "GET /api/drone-location/ HTTP/1.1" 200 398
[27/Aug/2026 07:29:52] "GET /api/latest-detections/ HTTP/1.1" 200 233
[27/Aug/2026 07:29:52] "GET /api/drone-location/ HTTP/1.1" 200 398
[27/Aug/2026 07:29:53] "GET /api/latest-detections/ HTTP/1.1" 200 233
[27/Aug/2026 07:29:53] "GET /api/drone-location/ HTTP/1.1" 200 398
[27/Aug/2026 07:29:53] "GET /api/system-status/ HTTP/1.1" 200 479
[27/Aug/2026 07:29:54] "GET /api/latest-detections/ HTTP/1.1" 200 233
[27/Aug/2026 07:29:54] "GET /api/drone-location/ HTTP/1.1" 200 398
[27/Aug/2026 07:29:55] "GET /api/latest-detections/ HTTP/1.1" 200 233
[27/Aug/2026 07:29:55] "GET /api/drone-location/ HTTP/1.1" 200 398
[27/Aug/2026 07:29:56] "GET /api/latest-detections/ HTTP/1.1" 200 233
[27/Aug/2026 07:29:56] "GET /api/drone-location/ HTTP/1.1" 200 398
[27/Aug/2026 07:29:56] "GET /api/system-status/ HTTP/1.1" 200 479
[27/Aug/2026 07:29:57] "GET /api/latest-detections/ HTTP/1.1" 200 233
[27/Aug/2026 07:29:57] "GET /api/drone-location/ HTTP/1.1" 200 399
[27/Aug/2026 07:29:58] "GET /api/latest-detections/ HTTP/1.1" 200 233
[27/Aug/2026 07:29:58] "GET /api/drone-location/ HTTP/1.1" 200 399
[27/Aug/2026 07:29:59] "GET /api/latest-detections/ HTTP/1.1" 200 233
[27/Aug/2026 07:29:59] "GET /api/drone-location/ HTTP/1.1" 200 398
[27/Aug/2026 07:29:59] "GET /api/system-status/ HTTP/1.1" 200 479
[27/Aug/2026 07:30:00] "GET /api/latest-detections/ HTTP/1.1" 200 232
[27/Aug/2026 07:30:00] "GET /api/drone-location/ HTTP/1.1" 200 398
[27/Aug/2026 07:30:01] "GET /api/latest-detections/ HTTP/1.1" 200 233
[27/Aug/2026 07:30:01] "GET /api/drone-location/ HTTP/1.1" 200 398
[27/Aug/2026 07:30:02] "GET /api/latest-detections/ HTTP/1.1" 200 233
[27/Aug/2026 07:30:02] "GET /api/drone-location/ HTTP/1.1" 200 398
[27/Aug/2026 07:30:02] "GET /api/system-status/ HTTP/1.1" 200 479
[27/Aug/2026 07:30:03] "GET /api/latest-detections/ HTTP/1.1" 200 232
[27/Aug/2026 07:30:03] "GET /api/drone-location/ HTTP/1.1" 200 398
[27/Aug/2026 07:30:04] "GET /api/latest-detections/ HTTP/1.1" 200 232
[27/Aug/2026 07:30:04] "GET /api/drone-location/ HTTP/1.1" 200 398
[27/Aug/2026 07:30:05] "GET /api/latest-detections/ HTTP/1.1" 200 233
[27/Aug/2026 07:30:05] "GET /api/drone-location/ HTTP/1.1" 200 399
[27/Aug/2026 07:30:05] "GET /api/system-status/ HTTP/1.1" 200 479
[27/Aug/2026 07:30:06] "GET /api/latest-detections/ HTTP/1.1" 200 233
[27/Aug/2026 07:30:06] "GET /api/drone-location/ HTTP/1.1" 200 399
[27/Aug/2026 07:30:07] "GET /api/latest-detections/ HTTP/1.1" 200 233
[27/Aug/2026 07:30:07] "GET /api/drone-location/ HTTP/1.1" 200 399
[27/Aug/2026 07:30:08] "GET /api/latest-detections/ HTTP/1.1" 200 232
[27/Aug/2026 07:30:08] "GET /api/drone-location/ HTTP/1.1" 200 399
[27/Aug/2026 07:30:08] "GET /api/system-status/ HTTP/1.1" 200 479
[27/Aug/2026 07:30:09] "GET /api/latest-detections/ HTTP/1.1" 200 233
[27/Aug/2026 07:30:09] "GET /api/drone-location/ HTTP/1.1" 200 399
[27/Aug/2026 07:30:10] "GET /api/latest-detections/ HTTP/1.1" 200 233
[27/Aug/2026 07:30:10] "GET /api/drone-location/ HTTP/1.1" 200 399
[27/Aug/2026 07:30:11] "GET /api/latest-detections/ HTTP/1.1" 200 233
[27/Aug/2026 07:30:11] "GET /api/drone-location/ HTTP/1.1" 200 399
[27/Aug/2026 07:30:11] "GET /api/system-status/ HTTP/1.1" 200 479
[27/Aug/2026 07:30:12] "GET /api/latest-detections/ HTTP/1.1" 200 233
[27/Aug/2026 07:30:12] "GET /api/drone-location/ HTTP/1.1" 200 399
[27/Aug/2026 07:30:13] "GET /api/latest-detections/ HTTP/1.1" 200 232
[27/Aug/2026 07:30:13] "GET /api/drone-location/ HTTP/1.1" 200 398
[27/Aug/2026 07:30:14] "GET /api/latest-detections/ HTTP/1.1" 200 233
[27/Aug/2026 07:30:14] "GET /api/drone-location/ HTTP/1.1" 200 398
[27/Aug/2026 07:30:14] "GET /api/system-status/ HTTP/1.1" 200 479
[27/Aug/2026 07:30:15] "GET /api/latest-detections/ HTTP/1.1" 200 232
[27/Aug/2026 07:30:15] "GET /api/drone-location/ HTTP/1.1" 200 398
[27/Aug/2026 07:30:16] "GET /api/latest-detections/ HTTP/1.1" 200 233
[27/Aug/2026 07:30:16] "GET /api/drone-location/ HTTP/1.1" 200 398
[27/Aug/2026 07:30:17] "GET /api/latest-detections/ HTTP/1.1" 200 233
[27/Aug/2026 07:30:17] "GET /api/drone-location/ HTTP/1.1" 200 398
[27/Aug/2026 07:30:17] "GET /api/system-status/ HTTP/1.1" 200 479
[27/Aug/2026 07:30:18] "GET /api/latest-detections/ HTTP/1.1" 200 232
[27/Aug/2026 07:30:18] "GET /api/drone-location/ HTTP/1.1" 200 398
[27/Aug/2026 07:30:19] "GET /api/latest-detections/ HTTP/1.1" 200 232
[27/Aug/2026 07:30:19] "GET /api/drone-location/ HTTP/1.1" 200 399
[27/Aug/2026 07:30:22] "GET /api/latest-detections/ HTTP/1.1" 200 233
[27/Aug/2026 07:30:22] "GET /api/drone-location/ HTTP/1.1" 200 399
[27/Aug/2026 07:30:22] "GET /api/system-status/ HTTP/1.1" 200 479
[27/Aug/2026 07:30:23] "GET /api/latest-detections/ HTTP/1.1" 200 233
[27/Aug/2026 07:30:23] "GET /api/drone-location/ HTTP/1.1" 200 398
[27/Aug/2026 07:30:23] "GET /api/system-status/ HTTP/1.1" 200 479
[27/Aug/2026 07:30:24] "GET /api/latest-detections/ HTTP/1.1" 200 232
[27/Aug/2026 07:30:24] "GET /api/drone-location/ HTTP/1.1" 200 398
[27/Aug/2026 07:30:48] "GET /api/latest-detections/ HTTP/1.1" 200 233
[27/Aug/2026 07:30:57] "GET /api/latest-detections/ HTTP/1.1" 200 233
[27/Aug/2026 07:31:05] "GET /api/latest-detections/ HTTP/1.1" 200 233
[27/Aug/2026 07:31:13] "GET /api/latest-detections/ HTTP/1.1" 200 233
[27/Aug/2026 07:31:21] "GET /api/latest-detections/ HTTP/1.1" 200 233
[27/Aug/2026 07:31:24] "GET /api/latest-detections/ HTTP/1.1" 200 232
[27/Aug/2026 07:31:24] "GET /api/drone-location/ HTTP/1.1" 200 399
[27/Aug/2026 07:31:24] "GET /api/system-status/ HTTP/1.1" 200 479
[27/Aug/2026 07:31:29] "GET /api/latest-detections/ HTTP/1.1" 200 233
[27/Aug/2026 07:31:37] "GET /api/latest-detections/ HTTP/1.1" 200 233
[27/Aug/2026 07:31:45] "GET /api/latest-detections/ HTTP/1.1" 200 233
[27/Aug/2026 07:31:53] "GET /api/latest-detections/ HTTP/1.1" 200 232
[27/Aug/2026 07:32:01] "GET /api/latest-detections/ HTTP/1.1" 200 233
[27/Aug/2026 07:32:09] "GET /api/latest-detections/ HTTP/1.1" 200 233
[27/Aug/2026 07:32:24] "GET /api/latest-detections/ HTTP/1.1" 200 232
[27/Aug/2026 07:32:24] "GET /api/drone-location/ HTTP/1.1" 200 398
[27/Aug/2026 07:32:24] "GET /api/system-status/ HTTP/1.1" 200 479
[27/Aug/2026 07:33:24] "GET /api/latest-detections/ HTTP/1.1" 200 233
[27/Aug/2026 07:33:24] "GET /api/drone-location/ HTTP/1.1" 200 399
[27/Aug/2026 07:33:24] "GET /api/system-status/ HTTP/1.1" 200 479
[27/Aug/2026 07:34:23] "GET /dashboard/mission/ HTTP/1.1" 200 35507
[27/Aug/2026 07:34:24] "GET /api/latest-detections/ HTTP/1.1" 200 119
[27/Aug/2026 07:34:24] "GET /api/drone-location/ HTTP/1.1" 200 398
[27/Aug/2026 07:34:24] "GET /api/system-status/ HTTP/1.1" 200 479
[27/Aug/2026 07:34:56] "GET /api/system-status/ HTTP/1.1" 200 479
[27/Aug/2026 07:35:24] "GET /api/latest-detections/ HTTP/1.1" 200 121
[27/Aug/2026 07:35:24] "GET /api/drone-location/ HTTP/1.1" 200 398
[27/Aug/2026 07:35:24] "GET /api/system-status/ HTTP/1.1" 200 479
[27/Aug/2026 07:35:44] "GET /api/latest-detections/ HTTP/1.1" 200 121
[27/Aug/2026 07:35:44] "GET /api/drone-location/ HTTP/1.1" 200 398
[27/Aug/2026 07:35:44] "GET /api/drone-location/ HTTP/1.1" 200 398
[27/Aug/2026 07:35:44] "GET /api/system-status/ HTTP/1.1" 200 479
[27/Aug/2026 07:35:44] "GET /api/latest-detections/ HTTP/1.1" 200 120
[27/Aug/2026 07:35:45] "GET /api/latest-detections/ HTTP/1.1" 200 120
[27/Aug/2026 07:35:45] "GET /api/latest-detections/ HTTP/1.1" 200 120
[27/Aug/2026 07:35:45] "GET /api/drone-location/ HTTP/1.1" 200 398
[27/Aug/2026 07:35:45] "GET /api/latest-detections/ HTTP/1.1" 200 120
[27/Aug/2026 07:35:46] "GET /api/latest-detections/ HTTP/1.1" 200 121
[27/Aug/2026 07:35:47] "GET /api/latest-detections/ HTTP/1.1" 200 121
[27/Aug/2026 07:35:47] "GET /api/drone-location/ HTTP/1.1" 200 399
[27/Aug/2026 07:35:47] "GET /api/system-status/ HTTP/1.1" 200 479
[27/Aug/2026 07:35:48] "GET /api/latest-detections/ HTTP/1.1" 200 121
[27/Aug/2026 07:35:48] "GET /api/drone-location/ HTTP/1.1" 200 399
[27/Aug/2026 07:35:49] "GET /api/latest-detections/ HTTP/1.1" 200 121
[27/Aug/2026 07:35:49] "GET /api/drone-location/ HTTP/1.1" 200 398
[27/Aug/2026 07:35:50] "GET /api/latest-detections/ HTTP/1.1" 200 121
[27/Aug/2026 07:35:50] "GET /api/drone-location/ HTTP/1.1" 200 398
[27/Aug/2026 07:35:50] "GET /api/system-status/ HTTP/1.1" 200 479
[27/Aug/2026 07:35:51] "GET /api/latest-detections/ HTTP/1.1" 200 121
[27/Aug/2026 07:35:51] "GET /api/drone-location/ HTTP/1.1" 200 398
[27/Aug/2026 07:35:52] "GET /api/latest-detections/ HTTP/1.1" 200 121
[27/Aug/2026 07:35:52] "GET /api/drone-location/ HTTP/1.1" 200 398
[27/Aug/2026 07:35:53] "GET /api/latest-detections/ HTTP/1.1" 200 121
[27/Aug/2026 07:35:53] "GET /api/drone-location/ HTTP/1.1" 200 398
[27/Aug/2026 07:35:53] "GET /api/system-status/ HTTP/1.1" 200 479
[27/Aug/2026 07:35:54] "GET /api/latest-detections/ HTTP/1.1" 200 121
[27/Aug/2026 07:35:54] "GET /api/drone-location/ HTTP/1.1" 200 398
[27/Aug/2026 07:35:55] "GET /api/latest-detections/ HTTP/1.1" 200 121
[27/Aug/2026 07:35:55] "GET /api/drone-location/ HTTP/1.1" 200 399
[27/Aug/2026 07:35:56] "GET /api/latest-detections/ HTTP/1.1" 200 121
[27/Aug/2026 07:35:56] "GET /api/drone-location/ HTTP/1.1" 200 399
[27/Aug/2026 07:35:56] "GET /api/system-status/ HTTP/1.1" 200 479
[27/Aug/2026 07:35:57] "GET /api/latest-detections/ HTTP/1.1" 200 121
[27/Aug/2026 07:35:57] "GET /api/drone-location/ HTTP/1.1" 200 398
[27/Aug/2026 07:35:58] "GET /api/latest-detections/ HTTP/1.1" 200 120
[27/Aug/2026 07:35:58] "GET /api/drone-location/ HTTP/1.1" 200 398
[27/Aug/2026 07:35:59] "GET /api/latest-detections/ HTTP/1.1" 200 121
[27/Aug/2026 07:35:59] "GET /api/drone-location/ HTTP/1.1" 200 398
[27/Aug/2026 07:35:59] "GET /api/system-status/ HTTP/1.1" 200 479
[27/Aug/2026 07:36:00] "GET /api/latest-detections/ HTTP/1.1" 200 121
[27/Aug/2026 07:36:00] "GET /api/drone-location/ HTTP/1.1" 200 398
[27/Aug/2026 07:36:01] "GET /api/latest-detections/ HTTP/1.1" 200 121
[27/Aug/2026 07:36:01] "GET /api/drone-location/ HTTP/1.1" 200 398
[27/Aug/2026 07:36:02] "GET /api/latest-detections/ HTTP/1.1" 200 122
[27/Aug/2026 07:36:02] "GET /api/drone-location/ HTTP/1.1" 200 398
[27/Aug/2026 07:36:02] "GET /api/system-status/ HTTP/1.1" 200 479
[27/Aug/2026 07:36:03] "GET /api/latest-detections/ HTTP/1.1" 200 122
[27/Aug/2026 07:36:03] "GET /api/drone-location/ HTTP/1.1" 200 399
[27/Aug/2026 07:36:04] "GET /api/latest-detections/ HTTP/1.1" 200 122
[27/Aug/2026 07:36:04] "GET /api/drone-location/ HTTP/1.1" 200 399
[27/Aug/2026 07:36:05] "GET /api/latest-detections/ HTTP/1.1" 200 122
[27/Aug/2026 07:36:05] "GET /api/drone-location/ HTTP/1.1" 200 399
[27/Aug/2026 07:36:05] "GET /api/system-status/ HTTP/1.1" 200 479
[27/Aug/2026 07:36:06] "GET /api/latest-detections/ HTTP/1.1" 200 122
[27/Aug/2026 07:36:06] "GET /api/drone-location/ HTTP/1.1" 200 399
[27/Aug/2026 07:36:07] "GET /api/latest-detections/ HTTP/1.1" 200 122
[27/Aug/2026 07:36:07] "GET /api/drone-location/ HTTP/1.1" 200 399
[27/Aug/2026 07:36:08] "GET /api/latest-detections/ HTTP/1.1" 200 122
[27/Aug/2026 07:36:08] "GET /api/drone-location/ HTTP/1.1" 200 399
[27/Aug/2026 07:36:08] "GET /api/system-status/ HTTP/1.1" 200 479
[27/Aug/2026 07:36:09] "GET /api/latest-detections/ HTTP/1.1" 200 122
[27/Aug/2026 07:36:09] "GET /api/drone-location/ HTTP/1.1" 200 399
[27/Aug/2026 07:36:10] "GET /api/latest-detections/ HTTP/1.1" 200 122
[27/Aug/2026 07:36:10] "GET /api/drone-location/ HTTP/1.1" 200 399
[27/Aug/2026 07:36:11] "GET /api/latest-detections/ HTTP/1.1" 200 122
[27/Aug/2026 07:36:11] "GET /api/drone-location/ HTTP/1.1" 200 398
[27/Aug/2026 07:36:11] "GET /api/system-status/ HTTP/1.1" 200 479
[27/Aug/2026 07:36:12] "GET /api/latest-detections/ HTTP/1.1" 200 122
[27/Aug/2026 07:36:12] "GET /api/drone-location/ HTTP/1.1" 200 398
[27/Aug/2026 07:36:13] "GET /api/latest-detections/ HTTP/1.1" 200 122
[27/Aug/2026 07:36:13] "GET /api/drone-location/ HTTP/1.1" 200 399
[27/Aug/2026 07:36:14] "GET /api/latest-detections/ HTTP/1.1" 200 122
[27/Aug/2026 07:36:14] "GET /api/drone-location/ HTTP/1.1" 200 399
[27/Aug/2026 07:36:14] "GET /api/system-status/ HTTP/1.1" 200 479
[27/Aug/2026 07:36:15] "GET /api/latest-detections/ HTTP/1.1" 200 122
[27/Aug/2026 07:36:15] "GET /api/drone-location/ HTTP/1.1" 200 399
[27/Aug/2026 07:36:16] "GET /api/latest-detections/ HTTP/1.1" 200 122
[27/Aug/2026 07:36:16] "GET /api/drone-location/ HTTP/1.1" 200 399
[27/Aug/2026 07:36:17] "GET /api/latest-detections/ HTTP/1.1" 200 122
[27/Aug/2026 07:36:17] "GET /api/drone-location/ HTTP/1.1" 200 399
[27/Aug/2026 07:36:17] "GET /api/system-status/ HTTP/1.1" 200 479
[27/Aug/2026 07:36:18] "GET /api/latest-detections/ HTTP/1.1" 200 122
[27/Aug/2026 07:36:18] "GET /api/drone-location/ HTTP/1.1" 200 399
[27/Aug/2026 07:36:19] "GET /api/latest-detections/ HTTP/1.1" 200 122
[27/Aug/2026 07:36:19] "GET /api/drone-location/ HTTP/1.1" 200 399
[27/Aug/2026 07:36:20] "GET /api/latest-detections/ HTTP/1.1" 200 122
[27/Aug/2026 07:36:20] "GET /api/drone-location/ HTTP/1.1" 200 399
[27/Aug/2026 07:36:20] "GET /api/system-status/ HTTP/1.1" 200 479
[27/Aug/2026 07:36:21] "GET /api/latest-detections/ HTTP/1.1" 200 122
[27/Aug/2026 07:36:21] "GET /api/drone-location/ HTTP/1.1" 200 399
[27/Aug/2026 07:36:22] "GET /api/latest-detections/ HTTP/1.1" 200 122
[27/Aug/2026 07:36:22] "GET /api/drone-location/ HTTP/1.1" 200 399
[27/Aug/2026 07:36:23] "GET /api/latest-detections/ HTTP/1.1" 200 122
[27/Aug/2026 07:36:23] "GET /api/drone-location/ HTTP/1.1" 200 398
[27/Aug/2026 07:36:23] "GET /api/system-status/ HTTP/1.1" 200 479
[27/Aug/2026 07:36:24] "GET /api/latest-detections/ HTTP/1.1" 200 122
[27/Aug/2026 07:36:24] "GET /api/drone-location/ HTTP/1.1" 200 398
[27/Aug/2026 07:36:25] "GET /api/latest-detections/ HTTP/1.1" 200 122
[27/Aug/2026 07:36:25] "GET /api/drone-location/ HTTP/1.1" 200 398
[27/Aug/2026 07:36:26] "GET /api/latest-detections/ HTTP/1.1" 200 122
[27/Aug/2026 07:36:26] "GET /api/drone-location/ HTTP/1.1" 200 398
[27/Aug/2026 07:36:26] "GET /api/system-status/ HTTP/1.1" 200 479
[27/Aug/2026 07:36:27] "GET /api/latest-detections/ HTTP/1.1" 200 122
[27/Aug/2026 07:36:27] "GET /api/drone-location/ HTTP/1.1" 200 398
[27/Aug/2026 07:36:28] "GET /api/latest-detections/ HTTP/1.1" 200 122
[27/Aug/2026 07:36:28] "GET /api/drone-location/ HTTP/1.1" 200 398
[27/Aug/2026 07:36:29] "GET /api/latest-detections/ HTTP/1.1" 200 122
[27/Aug/2026 07:36:29] "GET /api/drone-location/ HTTP/1.1" 200 398
[27/Aug/2026 07:36:29] "GET /api/system-status/ HTTP/1.1" 200 479
[27/Aug/2026 07:36:30] "GET /api/latest-detections/ HTTP/1.1" 200 122
[27/Aug/2026 07:36:30] "GET /api/drone-location/ HTTP/1.1" 200 398
[27/Aug/2026 07:36:31] "GET /api/latest-detections/ HTTP/1.1" 200 122
[27/Aug/2026 07:36:31] "GET /api/drone-location/ HTTP/1.1" 200 399
[27/Aug/2026 07:36:32] "GET /api/latest-detections/ HTTP/1.1" 200 122
[27/Aug/2026 07:36:32] "GET /api/drone-location/ HTTP/1.1" 200 399
[27/Aug/2026 07:36:32] "GET /api/system-status/ HTTP/1.1" 200 479
[27/Aug/2026 07:36:33] "GET /api/latest-detections/ HTTP/1.1" 200 122
[27/Aug/2026 07:36:33] "GET /api/drone-location/ HTTP/1.1" 200 399
[27/Aug/2026 07:36:34] "GET /api/latest-detections/ HTTP/1.1" 200 122
[27/Aug/2026 07:36:34] "GET /api/drone-location/ HTTP/1.1" 200 399
[27/Aug/2026 07:36:35] "GET /api/latest-detections/ HTTP/1.1" 200 122
[27/Aug/2026 07:36:35] "GET /api/drone-location/ HTTP/1.1" 200 399
[27/Aug/2026 07:36:35] "GET /api/system-status/ HTTP/1.1" 200 479
[27/Aug/2026 07:36:36] "GET /api/latest-detections/ HTTP/1.1" 200 122
[27/Aug/2026 07:36:36] "GET /api/drone-location/ HTTP/1.1" 200 399
[27/Aug/2026 07:36:37] "GET /api/latest-detections/ HTTP/1.1" 200 122
[27/Aug/2026 07:36:37] "GET /api/drone-location/ HTTP/1.1" 200 399
[27/Aug/2026 07:36:38] "GET /api/latest-detections/ HTTP/1.1" 200 122
[27/Aug/2026 07:36:38] "GET /api/drone-location/ HTTP/1.1" 200 399
[27/Aug/2026 07:36:38] "GET /api/system-status/ HTTP/1.1" 200 479
[27/Aug/2026 07:36:39] "GET /api/latest-detections/ HTTP/1.1" 200 122
[27/Aug/2026 07:36:39] "GET /api/drone-location/ HTTP/1.1" 200 398
[27/Aug/2026 07:36:40] "GET /api/latest-detections/ HTTP/1.1" 200 122
[27/Aug/2026 07:36:40] "GET /api/drone-location/ HTTP/1.1" 200 398
[27/Aug/2026 07:36:41] "GET /api/latest-detections/ HTTP/1.1" 200 122
[27/Aug/2026 07:36:41] "GET /api/drone-location/ HTTP/1.1" 200 399
[27/Aug/2026 07:36:41] "GET /api/system-status/ HTTP/1.1" 200 479
[27/Aug/2026 07:36:42] "GET /api/latest-detections/ HTTP/1.1" 200 122
[27/Aug/2026 07:36:42] "GET /api/drone-location/ HTTP/1.1" 200 399
[27/Aug/2026 07:36:43] "GET /api/latest-detections/ HTTP/1.1" 200 122
[27/Aug/2026 07:36:43] "GET /api/drone-location/ HTTP/1.1" 200 399
[27/Aug/2026 07:36:44] "GET /api/latest-detections/ HTTP/1.1" 200 122
[27/Aug/2026 07:36:44] "GET /api/drone-location/ HTTP/1.1" 200 399
[27/Aug/2026 07:36:44] "GET /api/system-status/ HTTP/1.1" 200 479
[27/Aug/2026 07:36:45] "GET /api/latest-detections/ HTTP/1.1" 200 122
[27/Aug/2026 07:36:45] "GET /api/drone-location/ HTTP/1.1" 200 399
[27/Aug/2026 07:37:24] "GET /api/latest-detections/ HTTP/1.1" 200 122
[27/Aug/2026 07:37:24] "GET /api/drone-location/ HTTP/1.1" 200 397
[27/Aug/2026 07:37:24] "GET /api/system-status/ HTTP/1.1" 200 479
[27/Aug/2026 07:38:24] "GET /api/latest-detections/ HTTP/1.1" 200 122
[27/Aug/2026 07:38:24] "GET /api/drone-location/ HTTP/1.1" 200 398
[27/Aug/2026 07:38:24] "GET /api/system-status/ HTTP/1.1" 200 479
[27/Aug/2026 07:38:59] "GET /api/latest-detections/ HTTP/1.1" 200 122
[27/Aug/2026 07:38:59] "GET /api/drone-location/ HTTP/1.1" 200 398
[27/Aug/2026 07:38:59] "GET /api/latest-detections/ HTTP/1.1" 200 122
[27/Aug/2026 07:38:59] "GET /api/system-status/ HTTP/1.1" 200 479
[27/Aug/2026 07:38:59] "GET /api/latest-detections/ HTTP/1.1" 200 122
[27/Aug/2026 07:38:59] "GET /api/drone-location/ HTTP/1.1" 200 398
[27/Aug/2026 07:38:59] "GET /api/latest-detections/ HTTP/1.1" 200 121
[27/Aug/2026 07:38:59] "GET /dashboard/mission/ HTTP/1.1" 200 35507
[27/Aug/2026 07:39:00] "GET /api/latest-detections/ HTTP/1.1" 200 122
[27/Aug/2026 07:39:00] "GET /api/drone-location/ HTTP/1.1" 200 398
[27/Aug/2026 07:39:00] "GET /api/system-status/ HTTP/1.1" 200 479
[27/Aug/2026 07:39:00] "GET /api/latest-detections/ HTTP/1.1" 200 122
[27/Aug/2026 07:39:00] "GET /api/latest-detections/ HTTP/1.1" 200 121
[27/Aug/2026 07:39:01] "GET /api/latest-detections/ HTTP/1.1" 200 122
[27/Aug/2026 07:39:01] "GET /api/drone-location/ HTTP/1.1" 200 399
[27/Aug/2026 07:39:01] "GET /api/latest-detections/ HTTP/1.1" 200 122
[27/Aug/2026 07:39:01] "GET /api/latest-detections/ HTTP/1.1" 200 121
[27/Aug/2026 07:39:02] "GET /api/latest-detections/ HTTP/1.1" 200 122
[27/Aug/2026 07:39:02] "GET /api/drone-location/ HTTP/1.1" 200 399
[27/Aug/2026 07:39:02] "GET /api/latest-detections/ HTTP/1.1" 200 122
[27/Aug/2026 07:39:02] "GET /api/latest-detections/ HTTP/1.1" 200 122
[27/Aug/2026 07:39:02] "GET /api/latest-detections/ HTTP/1.1" 200 121
[27/Aug/2026 07:39:03] "GET /api/latest-detections/ HTTP/1.1" 200 121
[27/Aug/2026 07:39:03] "GET /api/drone-location/ HTTP/1.1" 200 399
[27/Aug/2026 07:39:03] "GET /api/system-status/ HTTP/1.1" 200 479
[27/Aug/2026 07:39:03] "GET /api/latest-detections/ HTTP/1.1" 200 121
[27/Aug/2026 07:39:03] "GET /api/latest-detections/ HTTP/1.1" 200 122
[27/Aug/2026 07:39:04] "GET /api/latest-detections/ HTTP/1.1" 200 122
[27/Aug/2026 07:39:04] "GET /api/drone-location/ HTTP/1.1" 200 399
[27/Aug/2026 07:39:04] "GET /api/latest-detections/ HTTP/1.1" 200 121
[27/Aug/2026 07:39:04] "GET /api/latest-detections/ HTTP/1.1" 200 122
[27/Aug/2026 07:39:05] "GET /api/latest-detections/ HTTP/1.1" 200 122
[27/Aug/2026 07:39:05] "GET /api/drone-location/ HTTP/1.1" 200 399
[27/Aug/2026 07:39:05] "GET /api/latest-detections/ HTTP/1.1" 200 122
[27/Aug/2026 07:39:05] "GET /api/latest-detections/ HTTP/1.1" 200 122
[27/Aug/2026 07:39:05] "GET /api/latest-detections/ HTTP/1.1" 200 122
[27/Aug/2026 07:39:06] "GET /api/latest-detections/ HTTP/1.1" 200 122
[27/Aug/2026 07:39:06] "GET /api/drone-location/ HTTP/1.1" 200 399
[27/Aug/2026 07:39:06] "GET /api/system-status/ HTTP/1.1" 200 479
[27/Aug/2026 07:39:06] "GET /api/latest-detections/ HTTP/1.1" 200 121
[27/Aug/2026 07:39:06] "GET /api/latest-detections/ HTTP/1.1" 200 122
[27/Aug/2026 07:39:07] "GET /api/latest-detections/ HTTP/1.1" 200 121
[27/Aug/2026 07:39:07] "GET /api/drone-location/ HTTP/1.1" 200 399
[27/Aug/2026 07:39:07] "GET /api/latest-detections/ HTTP/1.1" 200 122
[27/Aug/2026 07:39:07] "GET /api/latest-detections/ HTTP/1.1" 200 121
[27/Aug/2026 07:39:08] "GET /api/latest-detections/ HTTP/1.1" 200 122
[27/Aug/2026 07:39:08] "GET /api/drone-location/ HTTP/1.1" 200 399
[27/Aug/2026 07:39:08] "GET /dji/login/ HTTP/1.1" 200 10986
[27/Aug/2026 07:39:08] "GET /api/latest-detections/ HTTP/1.1" 200 121
[27/Aug/2026 07:39:08] "GET /api/latest-detections/ HTTP/1.1" 200 122
[27/Aug/2026 07:39:08] "GET /api/latest-detections/ HTTP/1.1" 200 121
[27/Aug/2026 07:39:09] "GET /api/latest-detections/ HTTP/1.1" 200 122
[27/Aug/2026 07:39:09] "GET /api/drone-location/ HTTP/1.1" 200 398
[27/Aug/2026 07:39:09] "GET /api/system-status/ HTTP/1.1" 200 479
[27/Aug/2026 07:39:09] "GET /api/latest-detections/ HTTP/1.1" 200 122
[27/Aug/2026 07:39:09] "GET /api/latest-detections/ HTTP/1.1" 200 122
[27/Aug/2026 07:39:10] "GET /api/latest-detections/ HTTP/1.1" 200 122
[27/Aug/2026 07:39:10] "GET /api/drone-location/ HTTP/1.1" 200 398
[27/Aug/2026 07:39:10] "GET /api/latest-detections/ HTTP/1.1" 200 122
[27/Aug/2026 07:39:10] "GET /api/latest-detections/ HTTP/1.1" 200 122
[27/Aug/2026 07:39:11] "GET /api/latest-detections/ HTTP/1.1" 200 122
[27/Aug/2026 07:39:11] "GET /api/drone-location/ HTTP/1.1" 200 398
[27/Aug/2026 07:39:11] "GET /api/latest-detections/ HTTP/1.1" 200 122
[27/Aug/2026 07:39:11] "GET /api/latest-detections/ HTTP/1.1" 200 121
[27/Aug/2026 07:39:12] "GET /api/latest-detections/ HTTP/1.1" 200 122
[27/Aug/2026 07:39:12] "GET /api/latest-detections/ HTTP/1.1" 200 122
[27/Aug/2026 07:39:12] "GET /api/drone-location/ HTTP/1.1" 200 398
[27/Aug/2026 07:39:12] "GET /api/system-status/ HTTP/1.1" 200 479
[27/Aug/2026 07:39:12] "GET /api/latest-detections/ HTTP/1.1" 200 122
[27/Aug/2026 07:39:12] "GET /api/latest-detections/ HTTP/1.1" 200 121
[27/Aug/2026 07:39:13] "GET /api/latest-detections/ HTTP/1.1" 200 121
[27/Aug/2026 07:39:13] "GET /api/drone-location/ HTTP/1.1" 200 398
[27/Aug/2026 07:39:13] "GET /api/latest-detections/ HTTP/1.1" 200 122
[27/Aug/2026 07:39:13] "GET /api/latest-detections/ HTTP/1.1" 200 121
[27/Aug/2026 07:39:14] "GET /api/latest-detections/ HTTP/1.1" 200 121
[27/Aug/2026 07:39:14] "GET /api/drone-location/ HTTP/1.1" 200 398
[27/Aug/2026 07:39:14] "GET /api/latest-detections/ HTTP/1.1" 200 122
[27/Aug/2026 07:39:14] "GET /api/latest-detections/ HTTP/1.1" 200 122
[27/Aug/2026 07:39:14] "GET /api/latest-detections/ HTTP/1.1" 200 122
[27/Aug/2026 07:39:15] "GET /api/latest-detections/ HTTP/1.1" 200 121
[27/Aug/2026 07:39:15] "GET /api/drone-location/ HTTP/1.1" 200 398
[27/Aug/2026 07:39:15] "GET /api/system-status/ HTTP/1.1" 200 479
[27/Aug/2026 07:39:15] "GET /api/latest-detections/ HTTP/1.1" 200 121
[27/Aug/2026 07:39:15] "GET /api/latest-detections/ HTTP/1.1" 200 122
[27/Aug/2026 07:39:16] "GET /api/latest-detections/ HTTP/1.1" 200 121
[27/Aug/2026 07:39:16] "GET /api/drone-location/ HTTP/1.1" 200 398
[27/Aug/2026 07:39:16] "GET /api/latest-detections/ HTTP/1.1" 200 122
[27/Aug/2026 07:39:16] "GET /api/latest-detections/ HTTP/1.1" 200 122
[27/Aug/2026 07:39:17] "GET /api/latest-detections/ HTTP/1.1" 200 122
[27/Aug/2026 07:39:17] "GET /api/drone-location/ HTTP/1.1" 200 398
[27/Aug/2026 07:39:17] "GET /api/latest-detections/ HTTP/1.1" 200 121
[27/Aug/2026 07:39:17] "GET /api/latest-detections/ HTTP/1.1" 200 122
[27/Aug/2026 07:39:17] "GET /api/latest-detections/ HTTP/1.1" 200 121
[27/Aug/2026 07:39:18] "GET /api/latest-detections/ HTTP/1.1" 200 121
[27/Aug/2026 07:39:18] "GET /api/drone-location/ HTTP/1.1" 200 398
[27/Aug/2026 07:39:18] "GET /api/system-status/ HTTP/1.1" 200 479
[27/Aug/2026 07:39:18] "GET /api/latest-detections/ HTTP/1.1" 200 121
[27/Aug/2026 07:39:18] "GET /api/latest-detections/ HTTP/1.1" 200 122
[27/Aug/2026 07:39:19] "GET /api/latest-detections/ HTTP/1.1" 200 122
[27/Aug/2026 07:39:19] "GET /api/drone-location/ HTTP/1.1" 200 398
[27/Aug/2026 07:39:19] "GET /api/latest-detections/ HTTP/1.1" 200 121
[27/Aug/2026 07:39:19] "GET /api/latest-detections/ HTTP/1.1" 200 122
[27/Aug/2026 07:39:20] "GET /api/latest-detections/ HTTP/1.1" 200 122
[27/Aug/2026 07:39:20] "GET /api/drone-location/ HTTP/1.1" 200 398
[27/Aug/2026 07:39:20] "GET /api/latest-detections/ HTTP/1.1" 200 121
[27/Aug/2026 07:39:20] "GET /api/latest-detections/ HTTP/1.1" 200 122
[27/Aug/2026 07:39:20] "GET /api/latest-detections/ HTTP/1.1" 200 122
[27/Aug/2026 07:39:21] "GET /api/latest-detections/ HTTP/1.1" 200 122
[27/Aug/2026 07:39:21] "GET /api/drone-location/ HTTP/1.1" 200 398
[27/Aug/2026 07:39:21] "GET /api/system-status/ HTTP/1.1" 200 479
[27/Aug/2026 07:39:21] "GET /api/latest-detections/ HTTP/1.1" 200 121
[27/Aug/2026 07:39:21] "GET /api/latest-detections/ HTTP/1.1" 200 122
[27/Aug/2026 07:39:22] "GET /api/latest-detections/ HTTP/1.1" 200 121
[27/Aug/2026 07:39:22] "GET /api/drone-location/ HTTP/1.1" 200 398
[27/Aug/2026 07:39:22] "GET /api/latest-detections/ HTTP/1.1" 200 122
[27/Aug/2026 07:39:22] "GET /api/latest-detections/ HTTP/1.1" 200 122
[27/Aug/2026 07:39:23] "GET /api/latest-detections/ HTTP/1.1" 200 122
[27/Aug/2026 07:39:23] "GET /api/drone-location/ HTTP/1.1" 200 398
[27/Aug/2026 07:39:23] "GET /api/latest-detections/ HTTP/1.1" 200 121
[27/Aug/2026 07:39:23] "GET /api/latest-detections/ HTTP/1.1" 200 122
[27/Aug/2026 07:39:23] "GET /api/latest-detections/ HTTP/1.1" 200 122
[27/Aug/2026 07:39:24] "GET /api/latest-detections/ HTTP/1.1" 200 122
[27/Aug/2026 07:39:24] "GET /api/drone-location/ HTTP/1.1" 200 398
[27/Aug/2026 07:39:24] "GET /api/system-status/ HTTP/1.1" 200 479
[27/Aug/2026 07:39:24] "GET /api/latest-detections/ HTTP/1.1" 200 121
[27/Aug/2026 07:39:24] "GET /api/latest-detections/ HTTP/1.1" 200 121
[27/Aug/2026 07:39:25] "GET /api/latest-detections/ HTTP/1.1" 200 122
[27/Aug/2026 07:39:25] "GET /api/drone-location/ HTTP/1.1" 200 398
[27/Aug/2026 07:39:25] "GET /api/latest-detections/ HTTP/1.1" 200 122
[27/Aug/2026 07:39:25] "GET /api/latest-detections/ HTTP/1.1" 200 122
[27/Aug/2026 07:39:26] "GET /api/latest-detections/ HTTP/1.1" 200 121
[27/Aug/2026 07:39:26] "GET /api/drone-location/ HTTP/1.1" 200 398
[27/Aug/2026 07:39:26] "GET /api/latest-detections/ HTTP/1.1" 200 122
[27/Aug/2026 07:39:26] "GET /api/latest-detections/ HTTP/1.1" 200 122
[27/Aug/2026 07:39:26] "GET /api/latest-detections/ HTTP/1.1" 200 121
[27/Aug/2026 07:39:27] "GET /api/latest-detections/ HTTP/1.1" 200 121
[27/Aug/2026 07:39:27] "GET /api/drone-location/ HTTP/1.1" 200 398
[27/Aug/2026 07:39:27] "GET /api/system-status/ HTTP/1.1" 200 479
[27/Aug/2026 07:39:27] "GET /api/latest-detections/ HTTP/1.1" 200 122
[27/Aug/2026 07:39:27] "GET /api/latest-detections/ HTTP/1.1" 200 122
[27/Aug/2026 07:39:28] "GET /api/latest-detections/ HTTP/1.1" 200 122
[27/Aug/2026 07:39:28] "GET /api/drone-location/ HTTP/1.1" 200 398
[27/Aug/2026 07:39:28] "GET /api/latest-detections/ HTTP/1.1" 200 122
[27/Aug/2026 07:39:28] "GET /api/latest-detections/ HTTP/1.1" 200 122
[27/Aug/2026 07:39:29] "GET /api/latest-detections/ HTTP/1.1" 200 122
[27/Aug/2026 07:39:29] "GET /api/drone-location/ HTTP/1.1" 200 398
[27/Aug/2026 07:39:29] "GET /api/latest-detections/ HTTP/1.1" 200 121
[27/Aug/2026 07:39:29] "GET /api/latest-detections/ HTTP/1.1" 200 122
[27/Aug/2026 07:39:29] "GET /api/latest-detections/ HTTP/1.1" 200 122
[27/Aug/2026 07:39:30] "GET /api/latest-detections/ HTTP/1.1" 200 121
[27/Aug/2026 07:39:30] "GET /api/drone-location/ HTTP/1.1" 200 398
[27/Aug/2026 07:39:30] "GET /api/system-status/ HTTP/1.1" 200 479
[27/Aug/2026 07:39:30] "GET /api/latest-detections/ HTTP/1.1" 200 122
[27/Aug/2026 07:39:30] "GET /api/latest-detections/ HTTP/1.1" 200 122
[27/Aug/2026 07:39:31] "GET /api/latest-detections/ HTTP/1.1" 200 121
[27/Aug/2026 07:39:31] "GET /api/drone-location/ HTTP/1.1" 200 398
[27/Aug/2026 07:39:31] "GET /api/latest-detections/ HTTP/1.1" 200 122
[27/Aug/2026 07:39:31] "GET /api/start-service/?service=ai HTTP/1.1" 200 147
[27/Aug/2026 07:39:33] "GET /api/latest-detections/ HTTP/1.1" 200 122
[27/Aug/2026 07:39:33] "GET /api/drone-location/ HTTP/1.1" 200 398
[27/Aug/2026 07:39:33] "GET /api/latest-detections/ HTTP/1.1" 200 121
[27/Aug/2026 07:39:33] "GET /api/system-status/ HTTP/1.1" 200 479
[27/Aug/2026 07:39:33] "GET /api/system-status/ HTTP/1.1" 200 479
[27/Aug/2026 07:39:33] "GET /api/latest-detections/ HTTP/1.1" 200 122
[27/Aug/2026 07:39:33] "GET /api/latest-detections/ HTTP/1.1" 200 122
[27/Aug/2026 07:39:34] "GET /api/latest-detections/ HTTP/1.1" 200 122
[27/Aug/2026 07:39:34] "GET /api/drone-location/ HTTP/1.1" 200 398
[27/Aug/2026 07:39:34] "GET /api/latest-detections/ HTTP/1.1" 200 122
[27/Aug/2026 07:39:34] "GET /api/latest-detections/ HTTP/1.1" 200 122
[27/Aug/2026 07:39:35] "GET /api/latest-detections/ HTTP/1.1" 200 122
[27/Aug/2026 07:39:35] "GET /api/drone-location/ HTTP/1.1" 200 398
[27/Aug/2026 07:39:35] "GET /api/latest-detections/ HTTP/1.1" 200 122
[27/Aug/2026 07:39:35] "GET /api/latest-detections/ HTTP/1.1" 200 122
[27/Aug/2026 07:39:35] "GET /api/latest-detections/ HTTP/1.1" 200 122
[27/Aug/2026 07:39:36] "GET /api/latest-detections/ HTTP/1.1" 200 122
[27/Aug/2026 07:39:36] "GET /api/drone-location/ HTTP/1.1" 200 398
[27/Aug/2026 07:39:36] "GET /api/system-status/ HTTP/1.1" 200 479
[27/Aug/2026 07:39:36] "GET /api/latest-detections/ HTTP/1.1" 200 122
[27/Aug/2026 07:39:36] "GET /api/latest-detections/ HTTP/1.1" 200 122
[27/Aug/2026 07:39:37] "GET /api/latest-detections/ HTTP/1.1" 200 122
[27/Aug/2026 07:39:37] "GET /api/drone-location/ HTTP/1.1" 200 398
[27/Aug/2026 07:39:37] "GET /api/latest-detections/ HTTP/1.1" 200 122
[27/Aug/2026 07:39:37] "GET /api/latest-detections/ HTTP/1.1" 200 122
[27/Aug/2026 07:39:38] "GET /api/latest-detections/ HTTP/1.1" 200 122
[27/Aug/2026 07:39:38] "GET /api/drone-location/ HTTP/1.1" 200 398
[27/Aug/2026 07:39:38] "GET /api/latest-detections/ HTTP/1.1" 200 122
[27/Aug/2026 07:39:38] "GET /api/latest-detections/ HTTP/1.1" 200 122
[27/Aug/2026 07:39:38] "GET /api/latest-detections/ HTTP/1.1" 200 122
[27/Aug/2026 07:39:39] "GET /api/latest-detections/ HTTP/1.1" 200 122
[27/Aug/2026 07:39:39] "GET /api/drone-location/ HTTP/1.1" 200 455
[27/Aug/2026 07:39:39] "GET /api/system-status/ HTTP/1.1" 200 480
[27/Aug/2026 07:39:39] "GET /api/latest-detections/ HTTP/1.1" 200 122
[27/Aug/2026 07:39:39] "GET /api/latest-detections/ HTTP/1.1" 200 122
[27/Aug/2026 07:39:40] "GET /api/latest-detections/ HTTP/1.1" 200 122
[27/Aug/2026 07:39:40] "GET /api/drone-location/ HTTP/1.1" 200 455
[27/Aug/2026 07:39:40] "GET /api/latest-detections/ HTTP/1.1" 200 121
[27/Aug/2026 07:39:40] "GET /api/latest-detections/ HTTP/1.1" 200 122
[27/Aug/2026 07:39:41] "GET /api/latest-detections/ HTTP/1.1" 200 122
[27/Aug/2026 07:39:41] "GET /api/drone-location/ HTTP/1.1" 200 455
[27/Aug/2026 07:39:41] "GET /api/latest-detections/ HTTP/1.1" 200 122
[27/Aug/2026 07:39:41] "GET /api/latest-detections/ HTTP/1.1" 200 122
[27/Aug/2026 07:39:41] "GET /api/latest-detections/ HTTP/1.1" 200 122
[27/Aug/2026 07:39:42] "GET /api/latest-detections/ HTTP/1.1" 200 122
[27/Aug/2026 07:39:42] "GET /api/drone-location/ HTTP/1.1" 200 455
[27/Aug/2026 07:39:42] "GET /api/system-status/ HTTP/1.1" 200 480
[27/Aug/2026 07:39:42] "GET /api/latest-detections/ HTTP/1.1" 200 122
[27/Aug/2026 07:39:42] "GET /api/latest-detections/ HTTP/1.1" 200 122
[27/Aug/2026 07:39:43] "GET /api/latest-detections/ HTTP/1.1" 200 121
[27/Aug/2026 07:39:43] "GET /api/drone-location/ HTTP/1.1" 200 455
[27/Aug/2026 07:39:43] "GET /api/latest-detections/ HTTP/1.1" 200 122
[27/Aug/2026 07:39:43] "GET /api/latest-detections/ HTTP/1.1" 200 122
[27/Aug/2026 07:39:44] "GET /api/latest-detections/ HTTP/1.1" 200 122
[27/Aug/2026 07:39:44] "GET /api/drone-location/ HTTP/1.1" 200 455
[27/Aug/2026 07:39:44] "GET /api/latest-detections/ HTTP/1.1" 200 122
[27/Aug/2026 07:39:44] "GET /api/latest-detections/ HTTP/1.1" 200 122
[27/Aug/2026 07:39:44] "GET /api/latest-detections/ HTTP/1.1" 200 122
[27/Aug/2026 07:39:45] "GET /api/latest-detections/ HTTP/1.1" 200 121
[27/Aug/2026 07:39:45] "GET /api/drone-location/ HTTP/1.1" 200 455
[27/Aug/2026 07:39:45] "GET /api/system-status/ HTTP/1.1" 200 480
[27/Aug/2026 07:39:45] "GET /api/latest-detections/ HTTP/1.1" 200 122
[27/Aug/2026 07:39:45] "GET /api/start-service/?service=telemetry&action=stop HTTP/1.1" 200 151
[27/Aug/2026 07:39:46] "GET /api/latest-detections/ HTTP/1.1" 200 122
[27/Aug/2026 07:39:46] "GET /api/drone-location/ HTTP/1.1" 200 455
[27/Aug/2026 07:39:46] "GET /api/latest-detections/ HTTP/1.1" 200 122
[27/Aug/2026 07:39:46] "GET /api/system-status/ HTTP/1.1" 200 481
[27/Aug/2026 07:39:47] "GET /api/latest-detections/ HTTP/1.1" 200 122
[27/Aug/2026 07:39:47] "GET /api/drone-location/ HTTP/1.1" 200 455
[27/Aug/2026 07:39:47] "GET /api/latest-detections/ HTTP/1.1" 200 121
[27/Aug/2026 07:39:47] "GET /api/latest-detections/ HTTP/1.1" 200 122
[27/Aug/2026 07:39:47] "GET /api/latest-detections/ HTTP/1.1" 200 121
[27/Aug/2026 07:39:48] "GET /api/start-service/?service=telemetry HTTP/1.1" 200 169
[27/Aug/2026 07:39:49] "GET /api/latest-detections/ HTTP/1.1" 200 122
[27/Aug/2026 07:39:49] "GET /api/drone-location/ HTTP/1.1" 200 455
[27/Aug/2026 07:39:49] "GET /api/latest-detections/ HTTP/1.1" 200 122
[27/Aug/2026 07:39:49] "GET /api/system-status/ HTTP/1.1" 200 480
[27/Aug/2026 07:39:49] "GET /api/drone-location/ HTTP/1.1" 200 455
[27/Aug/2026 07:39:49] "GET /api/system-status/ HTTP/1.1" 200 480
[27/Aug/2026 07:39:49] "GET /api/latest-detections/ HTTP/1.1" 200 121
[27/Aug/2026 07:39:49] "GET /api/latest-detections/ HTTP/1.1" 200 122
[27/Aug/2026 07:39:50] "GET /api/latest-detections/ HTTP/1.1" 200 121
[27/Aug/2026 07:39:50] "GET /api/drone-location/ HTTP/1.1" 200 455
[27/Aug/2026 07:39:50] "GET /api/latest-detections/ HTTP/1.1" 200 122
[27/Aug/2026 07:39:50] "GET /api/latest-detections/ HTTP/1.1" 200 121
[27/Aug/2026 07:39:50] "GET /api/latest-detections/ HTTP/1.1" 200 122
[27/Aug/2026 07:39:51] "GET /api/drone-location/ HTTP/1.1" 200 455
[27/Aug/2026 07:39:51] "GET /api/latest-detections/ HTTP/1.1" 200 121
[27/Aug/2026 07:39:51] "GET /api/system-status/ HTTP/1.1" 200 480
[27/Aug/2026 07:39:51] "GET /api/latest-detections/ HTTP/1.1" 200 122
[27/Aug/2026 07:39:51] "GET /api/latest-detections/ HTTP/1.1" 200 122
[27/Aug/2026 07:39:52] "GET /api/latest-detections/ HTTP/1.1" 200 122
[27/Aug/2026 07:39:52] "GET /api/drone-location/ HTTP/1.1" 200 455
[27/Aug/2026 07:39:52] "GET /api/latest-detections/ HTTP/1.1" 200 122
[27/Aug/2026 07:39:52] "GET /api/latest-detections/ HTTP/1.1" 200 121
[27/Aug/2026 07:39:53] "GET /api/latest-detections/ HTTP/1.1" 200 122
[27/Aug/2026 07:39:53] "GET /api/drone-location/ HTTP/1.1" 200 455
[27/Aug/2026 07:39:53] "GET /api/start-service/?service=ai HTTP/1.1" 200 147
[27/Aug/2026 07:39:54] "GET /api/latest-detections/ HTTP/1.1" 200 122
[27/Aug/2026 07:39:54] "GET /api/drone-location/ HTTP/1.1" 200 455
[27/Aug/2026 07:39:54] "GET /api/latest-detections/ HTTP/1.1" 200 121
[27/Aug/2026 07:39:54] "GET /api/system-status/ HTTP/1.1" 200 480
[27/Aug/2026 07:39:54] "GET /api/system-status/ HTTP/1.1" 200 480
[27/Aug/2026 07:39:54] "GET /api/latest-detections/ HTTP/1.1" 200 121
[27/Aug/2026 07:39:54] "GET /api/latest-detections/ HTTP/1.1" 200 122
[27/Aug/2026 07:39:54] "GET /api/start-service/?service=ai&action=stop HTTP/1.1" 200 148
[27/Aug/2026 07:39:56] "GET /api/latest-detections/ HTTP/1.1" 200 122
[27/Aug/2026 07:39:56] "GET /api/drone-location/ HTTP/1.1" 200 455
[27/Aug/2026 07:39:56] "GET /api/latest-detections/ HTTP/1.1" 200 121
[27/Aug/2026 07:39:56] "GET /api/system-status/ HTTP/1.1" 200 481
[27/Aug/2026 07:39:56] "GET /api/latest-detections/ HTTP/1.1" 200 122
[27/Aug/2026 07:39:57] "GET /api/latest-detections/ HTTP/1.1" 200 122
[27/Aug/2026 07:39:57] "GET /api/drone-location/ HTTP/1.1" 200 455
[27/Aug/2026 07:39:57] "GET /api/system-status/ HTTP/1.1" 200 481
[27/Aug/2026 07:39:57] "GET /api/latest-detections/ HTTP/1.1" 200 122
[27/Aug/2026 07:39:57] "GET /api/latest-detections/ HTTP/1.1" 200 122
[27/Aug/2026 07:39:58] "GET /api/latest-detections/ HTTP/1.1" 200 121
[27/Aug/2026 07:39:58] "GET /api/drone-location/ HTTP/1.1" 200 455
[27/Aug/2026 07:39:58] "GET /api/latest-detections/ HTTP/1.1" 200 122
[27/Aug/2026 07:39:58] "GET /api/latest-detections/ HTTP/1.1" 200 121
[27/Aug/2026 07:39:59] "GET /api/latest-detections/ HTTP/1.1" 200 122
[27/Aug/2026 07:39:59] "GET /api/drone-location/ HTTP/1.1" 200 455
[27/Aug/2026 07:39:59] "GET /api/latest-detections/ HTTP/1.1" 200 121
[27/Aug/2026 07:39:59] "GET /api/latest-detections/ HTTP/1.1" 200 121
[27/Aug/2026 07:39:59] "GET /api/latest-detections/ HTTP/1.1" 200 121
[27/Aug/2026 07:40:00] "GET /api/latest-detections/ HTTP/1.1" 200 122
[27/Aug/2026 07:40:00] "GET /api/drone-location/ HTTP/1.1" 200 455
[27/Aug/2026 07:40:00] "GET /api/system-status/ HTTP/1.1" 200 481
[27/Aug/2026 07:40:00] "GET /api/latest-detections/ HTTP/1.1" 200 122
[27/Aug/2026 07:40:00] "GET /api/latest-detections/ HTTP/1.1" 200 121
[27/Aug/2026 07:40:01] "GET /api/latest-detections/ HTTP/1.1" 200 121
[27/Aug/2026 07:40:01] "GET /api/drone-location/ HTTP/1.1" 200 455
[27/Aug/2026 07:40:01] "GET /api/latest-detections/ HTTP/1.1" 200 122
[27/Aug/2026 07:40:01] "GET /api/latest-detections/ HTTP/1.1" 200 122
[27/Aug/2026 07:40:02] "GET /api/latest-detections/ HTTP/1.1" 200 121
[27/Aug/2026 07:40:02] "GET /api/drone-location/ HTTP/1.1" 200 455
[27/Aug/2026 07:40:02] "GET /api/latest-detections/ HTTP/1.1" 200 121
[27/Aug/2026 07:40:02] "GET /api/latest-detections/ HTTP/1.1" 200 122
[27/Aug/2026 07:40:02] "GET /api/latest-detections/ HTTP/1.1" 200 121
[27/Aug/2026 07:40:03] "GET /api/latest-detections/ HTTP/1.1" 200 122
[27/Aug/2026 07:40:03] "GET /api/drone-location/ HTTP/1.1" 200 455
[27/Aug/2026 07:40:03] "GET /api/system-status/ HTTP/1.1" 200 481
[27/Aug/2026 07:40:03] "GET /api/latest-detections/ HTTP/1.1" 200 122
[27/Aug/2026 07:40:03] "GET /api/latest-detections/ HTTP/1.1" 200 122
[27/Aug/2026 07:40:04] "GET /api/latest-detections/ HTTP/1.1" 200 122
[27/Aug/2026 07:40:04] "GET /api/drone-location/ HTTP/1.1" 200 455
[27/Aug/2026 07:40:04] "GET /api/latest-detections/ HTTP/1.1" 200 121
[27/Aug/2026 07:40:04] "GET /api/latest-detections/ HTTP/1.1" 200 122
[27/Aug/2026 07:40:05] "GET /api/latest-detections/ HTTP/1.1" 200 122
[27/Aug/2026 07:40:05] "GET /api/drone-location/ HTTP/1.1" 200 455
[27/Aug/2026 07:40:05] "GET /api/latest-detections/ HTTP/1.1" 200 121
[27/Aug/2026 07:40:05] "GET /api/latest-detections/ HTTP/1.1" 200 122
[27/Aug/2026 07:40:05] "GET /api/latest-detections/ HTTP/1.1" 200 121
[27/Aug/2026 07:40:06] "GET /api/latest-detections/ HTTP/1.1" 200 122
[27/Aug/2026 07:40:06] "GET /api/drone-location/ HTTP/1.1" 200 455
[27/Aug/2026 07:40:06] "GET /api/system-status/ HTTP/1.1" 200 481
[27/Aug/2026 07:40:06] "GET /api/latest-detections/ HTTP/1.1" 200 122
[27/Aug/2026 07:40:06] "GET /api/latest-detections/ HTTP/1.1" 200 122
[27/Aug/2026 07:40:07] "GET /api/latest-detections/ HTTP/1.1" 200 122
[27/Aug/2026 07:40:07] "GET /api/drone-location/ HTTP/1.1" 200 455
[27/Aug/2026 07:40:07] "GET /api/latest-detections/ HTTP/1.1" 200 121
[27/Aug/2026 07:40:07] "GET /api/latest-detections/ HTTP/1.1" 200 121
[27/Aug/2026 07:40:08] "GET /api/latest-detections/ HTTP/1.1" 200 122
[27/Aug/2026 07:40:08] "GET /api/drone-location/ HTTP/1.1" 200 455
[27/Aug/2026 07:40:08] "GET /api/latest-detections/ HTTP/1.1" 200 122
[27/Aug/2026 07:40:08] "GET /api/start-service/?service=ai HTTP/1.1" 200 166
[27/Aug/2026 07:40:10] "GET /api/latest-detections/ HTTP/1.1" 200 122
[27/Aug/2026 07:40:10] "GET /api/drone-location/ HTTP/1.1" 200 455
[27/Aug/2026 07:40:10] "GET /api/system-status/ HTTP/1.1" 200 480
[27/Aug/2026 07:40:10] "GET /api/latest-detections/ HTTP/1.1" 200 122
[27/Aug/2026 07:40:10] "GET /api/system-status/ HTTP/1.1" 200 480
[27/Aug/2026 07:40:10] "GET /api/latest-detections/ HTTP/1.1" 200 122
[27/Aug/2026 07:40:11] "GET /api/latest-detections/ HTTP/1.1" 200 122
[27/Aug/2026 07:40:11] "GET /api/drone-location/ HTTP/1.1" 200 455
[27/Aug/2026 07:40:11] "GET /api/latest-detections/ HTTP/1.1" 200 122
[27/Aug/2026 07:40:11] "GET /api/latest-detections/ HTTP/1.1" 200 122
[27/Aug/2026 07:40:11] "GET /api/latest-detections/ HTTP/1.1" 200 122
[27/Aug/2026 07:40:12] "GET /api/latest-detections/ HTTP/1.1" 200 122
[27/Aug/2026 07:40:12] "GET /api/drone-location/ HTTP/1.1" 200 455
[27/Aug/2026 07:40:12] "GET /api/system-status/ HTTP/1.1" 200 480
[27/Aug/2026 07:40:12] "GET /api/latest-detections/ HTTP/1.1" 200 122
[27/Aug/2026 07:40:12] "GET /api/latest-detections/ HTTP/1.1" 200 122
[27/Aug/2026 07:40:13] "GET /api/latest-detections/ HTTP/1.1" 200 121
[27/Aug/2026 07:40:14] "GET /api/latest-detections/ HTTP/1.1" 200 122
[27/Aug/2026 07:40:14] "GET /api/drone-location/ HTTP/1.1" 200 455
[27/Aug/2026 07:40:15] "GET /api/latest-detections/ HTTP/1.1" 200 122
[27/Aug/2026 07:40:15] "GET /api/drone-location/ HTTP/1.1" 200 455
[27/Aug/2026 07:40:16] "GET /api/latest-detections/ HTTP/1.1" 200 122
[27/Aug/2026 07:40:16] "GET /api/drone-location/ HTTP/1.1" 200 455
[27/Aug/2026 07:40:16] "GET /api/system-status/ HTTP/1.1" 200 480
[27/Aug/2026 07:40:17] "GET /api/latest-detections/ HTTP/1.1" 200 122
[27/Aug/2026 07:40:17] "GET /api/drone-location/ HTTP/1.1" 200 455
[27/Aug/2026 07:40:18] "GET /api/latest-detections/ HTTP/1.1" 200 122
[27/Aug/2026 07:40:18] "GET /api/drone-location/ HTTP/1.1" 200 455
[27/Aug/2026 07:40:19] "GET /api/latest-detections/ HTTP/1.1" 200 122
[27/Aug/2026 07:40:19] "GET /api/drone-location/ HTTP/1.1" 200 455
[27/Aug/2026 07:40:19] "GET /api/system-status/ HTTP/1.1" 200 480
[27/Aug/2026 07:40:20] "GET /api/latest-detections/ HTTP/1.1" 200 122
[27/Aug/2026 07:40:20] "GET /api/drone-location/ HTTP/1.1" 200 455
[27/Aug/2026 07:40:20] "GET /api/latest-detections/ HTTP/1.1" 200 121
[27/Aug/2026 07:40:20] "GET /api/latest-detections/ HTTP/1.1" 200 121
[27/Aug/2026 07:40:20] "GET /api/latest-detections/ HTTP/1.1" 200 122
[27/Aug/2026 07:40:21] "GET /api/latest-detections/ HTTP/1.1" 200 122
[27/Aug/2026 07:40:21] "GET /api/drone-location/ HTTP/1.1" 200 455
[27/Aug/2026 07:40:21] "GET /api/system-status/ HTTP/1.1" 200 480
[27/Aug/2026 07:40:21] "GET /api/latest-detections/ HTTP/1.1" 200 121
[27/Aug/2026 07:40:21] "GET /api/latest-detections/ HTTP/1.1" 200 122
[27/Aug/2026 07:40:22] "GET /api/latest-detections/ HTTP/1.1" 200 122
[27/Aug/2026 07:40:22] "GET /dashboard/remote-control/ HTTP/1.1" 200 36260
[27/Aug/2026 07:40:22] "GET /api/drone-location/ HTTP/1.1" 200 455
[27/Aug/2026 07:40:42] "GET /dashboard/remote-control/ HTTP/1.1" 200 36260
[27/Aug/2026 07:41:59] "GET /dashboard/remote-control/ HTTP/1.1" 200 36260
[27/Aug/2026 07:42:02] "GET /dji/login/ HTTP/1.1" 200 10986
Not Found: /favicon.ico
[27/Aug/2026 07:42:03] "GET /favicon.ico HTTP/1.1" 404 6772
[27/Aug/2026 07:42:08] "GET /dji/login/ HTTP/1.1" 200 10986
[27/Aug/2026 07:42:12] "GET /dji/login/ HTTP/1.1" 200 10986
Not Found: /favicon.ico
[27/Aug/2026 07:42:12] "GET /favicon.ico HTTP/1.1" 404 6772
[27/Aug/2026 07:42:26] "GET /dashboard/mission/ HTTP/1.1" 200 35507
[27/Aug/2026 07:42:27] "GET /api/system-status/ HTTP/1.1" 200 479
[27/Aug/2026 07:42:27] "GET /api/drone-location/ HTTP/1.1" 200 398
[27/Aug/2026 07:42:27] "GET /api/latest-detections/ HTTP/1.1" 200 122
[27/Aug/2026 07:42:27] "GET /api/latest-detections/ HTTP/1.1" 200 122
[27/Aug/2026 07:42:27] "GET /api/latest-detections/ HTTP/1.1" 200 122
[27/Aug/2026 07:42:27] "GET /api/latest-detections/ HTTP/1.1" 200 122
[27/Aug/2026 07:42:27] "GET /api/drone-location/ HTTP/1.1" 200 398
[27/Aug/2026 07:42:27] "GET /api/latest-detections/ HTTP/1.1" 200 122
[27/Aug/2026 07:42:28] "GET /api/latest-detections/ HTTP/1.1" 200 122
[27/Aug/2026 07:42:28] "GET /api/latest-detections/ HTTP/1.1" 200 122
[27/Aug/2026 07:42:28] "GET /api/drone-location/ HTTP/1.1" 200 399
[27/Aug/2026 07:42:28] "GET /api/latest-detections/ HTTP/1.1" 200 122
[27/Aug/2026 07:42:29] "GET /api/latest-detections/ HTTP/1.1" 200 122
[27/Aug/2026 07:42:29] "GET /api/latest-detections/ HTTP/1.1" 200 122
[27/Aug/2026 07:42:29] "GET /api/latest-detections/ HTTP/1.1" 200 121
[27/Aug/2026 07:42:29] "GET /api/drone-location/ HTTP/1.1" 200 399
[27/Aug/2026 07:42:29] "GET /api/system-status/ HTTP/1.1" 200 479
[27/Aug/2026 07:42:30] "GET /api/latest-detections/ HTTP/1.1" 200 122
[27/Aug/2026 07:42:30] "GET /api/latest-detections/ HTTP/1.1" 200 122
[27/Aug/2026 07:42:30] "GET /api/latest-detections/ HTTP/1.1" 200 121
[27/Aug/2026 07:42:30] "GET /api/drone-location/ HTTP/1.1" 200 399
[27/Aug/2026 07:42:30] "GET /api/latest-detections/ HTTP/1.1" 200 122
[27/Aug/2026 07:42:31] "GET /api/latest-detections/ HTTP/1.1" 200 122
[27/Aug/2026 07:42:31] "GET /api/latest-detections/ HTTP/1.1" 200 122
[27/Aug/2026 07:42:31] "GET /api/drone-location/ HTTP/1.1" 200 399
[27/Aug/2026 07:42:31] "GET /api/latest-detections/ HTTP/1.1" 200 122
[27/Aug/2026 07:42:32] "GET /api/latest-detections/ HTTP/1.1" 200 122
[27/Aug/2026 07:42:32] "GET /api/latest-detections/ HTTP/1.1" 200 121
[27/Aug/2026 07:42:32] "GET /api/latest-detections/ HTTP/1.1" 200 122
[27/Aug/2026 07:42:32] "GET /api/drone-location/ HTTP/1.1" 200 398
[27/Aug/2026 07:42:32] "GET /api/system-status/ HTTP/1.1" 200 479
[27/Aug/2026 07:42:33] "GET /api/latest-detections/ HTTP/1.1" 200 122
[27/Aug/2026 07:42:33] "GET /api/latest-detections/ HTTP/1.1" 200 122
[27/Aug/2026 07:42:33] "GET /api/latest-detections/ HTTP/1.1" 200 122
[27/Aug/2026 07:42:33] "GET /api/drone-location/ HTTP/1.1" 200 398
[27/Aug/2026 07:42:33] "GET /api/latest-detections/ HTTP/1.1" 200 122
[27/Aug/2026 07:42:34] "GET /api/latest-detections/ HTTP/1.1" 200 122
[27/Aug/2026 07:42:34] "GET /api/latest-detections/ HTTP/1.1" 200 122
[27/Aug/2026 07:42:34] "GET /api/drone-location/ HTTP/1.1" 200 399
[27/Aug/2026 07:42:34] "GET /api/latest-detections/ HTTP/1.1" 200 122
[27/Aug/2026 07:42:35] "GET /api/latest-detections/ HTTP/1.1" 200 122
[27/Aug/2026 07:42:35] "GET /api/latest-detections/ HTTP/1.1" 200 122
[27/Aug/2026 07:42:35] "GET /api/latest-detections/ HTTP/1.1" 200 122
[27/Aug/2026 07:42:35] "GET /api/drone-location/ HTTP/1.1" 200 399
[27/Aug/2026 07:42:35] "GET /api/system-status/ HTTP/1.1" 200 479
[27/Aug/2026 07:42:36] "GET /api/latest-detections/ HTTP/1.1" 200 122
[27/Aug/2026 07:42:36] "GET /api/latest-detections/ HTTP/1.1" 200 122
[27/Aug/2026 07:42:36] "GET /api/latest-detections/ HTTP/1.1" 200 122
[27/Aug/2026 07:42:36] "GET /api/drone-location/ HTTP/1.1" 200 399
[27/Aug/2026 07:42:36] "GET /api/latest-detections/ HTTP/1.1" 200 122
[27/Aug/2026 07:42:37] "GET /api/latest-detections/ HTTP/1.1" 200 121
[27/Aug/2026 07:42:37] "GET /api/latest-detections/ HTTP/1.1" 200 122
[27/Aug/2026 07:42:37] "GET /api/drone-location/ HTTP/1.1" 200 399
[27/Aug/2026 07:42:37] "GET /api/latest-detections/ HTTP/1.1" 200 122
[27/Aug/2026 07:42:38] "GET /api/latest-detections/ HTTP/1.1" 200 122
[27/Aug/2026 07:42:38] "GET /api/latest-detections/ HTTP/1.1" 200 121
[27/Aug/2026 07:42:38] "GET /api/latest-detections/ HTTP/1.1" 200 122
[27/Aug/2026 07:42:38] "GET /api/drone-location/ HTTP/1.1" 200 398
[27/Aug/2026 07:42:38] "GET /api/system-status/ HTTP/1.1" 200 479
[27/Aug/2026 07:42:39] "GET /api/latest-detections/ HTTP/1.1" 200 121
[27/Aug/2026 07:42:39] "GET /api/latest-detections/ HTTP/1.1" 200 122
[27/Aug/2026 07:42:39] "GET /api/latest-detections/ HTTP/1.1" 200 121
[27/Aug/2026 07:42:39] "GET /api/drone-location/ HTTP/1.1" 200 398
[27/Aug/2026 07:42:39] "GET /api/latest-detections/ HTTP/1.1" 200 122
[27/Aug/2026 07:42:40] "GET /api/latest-detections/ HTTP/1.1" 200 122
[27/Aug/2026 07:42:40] "GET /api/latest-detections/ HTTP/1.1" 200 122
[27/Aug/2026 07:42:40] "GET /api/drone-location/ HTTP/1.1" 200 398
[27/Aug/2026 07:42:40] "GET /api/latest-detections/ HTTP/1.1" 200 122
[27/Aug/2026 07:42:41] "GET /api/latest-detections/ HTTP/1.1" 200 122
[27/Aug/2026 07:42:41] "GET /api/latest-detections/ HTTP/1.1" 200 122
[27/Aug/2026 07:42:41] "GET /api/latest-detections/ HTTP/1.1" 200 122
[27/Aug/2026 07:42:41] "GET /api/drone-location/ HTTP/1.1" 200 398
[27/Aug/2026 07:42:41] "GET /api/system-status/ HTTP/1.1" 200 479
[27/Aug/2026 07:42:42] "GET /api/latest-detections/ HTTP/1.1" 200 122
[27/Aug/2026 07:42:42] "GET /api/latest-detections/ HTTP/1.1" 200 122
[27/Aug/2026 07:42:42] "GET /api/latest-detections/ HTTP/1.1" 200 122
[27/Aug/2026 07:42:42] "GET /api/drone-location/ HTTP/1.1" 200 399
[27/Aug/2026 07:42:42] "GET /api/latest-detections/ HTTP/1.1" 200 122
[27/Aug/2026 07:42:43] "GET /api/latest-detections/ HTTP/1.1" 200 122
[27/Aug/2026 07:42:43] "GET /api/latest-detections/ HTTP/1.1" 200 122
[27/Aug/2026 07:42:43] "GET /api/drone-location/ HTTP/1.1" 200 399
[27/Aug/2026 07:42:43] "GET /api/latest-detections/ HTTP/1.1" 200 122
[27/Aug/2026 07:42:44] "GET /api/latest-detections/ HTTP/1.1" 200 122
[27/Aug/2026 07:42:44] "GET /api/latest-detections/ HTTP/1.1" 200 122
[27/Aug/2026 07:42:44] "GET /api/latest-detections/ HTTP/1.1" 200 121
[27/Aug/2026 07:42:44] "GET /api/drone-location/ HTTP/1.1" 200 398
[27/Aug/2026 07:42:44] "GET /api/system-status/ HTTP/1.1" 200 479
[27/Aug/2026 07:42:45] "GET /api/latest-detections/ HTTP/1.1" 200 122
[27/Aug/2026 07:42:45] "GET /api/latest-detections/ HTTP/1.1" 200 121
[27/Aug/2026 07:42:45] "GET /api/latest-detections/ HTTP/1.1" 200 122
[27/Aug/2026 07:42:45] "GET /api/drone-location/ HTTP/1.1" 200 398
[27/Aug/2026 07:42:45] "GET /api/latest-detections/ HTTP/1.1" 200 122
[27/Aug/2026 07:42:46] "GET /api/latest-detections/ HTTP/1.1" 200 122
[27/Aug/2026 07:42:46] "GET /api/latest-detections/ HTTP/1.1" 200 122
[27/Aug/2026 07:42:46] "GET /api/drone-location/ HTTP/1.1" 200 398
[27/Aug/2026 07:42:46] "GET /api/latest-detections/ HTTP/1.1" 200 122
[27/Aug/2026 07:42:47] "GET /api/latest-detections/ HTTP/1.1" 200 122
[27/Aug/2026 07:42:47] "GET /api/latest-detections/ HTTP/1.1" 200 122
[27/Aug/2026 07:42:47] "GET /api/drone-location/ HTTP/1.1" 200 398
[27/Aug/2026 07:42:47] "GET /api/latest-detections/ HTTP/1.1" 200 122
[27/Aug/2026 07:42:47] "GET /api/system-status/ HTTP/1.1" 200 479
[27/Aug/2026 07:42:48] "GET /api/latest-detections/ HTTP/1.1" 200 122
[27/Aug/2026 07:42:48] "GET /api/latest-detections/ HTTP/1.1" 200 122
[27/Aug/2026 07:42:48] "GET /api/latest-detections/ HTTP/1.1" 200 122
[27/Aug/2026 07:42:48] "GET /api/drone-location/ HTTP/1.1" 200 395
[27/Aug/2026 07:42:48] "GET /api/latest-detections/ HTTP/1.1" 200 122
[27/Aug/2026 07:42:49] "GET /api/latest-detections/ HTTP/1.1" 200 122
[27/Aug/2026 07:42:49] "GET /api/latest-detections/ HTTP/1.1" 200 122
[27/Aug/2026 07:42:49] "GET /api/drone-location/ HTTP/1.1" 200 395
[27/Aug/2026 07:42:49] "GET /api/latest-detections/ HTTP/1.1" 200 122
[27/Aug/2026 07:42:50] "GET /api/latest-detections/ HTTP/1.1" 200 121
[27/Aug/2026 07:42:50] "GET /api/latest-detections/ HTTP/1.1" 200 122
[27/Aug/2026 07:42:50] "GET /api/latest-detections/ HTTP/1.1" 200 121
[27/Aug/2026 07:42:50] "GET /api/drone-location/ HTTP/1.1" 200 398
[27/Aug/2026 07:42:50] "GET /api/system-status/ HTTP/1.1" 200 479
[27/Aug/2026 07:42:51] "GET /api/latest-detections/ HTTP/1.1" 200 122
[27/Aug/2026 07:42:51] "GET /api/latest-detections/ HTTP/1.1" 200 122
[27/Aug/2026 07:42:51] "GET /api/latest-detections/ HTTP/1.1" 200 122
[27/Aug/2026 07:42:51] "GET /api/drone-location/ HTTP/1.1" 200 398
[27/Aug/2026 07:42:51] "GET /api/latest-detections/ HTTP/1.1" 200 122
[27/Aug/2026 07:42:52] "GET /api/latest-detections/ HTTP/1.1" 200 122
[27/Aug/2026 07:42:52] "GET /api/latest-detections/ HTTP/1.1" 200 122
[27/Aug/2026 07:42:52] "GET /api/drone-location/ HTTP/1.1" 200 395
[27/Aug/2026 07:42:52] "GET /api/latest-detections/ HTTP/1.1" 200 122
[27/Aug/2026 07:42:53] "GET /api/latest-detections/ HTTP/1.1" 200 122
[27/Aug/2026 07:42:53] "GET /api/latest-detections/ HTTP/1.1" 200 122
[27/Aug/2026 07:42:53] "GET /api/latest-detections/ HTTP/1.1" 200 122
[27/Aug/2026 07:42:53] "GET /api/drone-location/ HTTP/1.1" 200 395
[27/Aug/2026 07:42:53] "GET /api/system-status/ HTTP/1.1" 200 479
[27/Aug/2026 07:42:54] "GET /api/latest-detections/ HTTP/1.1" 200 122
[27/Aug/2026 07:42:54] "GET /api/latest-detections/ HTTP/1.1" 200 122
[27/Aug/2026 07:42:54] "GET /api/latest-detections/ HTTP/1.1" 200 122
[27/Aug/2026 07:42:54] "GET /api/drone-location/ HTTP/1.1" 200 398
[27/Aug/2026 07:42:54] "GET /api/latest-detections/ HTTP/1.1" 200 122
[27/Aug/2026 07:42:55] "GET /api/latest-detections/ HTTP/1.1" 200 122
[27/Aug/2026 07:42:55] "GET /api/latest-detections/ HTTP/1.1" 200 122
[27/Aug/2026 07:42:55] "GET /api/drone-location/ HTTP/1.1" 200 398
[27/Aug/2026 07:42:55] "GET /api/latest-detections/ HTTP/1.1" 200 122
[27/Aug/2026 07:42:56] "GET /api/latest-detections/ HTTP/1.1" 200 122
[27/Aug/2026 07:42:56] "GET /api/latest-detections/ HTTP/1.1" 200 122
[27/Aug/2026 07:42:56] "GET /api/latest-detections/ HTTP/1.1" 200 122
[27/Aug/2026 07:42:56] "GET /api/drone-location/ HTTP/1.1" 200 398
[27/Aug/2026 07:42:56] "GET /api/system-status/ HTTP/1.1" 200 479
[27/Aug/2026 07:42:57] "GET /api/latest-detections/ HTTP/1.1" 200 122
[27/Aug/2026 07:42:57] "GET /api/latest-detections/ HTTP/1.1" 200 122
[27/Aug/2026 07:42:57] "GET /api/latest-detections/ HTTP/1.1" 200 122
[27/Aug/2026 07:42:57] "GET /api/drone-location/ HTTP/1.1" 200 398
[27/Aug/2026 07:42:57] "GET /api/latest-detections/ HTTP/1.1" 200 122
[27/Aug/2026 07:42:58] "GET /api/latest-detections/ HTTP/1.1" 200 122
[27/Aug/2026 07:42:58] "GET /api/latest-detections/ HTTP/1.1" 200 121
[27/Aug/2026 07:42:58] "GET /api/drone-location/ HTTP/1.1" 200 398
[27/Aug/2026 07:42:58] "GET /api/latest-detections/ HTTP/1.1" 200 122
[27/Aug/2026 07:42:59] "GET /api/latest-detections/ HTTP/1.1" 200 121
[27/Aug/2026 07:42:59] "GET /api/latest-detections/ HTTP/1.1" 200 122
[27/Aug/2026 07:42:59] "GET /api/latest-detections/ HTTP/1.1" 200 122
[27/Aug/2026 07:42:59] "GET /api/drone-location/ HTTP/1.1" 200 398
[27/Aug/2026 07:42:59] "GET /api/system-status/ HTTP/1.1" 200 479
[27/Aug/2026 07:43:00] "GET /api/latest-detections/ HTTP/1.1" 200 122
[27/Aug/2026 07:43:00] "GET /api/latest-detections/ HTTP/1.1" 200 122
[27/Aug/2026 07:43:00] "GET /api/latest-detections/ HTTP/1.1" 200 122
[27/Aug/2026 07:43:00] "GET /api/drone-location/ HTTP/1.1" 200 399
[27/Aug/2026 07:43:00] "GET /api/latest-detections/ HTTP/1.1" 200 122
[27/Aug/2026 07:43:01] "GET /api/latest-detections/ HTTP/1.1" 200 122
[27/Aug/2026 07:43:01] "GET /api/latest-detections/ HTTP/1.1" 200 122
[27/Aug/2026 07:43:02] "GET /api/latest-detections/ HTTP/1.1" 200 122
[27/Aug/2026 07:43:02] "GET /api/drone-location/ HTTP/1.1" 200 399
[27/Aug/2026 07:43:03] "GET /api/latest-detections/ HTTP/1.1" 200 122
[27/Aug/2026 07:43:03] "GET /api/drone-location/ HTTP/1.1" 200 397
[27/Aug/2026 07:43:03] "GET /api/system-status/ HTTP/1.1" 200 479
[27/Aug/2026 07:43:04] "GET /api/latest-detections/ HTTP/1.1" 200 122
[27/Aug/2026 07:43:04] "GET /api/drone-location/ HTTP/1.1" 200 397
[27/Aug/2026 07:43:05] "GET /api/latest-detections/ HTTP/1.1" 200 122
[27/Aug/2026 07:43:05] "GET /api/drone-location/ HTTP/1.1" 200 399
[27/Aug/2026 07:43:06] "GET /api/latest-detections/ HTTP/1.1" 200 122
[27/Aug/2026 07:43:06] "GET /api/drone-location/ HTTP/1.1" 200 399
[27/Aug/2026 07:43:06] "GET /api/system-status/ HTTP/1.1" 200 479
[27/Aug/2026 07:43:07] "GET /api/latest-detections/ HTTP/1.1" 200 122
[27/Aug/2026 07:43:07] "GET /api/drone-location/ HTTP/1.1" 200 393
[27/Aug/2026 07:43:08] "GET /api/latest-detections/ HTTP/1.1" 200 122
[27/Aug/2026 07:43:08] "GET /api/drone-location/ HTTP/1.1" 200 393
[27/Aug/2026 07:43:09] "GET /api/latest-detections/ HTTP/1.1" 200 122
[27/Aug/2026 07:43:09] "GET /api/drone-location/ HTTP/1.1" 200 399
[27/Aug/2026 07:43:09] "GET /api/system-status/ HTTP/1.1" 200 479
[27/Aug/2026 07:43:10] "GET /api/latest-detections/ HTTP/1.1" 200 122
[27/Aug/2026 07:43:10] "GET /api/drone-location/ HTTP/1.1" 200 399
[27/Aug/2026 07:43:11] "GET /api/latest-detections/ HTTP/1.1" 200 122
[27/Aug/2026 07:43:11] "GET /api/drone-location/ HTTP/1.1" 200 399
[27/Aug/2026 07:43:12] "GET /api/latest-detections/ HTTP/1.1" 200 122
[27/Aug/2026 07:43:12] "GET /api/drone-location/ HTTP/1.1" 200 399
[27/Aug/2026 07:43:12] "GET /api/system-status/ HTTP/1.1" 200 479
[27/Aug/2026 07:43:13] "GET /api/latest-detections/ HTTP/1.1" 200 122
[27/Aug/2026 07:43:13] "GET /api/drone-location/ HTTP/1.1" 200 398
[27/Aug/2026 07:43:14] "GET /api/latest-detections/ HTTP/1.1" 200 122
[27/Aug/2026 07:43:14] "GET /api/drone-location/ HTTP/1.1" 200 398
[27/Aug/2026 07:43:15] "GET /api/latest-detections/ HTTP/1.1" 200 122
[27/Aug/2026 07:43:15] "GET /api/drone-location/ HTTP/1.1" 200 399
[27/Aug/2026 07:43:15] "GET /api/system-status/ HTTP/1.1" 200 479
[27/Aug/2026 07:43:16] "GET /api/latest-detections/ HTTP/1.1" 200 122
[27/Aug/2026 07:43:16] "GET /api/drone-location/ HTTP/1.1" 200 399
[27/Aug/2026 07:43:17] "GET /api/latest-detections/ HTTP/1.1" 200 122
[27/Aug/2026 07:43:17] "GET /api/drone-location/ HTTP/1.1" 200 399
[27/Aug/2026 07:43:18] "GET /api/latest-detections/ HTTP/1.1" 200 122
[27/Aug/2026 07:43:18] "GET /api/drone-location/ HTTP/1.1" 200 399
[27/Aug/2026 07:43:18] "GET /api/system-status/ HTTP/1.1" 200 479
[27/Aug/2026 07:43:19] "GET /api/latest-detections/ HTTP/1.1" 200 122
[27/Aug/2026 07:43:19] "GET /api/drone-location/ HTTP/1.1" 200 399
[27/Aug/2026 07:43:20] "GET /api/latest-detections/ HTTP/1.1" 200 122
[27/Aug/2026 07:43:20] "GET /api/drone-location/ HTTP/1.1" 200 399
[27/Aug/2026 07:43:21] "GET /api/latest-detections/ HTTP/1.1" 200 122
[27/Aug/2026 07:43:21] "GET /api/drone-location/ HTTP/1.1" 200 399
[27/Aug/2026 07:43:21] "GET /api/system-status/ HTTP/1.1" 200 479
[27/Aug/2026 07:43:22] "GET /api/latest-detections/ HTTP/1.1" 200 122
[27/Aug/2026 07:43:22] "GET /api/drone-location/ HTTP/1.1" 200 399
[27/Aug/2026 07:43:23] "GET /api/latest-detections/ HTTP/1.1" 200 122
[27/Aug/2026 07:43:23] "GET /api/drone-location/ HTTP/1.1" 200 398
[27/Aug/2026 07:43:24] "GET /api/latest-detections/ HTTP/1.1" 200 122
[27/Aug/2026 07:43:24] "GET /api/drone-location/ HTTP/1.1" 200 398
[27/Aug/2026 07:43:24] "GET /api/system-status/ HTTP/1.1" 200 479
[27/Aug/2026 07:43:25] "GET /api/latest-detections/ HTTP/1.1" 200 122
[27/Aug/2026 07:43:25] "GET /api/drone-location/ HTTP/1.1" 200 399
[27/Aug/2026 07:43:26] "GET /api/latest-detections/ HTTP/1.1" 200 122
[27/Aug/2026 07:43:26] "GET /api/drone-location/ HTTP/1.1" 200 399
[27/Aug/2026 07:43:27] "GET /api/latest-detections/ HTTP/1.1" 200 122
[27/Aug/2026 07:43:27] "GET /api/drone-location/ HTTP/1.1" 200 399
[27/Aug/2026 07:43:27] "GET /api/system-status/ HTTP/1.1" 200 479
[27/Aug/2026 07:43:28] "GET /api/latest-detections/ HTTP/1.1" 200 122
[27/Aug/2026 07:43:28] "GET /api/drone-location/ HTTP/1.1" 200 399
[27/Aug/2026 07:43:29] "GET /api/latest-detections/ HTTP/1.1" 200 122
[27/Aug/2026 07:43:29] "GET /api/drone-location/ HTTP/1.1" 200 398
[27/Aug/2026 07:43:30] "GET /api/latest-detections/ HTTP/1.1" 200 122
[27/Aug/2026 07:43:30] "GET /api/drone-location/ HTTP/1.1" 200 398
[27/Aug/2026 07:43:30] "GET /api/system-status/ HTTP/1.1" 200 479
[27/Aug/2026 07:43:31] "GET /api/latest-detections/ HTTP/1.1" 200 122
[27/Aug/2026 07:43:31] "GET /api/drone-location/ HTTP/1.1" 200 398
[27/Aug/2026 07:43:32] "GET /api/latest-detections/ HTTP/1.1" 200 122
[27/Aug/2026 07:43:32] "GET /api/drone-location/ HTTP/1.1" 200 398
[27/Aug/2026 07:43:33] "GET /api/latest-detections/ HTTP/1.1" 200 122
[27/Aug/2026 07:43:33] "GET /api/drone-location/ HTTP/1.1" 200 398
[27/Aug/2026 07:43:33] "GET /api/system-status/ HTTP/1.1" 200 479
[27/Aug/2026 07:43:34] "GET /api/latest-detections/ HTTP/1.1" 200 122
[27/Aug/2026 07:43:34] "GET /api/drone-location/ HTTP/1.1" 200 398
[27/Aug/2026 07:43:35] "GET /api/latest-detections/ HTTP/1.1" 200 122
[27/Aug/2026 07:43:35] "GET /api/drone-location/ HTTP/1.1" 200 399
[27/Aug/2026 07:43:36] "GET /api/latest-detections/ HTTP/1.1" 200 122
[27/Aug/2026 07:43:36] "GET /api/drone-location/ HTTP/1.1" 200 399
[27/Aug/2026 07:43:36] "GET /api/system-status/ HTTP/1.1" 200 479
[27/Aug/2026 07:43:37] "GET /api/latest-detections/ HTTP/1.1" 200 122
[27/Aug/2026 07:43:37] "GET /api/drone-location/ HTTP/1.1" 200 394
[27/Aug/2026 07:43:38] "GET /api/latest-detections/ HTTP/1.1" 200 122
[27/Aug/2026 07:43:38] "GET /api/drone-location/ HTTP/1.1" 200 394
[27/Aug/2026 07:43:39] "GET /api/latest-detections/ HTTP/1.1" 200 122
[27/Aug/2026 07:43:39] "GET /api/drone-location/ HTTP/1.1" 200 398
[27/Aug/2026 07:43:39] "GET /api/system-status/ HTTP/1.1" 200 479
[27/Aug/2026 07:43:40] "GET /api/latest-detections/ HTTP/1.1" 200 122
[27/Aug/2026 07:43:40] "GET /api/drone-location/ HTTP/1.1" 200 398
[27/Aug/2026 07:43:41] "GET /api/latest-detections/ HTTP/1.1" 200 122
[27/Aug/2026 07:43:41] "GET /api/drone-location/ HTTP/1.1" 200 399
[27/Aug/2026 07:43:42] "GET /api/latest-detections/ HTTP/1.1" 200 122
[27/Aug/2026 07:43:42] "GET /api/drone-location/ HTTP/1.1" 200 399
[27/Aug/2026 07:43:42] "GET /api/system-status/ HTTP/1.1" 200 479
[27/Aug/2026 07:43:42] "GET /api/latest-detections/ HTTP/1.1" 200 122
[27/Aug/2026 07:43:42] "GET /api/drone-location/ HTTP/1.1" 200 399
[27/Aug/2026 07:43:42] "GET /api/latest-detections/ HTTP/1.1" 200 122
[27/Aug/2026 07:43:43] "GET /api/latest-detections/ HTTP/1.1" 200 122
[27/Aug/2026 07:43:43] "GET /api/latest-detections/ HTTP/1.1" 200 122
[27/Aug/2026 07:43:43] "GET /api/drone-location/ HTTP/1.1" 200 399
[27/Aug/2026 07:43:43] "GET /api/latest-detections/ HTTP/1.1" 200 122
[27/Aug/2026 07:43:44] "GET /api/latest-detections/ HTTP/1.1" 200 122
[27/Aug/2026 07:43:44] "GET /api/latest-detections/ HTTP/1.1" 200 122
[27/Aug/2026 07:43:44] "GET /api/latest-detections/ HTTP/1.1" 200 122
[27/Aug/2026 07:43:44] "GET /api/drone-location/ HTTP/1.1" 200 399
[27/Aug/2026 07:43:44] "GET /api/system-status/ HTTP/1.1" 200 479
[27/Aug/2026 07:43:45] "GET /api/latest-detections/ HTTP/1.1" 200 122
[27/Aug/2026 07:43:45] "GET /api/latest-detections/ HTTP/1.1" 200 122
[27/Aug/2026 07:43:45] "GET /api/latest-detections/ HTTP/1.1" 200 122
[27/Aug/2026 07:43:45] "GET /api/drone-location/ HTTP/1.1" 200 399
[27/Aug/2026 07:43:45] "GET /api/latest-detections/ HTTP/1.1" 200 122
[27/Aug/2026 07:43:46] "GET /api/latest-detections/ HTTP/1.1" 200 122
[27/Aug/2026 07:43:46] "GET /api/latest-detections/ HTTP/1.1" 200 122
[27/Aug/2026 07:43:46] "GET /api/drone-location/ HTTP/1.1" 200 399
[27/Aug/2026 07:43:46] "GET /api/latest-detections/ HTTP/1.1" 200 122
[27/Aug/2026 07:43:47] "GET /api/latest-detections/ HTTP/1.1" 200 122
[27/Aug/2026 07:43:47] "GET /api/latest-detections/ HTTP/1.1" 200 122
[27/Aug/2026 07:43:47] "GET /api/latest-detections/ HTTP/1.1" 200 122
[27/Aug/2026 07:43:47] "GET /api/drone-location/ HTTP/1.1" 200 399
[27/Aug/2026 07:43:47] "GET /api/system-status/ HTTP/1.1" 200 479
[27/Aug/2026 07:43:48] "GET /api/latest-detections/ HTTP/1.1" 200 122
[27/Aug/2026 07:43:48] "GET /api/latest-detections/ HTTP/1.1" 200 122
[27/Aug/2026 07:43:48] "GET /api/latest-detections/ HTTP/1.1" 200 122
[27/Aug/2026 07:43:48] "GET /api/drone-location/ HTTP/1.1" 200 399
[27/Aug/2026 07:43:48] "GET /api/latest-detections/ HTTP/1.1" 200 122
[27/Aug/2026 07:43:49] "GET /api/latest-detections/ HTTP/1.1" 200 122
[27/Aug/2026 07:43:49] "GET /api/latest-detections/ HTTP/1.1" 200 122
[27/Aug/2026 07:43:49] "GET /api/drone-location/ HTTP/1.1" 200 399
[27/Aug/2026 07:43:49] "GET /api/latest-detections/ HTTP/1.1" 200 122
[27/Aug/2026 07:43:50] "GET /api/latest-detections/ HTTP/1.1" 200 122
[27/Aug/2026 07:43:50] "GET /api/latest-detections/ HTTP/1.1" 200 122
[27/Aug/2026 07:43:50] "GET /api/latest-detections/ HTTP/1.1" 200 122
[27/Aug/2026 07:43:50] "GET /api/drone-location/ HTTP/1.1" 200 399
[27/Aug/2026 07:43:50] "GET /api/system-status/ HTTP/1.1" 200 479
[27/Aug/2026 07:43:51] "GET /api/latest-detections/ HTTP/1.1" 200 122
[27/Aug/2026 07:43:51] "GET /api/latest-detections/ HTTP/1.1" 200 122
[27/Aug/2026 07:43:51] "GET /api/latest-detections/ HTTP/1.1" 200 122
[27/Aug/2026 07:43:51] "GET /api/drone-location/ HTTP/1.1" 200 399
[27/Aug/2026 07:43:51] "GET /api/latest-detections/ HTTP/1.1" 200 122
[27/Aug/2026 07:43:52] "GET /api/latest-detections/ HTTP/1.1" 200 122
[27/Aug/2026 07:43:52] "GET /api/latest-detections/ HTTP/1.1" 200 122
[27/Aug/2026 07:43:52] "GET /api/drone-location/ HTTP/1.1" 200 399
[27/Aug/2026 07:43:52] "GET /api/latest-detections/ HTTP/1.1" 200 122
[27/Aug/2026 07:43:53] "GET /api/latest-detections/ HTTP/1.1" 200 122
[27/Aug/2026 07:43:53] "GET /api/latest-detections/ HTTP/1.1" 200 122
[27/Aug/2026 07:43:53] "GET /api/latest-detections/ HTTP/1.1" 200 122
[27/Aug/2026 07:43:53] "GET /api/drone-location/ HTTP/1.1" 200 399
[27/Aug/2026 07:43:53] "GET /api/system-status/ HTTP/1.1" 200 479
[27/Aug/2026 07:43:54] "GET /api/latest-detections/ HTTP/1.1" 200 122
[27/Aug/2026 07:43:54] "GET /api/latest-detections/ HTTP/1.1" 200 122
[27/Aug/2026 07:43:54] "GET /api/latest-detections/ HTTP/1.1" 200 122
[27/Aug/2026 07:43:54] "GET /api/drone-location/ HTTP/1.1" 200 399
[27/Aug/2026 07:43:54] "GET /api/latest-detections/ HTTP/1.1" 200 122
[27/Aug/2026 07:43:55] "GET /api/latest-detections/ HTTP/1.1" 200 122
[27/Aug/2026 07:43:55] "GET /api/latest-detections/ HTTP/1.1" 200 122
[27/Aug/2026 07:43:55] "GET /api/drone-location/ HTTP/1.1" 200 399
[27/Aug/2026 07:43:55] "GET /api/latest-detections/ HTTP/1.1" 200 122
[27/Aug/2026 07:43:56] "GET /api/latest-detections/ HTTP/1.1" 200 122
[27/Aug/2026 07:43:56] "GET /api/latest-detections/ HTTP/1.1" 200 122
[27/Aug/2026 07:43:56] "GET /api/latest-detections/ HTTP/1.1" 200 122
[27/Aug/2026 07:43:56] "GET /api/drone-location/ HTTP/1.1" 200 399
[27/Aug/2026 07:43:56] "GET /api/system-status/ HTTP/1.1" 200 479
[27/Aug/2026 07:43:57] "GET /api/latest-detections/ HTTP/1.1" 200 122
[27/Aug/2026 07:43:57] "GET /api/latest-detections/ HTTP/1.1" 200 122
[27/Aug/2026 07:43:57] "GET /api/latest-detections/ HTTP/1.1" 200 122
[27/Aug/2026 07:43:57] "GET /api/drone-location/ HTTP/1.1" 200 399
[27/Aug/2026 07:43:57] "GET /api/latest-detections/ HTTP/1.1" 200 122
[27/Aug/2026 07:43:58] "GET /api/latest-detections/ HTTP/1.1" 200 122
[27/Aug/2026 07:43:58] "GET /api/latest-detections/ HTTP/1.1" 200 122
[27/Aug/2026 07:43:58] "GET /api/drone-location/ HTTP/1.1" 200 398
[27/Aug/2026 07:43:58] "GET /api/latest-detections/ HTTP/1.1" 200 122
[27/Aug/2026 07:43:59] "GET /api/latest-detections/ HTTP/1.1" 200 122
[27/Aug/2026 07:43:59] "GET /api/latest-detections/ HTTP/1.1" 200 122
[27/Aug/2026 07:43:59] "GET /api/latest-detections/ HTTP/1.1" 200 122
[27/Aug/2026 07:43:59] "GET /api/drone-location/ HTTP/1.1" 200 398
[27/Aug/2026 07:43:59] "GET /api/system-status/ HTTP/1.1" 200 479
[27/Aug/2026 07:44:00] "GET /api/latest-detections/ HTTP/1.1" 200 122
[27/Aug/2026 07:44:00] "GET /api/latest-detections/ HTTP/1.1" 200 122
[27/Aug/2026 07:44:00] "GET /api/latest-detections/ HTTP/1.1" 200 122
[27/Aug/2026 07:44:00] "GET /api/drone-location/ HTTP/1.1" 200 398
[27/Aug/2026 07:44:00] "GET /api/latest-detections/ HTTP/1.1" 200 122
[27/Aug/2026 07:44:01] "GET /api/latest-detections/ HTTP/1.1" 200 122
[27/Aug/2026 07:44:01] "GET /api/latest-detections/ HTTP/1.1" 200 122
[27/Aug/2026 07:44:01] "GET /api/drone-location/ HTTP/1.1" 200 398
[27/Aug/2026 07:44:01] "GET /api/latest-detections/ HTTP/1.1" 200 122
[27/Aug/2026 07:44:02] "GET /api/latest-detections/ HTTP/1.1" 200 122
[27/Aug/2026 07:44:02] "GET /api/latest-detections/ HTTP/1.1" 200 122
[27/Aug/2026 07:44:02] "GET /api/latest-detections/ HTTP/1.1" 200 122
[27/Aug/2026 07:44:02] "GET /api/drone-location/ HTTP/1.1" 200 399
[27/Aug/2026 07:44:02] "GET /api/system-status/ HTTP/1.1" 200 479
[27/Aug/2026 07:44:03] "GET /api/latest-detections/ HTTP/1.1" 200 122
[27/Aug/2026 07:44:03] "GET /api/latest-detections/ HTTP/1.1" 200 122
[27/Aug/2026 07:44:03] "GET /api/latest-detections/ HTTP/1.1" 200 121
[27/Aug/2026 07:44:03] "GET /api/drone-location/ HTTP/1.1" 200 399
[27/Aug/2026 07:44:03] "GET /api/latest-detections/ HTTP/1.1" 200 122
[27/Aug/2026 07:44:04] "GET /api/latest-detections/ HTTP/1.1" 200 122
[27/Aug/2026 07:44:04] "GET /api/latest-detections/ HTTP/1.1" 200 122
[27/Aug/2026 07:44:04] "GET /api/drone-location/ HTTP/1.1" 200 398
[27/Aug/2026 07:44:04] "GET /api/latest-detections/ HTTP/1.1" 200 121
[27/Aug/2026 07:44:05] "GET /api/latest-detections/ HTTP/1.1" 200 122
[27/Aug/2026 07:44:05] "GET /api/latest-detections/ HTTP/1.1" 200 122
[27/Aug/2026 07:44:05] "GET /api/drone-location/ HTTP/1.1" 200 398
[27/Aug/2026 07:44:05] "GET /api/latest-detections/ HTTP/1.1" 200 121
[27/Aug/2026 07:44:05] "GET /api/system-status/ HTTP/1.1" 200 479
[27/Aug/2026 07:44:06] "GET /api/latest-detections/ HTTP/1.1" 200 121
[27/Aug/2026 07:44:06] "GET /api/latest-detections/ HTTP/1.1" 200 122
[27/Aug/2026 07:44:06] "GET /api/latest-detections/ HTTP/1.1" 200 122
[27/Aug/2026 07:44:06] "GET /api/drone-location/ HTTP/1.1" 200 398
[27/Aug/2026 07:44:06] "GET /api/latest-detections/ HTTP/1.1" 200 122
[27/Aug/2026 07:44:07] "GET /api/latest-detections/ HTTP/1.1" 200 122
[27/Aug/2026 07:44:07] "GET /api/latest-detections/ HTTP/1.1" 200 122
[27/Aug/2026 07:44:07] "GET /api/drone-location/ HTTP/1.1" 200 398
[27/Aug/2026 07:44:07] "GET /api/latest-detections/ HTTP/1.1" 200 122
[27/Aug/2026 07:44:08] "GET /api/latest-detections/ HTTP/1.1" 200 122
[27/Aug/2026 07:44:08] "GET /api/latest-detections/ HTTP/1.1" 200 122
[27/Aug/2026 07:44:08] "GET /api/latest-detections/ HTTP/1.1" 200 122
[27/Aug/2026 07:44:08] "GET /api/drone-location/ HTTP/1.1" 200 399
[27/Aug/2026 07:44:08] "GET /api/system-status/ HTTP/1.1" 200 479
[27/Aug/2026 07:44:09] "GET /api/latest-detections/ HTTP/1.1" 200 122
[27/Aug/2026 07:44:09] "GET /api/latest-detections/ HTTP/1.1" 200 121
[27/Aug/2026 07:44:09] "GET /api/latest-detections/ HTTP/1.1" 200 122
[27/Aug/2026 07:44:09] "GET /api/drone-location/ HTTP/1.1" 200 399
[27/Aug/2026 07:44:09] "GET /api/latest-detections/ HTTP/1.1" 200 122
[27/Aug/2026 07:44:10] "GET /api/latest-detections/ HTTP/1.1" 200 122
[27/Aug/2026 07:44:10] "GET /api/latest-detections/ HTTP/1.1" 200 122
[27/Aug/2026 07:44:10] "GET /api/drone-location/ HTTP/1.1" 200 399
[27/Aug/2026 07:44:10] "GET /api/latest-detections/ HTTP/1.1" 200 122
[27/Aug/2026 07:44:11] "GET /api/latest-detections/ HTTP/1.1" 200 122
[27/Aug/2026 07:44:11] "GET /api/latest-detections/ HTTP/1.1" 200 122
[27/Aug/2026 07:44:11] "GET /api/latest-detections/ HTTP/1.1" 200 122
[27/Aug/2026 07:44:11] "GET /api/drone-location/ HTTP/1.1" 200 399
[27/Aug/2026 07:44:11] "GET /api/system-status/ HTTP/1.1" 200 479
[27/Aug/2026 07:44:12] "GET /api/latest-detections/ HTTP/1.1" 200 122
[27/Aug/2026 07:44:12] "GET /api/latest-detections/ HTTP/1.1" 200 122
[27/Aug/2026 07:44:12] "GET /api/latest-detections/ HTTP/1.1" 200 122
[27/Aug/2026 07:44:12] "GET /api/drone-location/ HTTP/1.1" 200 398
[27/Aug/2026 07:44:12] "GET /api/latest-detections/ HTTP/1.1" 200 122
[27/Aug/2026 07:44:13] "GET /api/latest-detections/ HTTP/1.1" 200 122
[27/Aug/2026 07:44:13] "GET /api/latest-detections/ HTTP/1.1" 200 122
[27/Aug/2026 07:44:13] "GET /api/drone-location/ HTTP/1.1" 200 398
[27/Aug/2026 07:44:13] "GET /api/latest-detections/ HTTP/1.1" 200 122
[27/Aug/2026 07:44:14] "GET /api/latest-detections/ HTTP/1.1" 200 121
[27/Aug/2026 07:44:14] "GET /api/latest-detections/ HTTP/1.1" 200 122
[27/Aug/2026 07:44:14] "GET /api/latest-detections/ HTTP/1.1" 200 122
[27/Aug/2026 07:44:14] "GET /api/drone-location/ HTTP/1.1" 200 399
[27/Aug/2026 07:44:14] "GET /api/system-status/ HTTP/1.1" 200 479
[27/Aug/2026 07:44:15] "GET /api/latest-detections/ HTTP/1.1" 200 122
[27/Aug/2026 07:44:15] "GET /api/latest-detections/ HTTP/1.1" 200 122
[27/Aug/2026 07:44:15] "GET /api/latest-detections/ HTTP/1.1" 200 122
[27/Aug/2026 07:44:15] "GET /api/drone-location/ HTTP/1.1" 200 399
[27/Aug/2026 07:44:15] "GET /api/latest-detections/ HTTP/1.1" 200 122
[27/Aug/2026 07:44:16] "GET /api/latest-detections/ HTTP/1.1" 200 122
[27/Aug/2026 07:44:16] "GET /api/latest-detections/ HTTP/1.1" 200 122
[27/Aug/2026 07:44:16] "GET /api/drone-location/ HTTP/1.1" 200 398
[27/Aug/2026 07:44:16] "GET /api/latest-detections/ HTTP/1.1" 200 122
[27/Aug/2026 07:44:17] "GET /api/latest-detections/ HTTP/1.1" 200 122
[27/Aug/2026 07:44:17] "GET /api/latest-detections/ HTTP/1.1" 200 122
[27/Aug/2026 07:44:17] "GET /api/latest-detections/ HTTP/1.1" 200 121
[27/Aug/2026 07:44:17] "GET /api/drone-location/ HTTP/1.1" 200 398
[27/Aug/2026 07:44:17] "GET /api/system-status/ HTTP/1.1" 200 479
[27/Aug/2026 07:44:18] "GET /api/latest-detections/ HTTP/1.1" 200 122
[27/Aug/2026 07:44:18] "GET /api/latest-detections/ HTTP/1.1" 200 122
[27/Aug/2026 07:44:18] "GET /api/latest-detections/ HTTP/1.1" 200 122
[27/Aug/2026 07:44:18] "GET /api/drone-location/ HTTP/1.1" 200 398
[27/Aug/2026 07:44:18] "GET /api/latest-detections/ HTTP/1.1" 200 122
[27/Aug/2026 07:44:19] "GET /api/latest-detections/ HTTP/1.1" 200 122
[27/Aug/2026 07:44:19] "GET /api/latest-detections/ HTTP/1.1" 200 122
[27/Aug/2026 07:44:19] "GET /api/drone-location/ HTTP/1.1" 200 398
[27/Aug/2026 07:44:19] "GET /api/latest-detections/ HTTP/1.1" 200 122
[27/Aug/2026 07:44:20] "GET /api/latest-detections/ HTTP/1.1" 200 122
[27/Aug/2026 07:44:20] "GET /api/latest-detections/ HTTP/1.1" 200 122
[27/Aug/2026 07:44:20] "GET /api/latest-detections/ HTTP/1.1" 200 122
[27/Aug/2026 07:44:20] "GET /api/drone-location/ HTTP/1.1" 200 399
[27/Aug/2026 07:44:20] "GET /api/system-status/ HTTP/1.1" 200 479
[27/Aug/2026 07:44:21] "GET /api/latest-detections/ HTTP/1.1" 200 122
[27/Aug/2026 07:44:21] "GET /api/latest-detections/ HTTP/1.1" 200 122
[27/Aug/2026 07:44:21] "GET /api/latest-detections/ HTTP/1.1" 200 122
[27/Aug/2026 07:44:21] "GET /api/drone-location/ HTTP/1.1" 200 399
[27/Aug/2026 07:44:21] "GET /api/latest-detections/ HTTP/1.1" 200 122
[27/Aug/2026 07:44:22] "GET /api/latest-detections/ HTTP/1.1" 200 122
[27/Aug/2026 07:44:22] "GET /api/latest-detections/ HTTP/1.1" 200 122
[27/Aug/2026 07:44:22] "GET /api/drone-location/ HTTP/1.1" 200 398
[27/Aug/2026 07:44:22] "GET /api/latest-detections/ HTTP/1.1" 200 122
[27/Aug/2026 07:44:23] "GET /api/latest-detections/ HTTP/1.1" 200 122
[27/Aug/2026 07:44:23] "GET /api/latest-detections/ HTTP/1.1" 200 122
[27/Aug/2026 07:44:23] "GET /api/latest-detections/ HTTP/1.1" 200 122
[27/Aug/2026 07:44:23] "GET /api/drone-location/ HTTP/1.1" 200 398
[27/Aug/2026 07:44:23] "GET /api/system-status/ HTTP/1.1" 200 479
[27/Aug/2026 07:44:24] "GET /api/latest-detections/ HTTP/1.1" 200 122
[27/Aug/2026 07:44:24] "GET /api/latest-detections/ HTTP/1.1" 200 122
[27/Aug/2026 07:44:24] "GET /api/latest-detections/ HTTP/1.1" 200 122
[27/Aug/2026 07:44:24] "GET /api/drone-location/ HTTP/1.1" 200 399
[27/Aug/2026 07:44:24] "GET /api/latest-detections/ HTTP/1.1" 200 122
[27/Aug/2026 07:44:25] "GET /api/latest-detections/ HTTP/1.1" 200 122
[27/Aug/2026 07:44:25] "GET /api/latest-detections/ HTTP/1.1" 200 122
[27/Aug/2026 07:44:25] "GET /api/drone-location/ HTTP/1.1" 200 399
[27/Aug/2026 07:44:25] "GET /api/latest-detections/ HTTP/1.1" 200 122
[27/Aug/2026 07:44:26] "GET /api/latest-detections/ HTTP/1.1" 200 122
[27/Aug/2026 07:44:26] "GET /api/latest-detections/ HTTP/1.1" 200 122
[27/Aug/2026 07:44:26] "GET /api/latest-detections/ HTTP/1.1" 200 122
[27/Aug/2026 07:44:26] "GET /api/drone-location/ HTTP/1.1" 200 399
[27/Aug/2026 07:44:26] "GET /api/system-status/ HTTP/1.1" 200 479
[27/Aug/2026 07:44:27] "GET /api/latest-detections/ HTTP/1.1" 200 122
[27/Aug/2026 07:44:27] "GET /api/latest-detections/ HTTP/1.1" 200 122
[27/Aug/2026 07:44:27] "GET /api/latest-detections/ HTTP/1.1" 200 122
[27/Aug/2026 07:44:27] "GET /api/drone-location/ HTTP/1.1" 200 399
[27/Aug/2026 07:44:27] "GET /api/latest-detections/ HTTP/1.1" 200 122
[27/Aug/2026 07:44:28] "GET /api/latest-detections/ HTTP/1.1" 200 122
[27/Aug/2026 07:44:28] "GET /api/latest-detections/ HTTP/1.1" 200 122
[27/Aug/2026 07:44:28] "GET /api/drone-location/ HTTP/1.1" 200 399
[27/Aug/2026 07:44:28] "GET /api/latest-detections/ HTTP/1.1" 200 122
[27/Aug/2026 07:44:29] "GET /api/latest-detections/ HTTP/1.1" 200 122
[27/Aug/2026 07:44:29] "GET /api/latest-detections/ HTTP/1.1" 200 122
[27/Aug/2026 07:44:29] "GET /api/drone-location/ HTTP/1.1" 200 399
[27/Aug/2026 07:44:29] "GET /api/latest-detections/ HTTP/1.1" 200 122
[27/Aug/2026 07:44:29] "GET /api/system-status/ HTTP/1.1" 200 479
[27/Aug/2026 07:44:30] "GET /api/latest-detections/ HTTP/1.1" 200 122
[27/Aug/2026 07:44:30] "GET /api/latest-detections/ HTTP/1.1" 200 122
[27/Aug/2026 07:44:30] "GET /api/latest-detections/ HTTP/1.1" 200 122
[27/Aug/2026 07:44:30] "GET /api/drone-location/ HTTP/1.1" 200 399
[27/Aug/2026 07:44:30] "GET /api/latest-detections/ HTTP/1.1" 200 122
[27/Aug/2026 07:44:31] "GET /api/latest-detections/ HTTP/1.1" 200 122
[27/Aug/2026 07:44:31] "GET /api/latest-detections/ HTTP/1.1" 200 122
[27/Aug/2026 07:44:31] "GET /api/drone-location/ HTTP/1.1" 200 399
[27/Aug/2026 07:44:31] "GET /api/latest-detections/ HTTP/1.1" 200 122
[27/Aug/2026 07:44:32] "GET /api/latest-detections/ HTTP/1.1" 200 122
[27/Aug/2026 07:44:32] "GET /api/latest-detections/ HTTP/1.1" 200 122
[27/Aug/2026 07:44:32] "GET /api/latest-detections/ HTTP/1.1" 200 122
[27/Aug/2026 07:44:32] "GET /api/drone-location/ HTTP/1.1" 200 398
[27/Aug/2026 07:44:32] "GET /api/system-status/ HTTP/1.1" 200 479
[27/Aug/2026 07:44:33] "GET /api/latest-detections/ HTTP/1.1" 200 122
[27/Aug/2026 07:44:33] "GET /api/latest-detections/ HTTP/1.1" 200 122
[27/Aug/2026 07:44:33] "GET /api/latest-detections/ HTTP/1.1" 200 122
[27/Aug/2026 07:44:33] "GET /api/drone-location/ HTTP/1.1" 200 398
[27/Aug/2026 07:44:33] "GET /api/latest-detections/ HTTP/1.1" 200 122
[27/Aug/2026 07:44:34] "GET /api/latest-detections/ HTTP/1.1" 200 122
[27/Aug/2026 07:44:34] "GET /api/latest-detections/ HTTP/1.1" 200 121
[27/Aug/2026 07:44:34] "GET /api/drone-location/ HTTP/1.1" 200 398
[27/Aug/2026 07:44:34] "GET /api/latest-detections/ HTTP/1.1" 200 122
[27/Aug/2026 07:44:35] "GET /api/latest-detections/ HTTP/1.1" 200 122
[27/Aug/2026 07:44:35] "GET /api/latest-detections/ HTTP/1.1" 200 122
[27/Aug/2026 07:44:35] "GET /api/latest-detections/ HTTP/1.1" 200 122
[27/Aug/2026 07:44:35] "GET /api/drone-location/ HTTP/1.1" 200 398
[27/Aug/2026 07:44:35] "GET /api/system-status/ HTTP/1.1" 200 479
[27/Aug/2026 07:44:36] "GET /api/latest-detections/ HTTP/1.1" 200 122
[27/Aug/2026 07:44:36] "GET /api/latest-detections/ HTTP/1.1" 200 122
[27/Aug/2026 07:44:36] "GET /api/latest-detections/ HTTP/1.1" 200 122
[27/Aug/2026 07:44:36] "GET /api/drone-location/ HTTP/1.1" 200 398
[27/Aug/2026 07:44:36] "GET /api/latest-detections/ HTTP/1.1" 200 122
[27/Aug/2026 07:44:37] "GET /api/latest-detections/ HTTP/1.1" 200 122
[27/Aug/2026 07:44:37] "GET /api/latest-detections/ HTTP/1.1" 200 122
[27/Aug/2026 07:44:37] "GET /api/drone-location/ HTTP/1.1" 200 399
[27/Aug/2026 07:44:37] "GET /api/latest-detections/ HTTP/1.1" 200 122
[27/Aug/2026 07:44:38] "GET /api/latest-detections/ HTTP/1.1" 200 122
[27/Aug/2026 07:44:38] "GET /api/latest-detections/ HTTP/1.1" 200 122
[27/Aug/2026 07:44:38] "GET /api/latest-detections/ HTTP/1.1" 200 122
[27/Aug/2026 07:44:38] "GET /api/drone-location/ HTTP/1.1" 200 399
[27/Aug/2026 07:44:38] "GET /api/system-status/ HTTP/1.1" 200 479
[27/Aug/2026 07:44:39] "GET /api/latest-detections/ HTTP/1.1" 200 122
[27/Aug/2026 07:44:39] "GET /api/latest-detections/ HTTP/1.1" 200 122
[27/Aug/2026 07:44:39] "GET /api/latest-detections/ HTTP/1.1" 200 122
[27/Aug/2026 07:44:39] "GET /api/drone-location/ HTTP/1.1" 200 399
[27/Aug/2026 07:44:39] "GET /api/latest-detections/ HTTP/1.1" 200 122
[27/Aug/2026 07:44:40] "GET /api/latest-detections/ HTTP/1.1" 200 122
[27/Aug/2026 07:44:40] "GET /api/latest-detections/ HTTP/1.1" 200 122
[27/Aug/2026 07:44:40] "GET /api/drone-location/ HTTP/1.1" 200 398
[27/Aug/2026 07:44:40] "GET /api/latest-detections/ HTTP/1.1" 200 122
[27/Aug/2026 07:44:41] "GET /api/latest-detections/ HTTP/1.1" 200 122
[27/Aug/2026 07:44:41] "GET /api/latest-detections/ HTTP/1.1" 200 122
[27/Aug/2026 07:44:41] "GET /api/latest-detections/ HTTP/1.1" 200 122
[27/Aug/2026 07:44:41] "GET /api/drone-location/ HTTP/1.1" 200 398
[27/Aug/2026 07:44:42] "GET /api/system-status/ HTTP/1.1" 200 479
[27/Aug/2026 07:44:42] "GET /api/latest-detections/ HTTP/1.1" 200 122
[27/Aug/2026 07:44:42] "GET /api/latest-detections/ HTTP/1.1" 200 122
[27/Aug/2026 07:44:42] "GET /api/latest-detections/ HTTP/1.1" 200 121
[27/Aug/2026 07:44:42] "GET /api/drone-location/ HTTP/1.1" 200 397
[27/Aug/2026 07:44:42] "GET /api/latest-detections/ HTTP/1.1" 200 122
[27/Aug/2026 07:44:43] "GET /api/latest-detections/ HTTP/1.1" 200 122
[27/Aug/2026 07:44:43] "GET /api/latest-detections/ HTTP/1.1" 200 122
[27/Aug/2026 07:44:43] "GET /api/drone-location/ HTTP/1.1" 200 397
[27/Aug/2026 07:44:43] "GET /api/latest-detections/ HTTP/1.1" 200 122
[27/Aug/2026 07:44:43] "GET /dashboard/remote-control/ HTTP/1.1" 200 36260
[27/Aug/2026 08:03:24] "GET /dashboard/mission/ HTTP/1.1" 200 35507
[27/Aug/2026 08:03:24] "GET /api/latest-detections/ HTTP/1.1" 200 123
[27/Aug/2026 08:03:24] "GET /api/drone-location/ HTTP/1.1" 200 398
[27/Aug/2026 08:03:24] "GET /api/system-status/ HTTP/1.1" 200 479
[27/Aug/2026 08:03:24] "GET /api/latest-detections/ HTTP/1.1" 200 123
[27/Aug/2026 08:03:24] "GET /api/latest-detections/ HTTP/1.1" 200 123
[27/Aug/2026 08:03:25] "GET /api/latest-detections/ HTTP/1.1" 200 123
[27/Aug/2026 08:03:25] "GET /api/drone-location/ HTTP/1.1" 200 399
[27/Aug/2026 08:03:25] "GET /api/latest-detections/ HTTP/1.1" 200 123
[27/Aug/2026 08:03:25] "GET /api/latest-detections/ HTTP/1.1" 200 123
[27/Aug/2026 08:03:25] "GET /api/latest-detections/ HTTP/1.1" 200 123
[27/Aug/2026 08:03:26] "GET /api/drone-location/ HTTP/1.1" 200 399
[27/Aug/2026 08:03:26] "GET /api/latest-detections/ HTTP/1.1" 200 123
[27/Aug/2026 08:03:26] "GET /api/latest-detections/ HTTP/1.1" 200 123
[27/Aug/2026 08:03:26] "GET /api/latest-detections/ HTTP/1.1" 200 123
[27/Aug/2026 08:03:27] "GET /api/latest-detections/ HTTP/1.1" 200 123
[27/Aug/2026 08:03:27] "GET /api/drone-location/ HTTP/1.1" 200 399
[27/Aug/2026 08:03:27] "GET /api/system-status/ HTTP/1.1" 200 479
[27/Aug/2026 08:03:27] "GET /api/latest-detections/ HTTP/1.1" 200 123
[27/Aug/2026 08:03:27] "GET /api/latest-detections/ HTTP/1.1" 200 123
[27/Aug/2026 08:03:28] "GET /api/latest-detections/ HTTP/1.1" 200 123
[27/Aug/2026 08:03:28] "GET /api/drone-location/ HTTP/1.1" 200 399
[27/Aug/2026 08:03:29] "GET /api/latest-detections/ HTTP/1.1" 200 123
[27/Aug/2026 08:03:29] "GET /api/drone-location/ HTTP/1.1" 200 398
[27/Aug/2026 08:03:30] "GET /api/latest-detections/ HTTP/1.1" 200 123
[27/Aug/2026 08:03:30] "GET /api/drone-location/ HTTP/1.1" 200 398
[27/Aug/2026 08:03:30] "GET /api/system-status/ HTTP/1.1" 200 479
[27/Aug/2026 08:03:31] "GET /api/latest-detections/ HTTP/1.1" 200 123
[27/Aug/2026 08:03:31] "GET /api/drone-location/ HTTP/1.1" 200 398
[27/Aug/2026 08:03:32] "GET /api/latest-detections/ HTTP/1.1" 200 123
[27/Aug/2026 08:03:32] "GET /api/drone-location/ HTTP/1.1" 200 398
[27/Aug/2026 08:03:33] "GET /api/latest-detections/ HTTP/1.1" 200 123
[27/Aug/2026 08:03:33] "GET /api/drone-location/ HTTP/1.1" 200 399
[27/Aug/2026 08:03:33] "GET /api/system-status/ HTTP/1.1" 200 479
[27/Aug/2026 08:03:34] "GET /api/latest-detections/ HTTP/1.1" 200 123
[27/Aug/2026 08:03:34] "GET /api/drone-location/ HTTP/1.1" 200 399
[27/Aug/2026 08:03:35] "GET /api/latest-detections/ HTTP/1.1" 200 123
[27/Aug/2026 08:03:35] "GET /api/drone-location/ HTTP/1.1" 200 399
[27/Aug/2026 08:03:36] "GET /api/latest-detections/ HTTP/1.1" 200 123
[27/Aug/2026 08:03:36] "GET /api/drone-location/ HTTP/1.1" 200 399
[27/Aug/2026 08:03:36] "GET /api/system-status/ HTTP/1.1" 200 479
[27/Aug/2026 08:03:37] "GET /api/latest-detections/ HTTP/1.1" 200 123
[27/Aug/2026 08:03:37] "GET /api/drone-location/ HTTP/1.1" 200 398
[27/Aug/2026 08:03:38] "GET /api/latest-detections/ HTTP/1.1" 200 123
[27/Aug/2026 08:03:38] "GET /api/drone-location/ HTTP/1.1" 200 398
[27/Aug/2026 08:03:39] "GET /api/latest-detections/ HTTP/1.1" 200 123
[27/Aug/2026 08:03:39] "GET /api/drone-location/ HTTP/1.1" 200 399
[27/Aug/2026 08:03:39] "GET /api/system-status/ HTTP/1.1" 200 479
[27/Aug/2026 08:03:40] "GET /api/latest-detections/ HTTP/1.1" 200 123
[27/Aug/2026 08:03:40] "GET /api/drone-location/ HTTP/1.1" 200 399
[27/Aug/2026 08:03:41] "GET /api/latest-detections/ HTTP/1.1" 200 123
[27/Aug/2026 08:03:41] "GET /api/drone-location/ HTTP/1.1" 200 395
[27/Aug/2026 08:03:42] "GET /api/latest-detections/ HTTP/1.1" 200 123
[27/Aug/2026 08:03:42] "GET /api/drone-location/ HTTP/1.1" 200 395
[27/Aug/2026 08:03:42] "GET /api/system-status/ HTTP/1.1" 200 479
[27/Aug/2026 08:03:43] "GET /api/latest-detections/ HTTP/1.1" 200 123
[27/Aug/2026 08:03:43] "GET /api/drone-location/ HTTP/1.1" 200 398
[27/Aug/2026 08:03:44] "GET /api/latest-detections/ HTTP/1.1" 200 123
[27/Aug/2026 08:03:44] "GET /api/drone-location/ HTTP/1.1" 200 398
[27/Aug/2026 08:03:45] "GET /api/latest-detections/ HTTP/1.1" 200 123
[27/Aug/2026 08:03:45] "GET /api/drone-location/ HTTP/1.1" 200 398
[27/Aug/2026 08:03:45] "GET /api/system-status/ HTTP/1.1" 200 479
[27/Aug/2026 08:03:46] "GET /api/latest-detections/ HTTP/1.1" 200 123
[27/Aug/2026 08:03:46] "GET /api/drone-location/ HTTP/1.1" 200 398
[27/Aug/2026 08:03:47] "GET /api/latest-detections/ HTTP/1.1" 200 123
[27/Aug/2026 08:03:47] "GET /api/drone-location/ HTTP/1.1" 200 399
[27/Aug/2026 08:03:48] "GET /api/latest-detections/ HTTP/1.1" 200 123
[27/Aug/2026 08:03:48] "GET /api/drone-location/ HTTP/1.1" 200 399
[27/Aug/2026 08:03:48] "GET /api/system-status/ HTTP/1.1" 200 479
[27/Aug/2026 08:03:49] "GET /api/latest-detections/ HTTP/1.1" 200 123
[27/Aug/2026 08:03:49] "GET /api/drone-location/ HTTP/1.1" 200 398
[27/Aug/2026 08:03:50] "GET /api/latest-detections/ HTTP/1.1" 200 123
[27/Aug/2026 08:03:50] "GET /api/drone-location/ HTTP/1.1" 200 398
[27/Aug/2026 08:03:51] "GET /api/latest-detections/ HTTP/1.1" 200 123
[27/Aug/2026 08:03:51] "GET /api/drone-location/ HTTP/1.1" 200 398
[27/Aug/2026 08:03:51] "GET /api/system-status/ HTTP/1.1" 200 479
[27/Aug/2026 08:03:52] "GET /api/latest-detections/ HTTP/1.1" 200 123
[27/Aug/2026 08:03:52] "GET /api/drone-location/ HTTP/1.1" 200 398
[27/Aug/2026 08:03:53] "GET /api/latest-detections/ HTTP/1.1" 200 123
[27/Aug/2026 08:03:53] "GET /api/drone-location/ HTTP/1.1" 200 399
[27/Aug/2026 08:03:54] "GET /api/latest-detections/ HTTP/1.1" 200 123
[27/Aug/2026 08:03:54] "GET /api/drone-location/ HTTP/1.1" 200 399
[27/Aug/2026 08:03:54] "GET /api/system-status/ HTTP/1.1" 200 479
[27/Aug/2026 08:03:55] "GET /api/latest-detections/ HTTP/1.1" 200 123
[27/Aug/2026 08:03:55] "GET /api/drone-location/ HTTP/1.1" 200 398
[27/Aug/2026 08:03:55] "GET /api/latest-detections/ HTTP/1.1" 200 123
[27/Aug/2026 08:03:55] "GET /api/latest-detections/ HTTP/1.1" 200 123
[27/Aug/2026 08:03:55] "GET /api/latest-detections/ HTTP/1.1" 200 123
[27/Aug/2026 08:03:56] "GET /api/drone-location/ HTTP/1.1" 200 398
[27/Aug/2026 08:03:56] "GET /api/latest-detections/ HTTP/1.1" 200 123
[27/Aug/2026 08:03:56] "GET /api/latest-detections/ HTTP/1.1" 200 123
[27/Aug/2026 08:03:57] "GET /api/latest-detections/ HTTP/1.1" 200 123
[27/Aug/2026 08:03:57] "GET /api/drone-location/ HTTP/1.1" 200 398
[27/Aug/2026 08:03:57] "GET /api/system-status/ HTTP/1.1" 200 479
[27/Aug/2026 08:03:58] "GET /api/latest-detections/ HTTP/1.1" 200 123
[27/Aug/2026 08:03:58] "GET /api/drone-location/ HTTP/1.1" 200 398
[27/Aug/2026 08:03:58] "GET /api/latest-detections/ HTTP/1.1" 200 123
[27/Aug/2026 08:03:58] "GET /api/latest-detections/ HTTP/1.1" 200 123
[27/Aug/2026 08:03:58] "GET /api/latest-detections/ HTTP/1.1" 200 123
[27/Aug/2026 08:03:59] "GET /api/drone-location/ HTTP/1.1" 200 399
[27/Aug/2026 08:03:59] "GET /api/latest-detections/ HTTP/1.1" 200 123
[27/Aug/2026 08:03:59] "GET /api/latest-detections/ HTTP/1.1" 200 123
[27/Aug/2026 08:03:59] "GET /api/latest-detections/ HTTP/1.1" 200 123
[27/Aug/2026 08:04:00] "GET /api/latest-detections/ HTTP/1.1" 200 123
[27/Aug/2026 08:04:00] "GET /api/drone-location/ HTTP/1.1" 200 399
[27/Aug/2026 08:04:00] "GET /api/system-status/ HTTP/1.1" 200 479
[27/Aug/2026 08:04:00] "GET /api/latest-detections/ HTTP/1.1" 200 123
[27/Aug/2026 08:04:00] "GET /api/latest-detections/ HTTP/1.1" 200 123
[27/Aug/2026 08:04:01] "GET /api/latest-detections/ HTTP/1.1" 200 123
[27/Aug/2026 08:04:01] "GET /api/drone-location/ HTTP/1.1" 200 399
[27/Aug/2026 08:04:01] "GET /api/latest-detections/ HTTP/1.1" 200 123
[27/Aug/2026 08:04:01] "GET /api/latest-detections/ HTTP/1.1" 200 123
[27/Aug/2026 08:04:01] "GET /api/latest-detections/ HTTP/1.1" 200 123
[27/Aug/2026 08:04:02] "GET /api/drone-location/ HTTP/1.1" 200 399
[27/Aug/2026 08:04:02] "GET /api/latest-detections/ HTTP/1.1" 200 123
[27/Aug/2026 08:04:02] "GET /api/latest-detections/ HTTP/1.1" 200 123
[27/Aug/2026 08:04:02] "GET /api/latest-detections/ HTTP/1.1" 200 123
[27/Aug/2026 08:04:03] "GET /api/latest-detections/ HTTP/1.1" 200 123
[27/Aug/2026 08:04:03] "GET /api/drone-location/ HTTP/1.1" 200 399
[27/Aug/2026 08:04:03] "GET /api/system-status/ HTTP/1.1" 200 479
[27/Aug/2026 08:04:03] "GET /api/latest-detections/ HTTP/1.1" 200 123
[27/Aug/2026 08:04:03] "GET /api/latest-detections/ HTTP/1.1" 200 123
[27/Aug/2026 08:04:04] "GET /api/latest-detections/ HTTP/1.1" 200 123
[27/Aug/2026 08:04:04] "GET /api/drone-location/ HTTP/1.1" 200 399
[27/Aug/2026 08:04:04] "GET /api/latest-detections/ HTTP/1.1" 200 123
[27/Aug/2026 08:04:04] "GET /api/latest-detections/ HTTP/1.1" 200 123
[27/Aug/2026 08:04:04] "GET /api/latest-detections/ HTTP/1.1" 200 123
[27/Aug/2026 08:04:05] "GET /api/drone-location/ HTTP/1.1" 200 399
[27/Aug/2026 08:04:05] "GET /api/latest-detections/ HTTP/1.1" 200 123
[27/Aug/2026 08:04:05] "GET /api/latest-detections/ HTTP/1.1" 200 123
[27/Aug/2026 08:04:05] "GET /api/latest-detections/ HTTP/1.1" 200 123
[27/Aug/2026 08:04:06] "GET /api/latest-detections/ HTTP/1.1" 200 123
[27/Aug/2026 08:04:06] "GET /api/drone-location/ HTTP/1.1" 200 399
[27/Aug/2026 08:04:06] "GET /api/system-status/ HTTP/1.1" 200 479
[27/Aug/2026 08:04:06] "GET /api/latest-detections/ HTTP/1.1" 200 123
[27/Aug/2026 08:04:06] "GET /api/latest-detections/ HTTP/1.1" 200 123
[27/Aug/2026 08:04:07] "GET /api/latest-detections/ HTTP/1.1" 200 123
[27/Aug/2026 08:04:07] "GET /api/drone-location/ HTTP/1.1" 200 398
[27/Aug/2026 08:04:07] "GET /api/latest-detections/ HTTP/1.1" 200 123
[27/Aug/2026 08:04:07] "GET /api/latest-detections/ HTTP/1.1" 200 123
[27/Aug/2026 08:04:07] "GET /api/latest-detections/ HTTP/1.1" 200 123
[27/Aug/2026 08:04:08] "GET /api/drone-location/ HTTP/1.1" 200 398
[27/Aug/2026 08:04:08] "GET /api/latest-detections/ HTTP/1.1" 200 123
[27/Aug/2026 08:04:08] "GET /api/latest-detections/ HTTP/1.1" 200 123
[27/Aug/2026 08:04:08] "GET /api/latest-detections/ HTTP/1.1" 200 123
[27/Aug/2026 08:04:09] "GET /api/latest-detections/ HTTP/1.1" 200 123
[27/Aug/2026 08:04:09] "GET /api/drone-location/ HTTP/1.1" 200 399
[27/Aug/2026 08:04:09] "GET /api/system-status/ HTTP/1.1" 200 479
[27/Aug/2026 08:04:09] "GET /api/latest-detections/ HTTP/1.1" 200 123
[27/Aug/2026 08:04:09] "GET /api/latest-detections/ HTTP/1.1" 200 123
[27/Aug/2026 08:04:10] "GET /api/latest-detections/ HTTP/1.1" 200 123
[27/Aug/2026 08:04:10] "GET /api/drone-location/ HTTP/1.1" 200 399
[27/Aug/2026 08:04:10] "GET /api/latest-detections/ HTTP/1.1" 200 123
[27/Aug/2026 08:04:10] "GET /api/latest-detections/ HTTP/1.1" 200 123
[27/Aug/2026 08:04:10] "GET /api/latest-detections/ HTTP/1.1" 200 123
[27/Aug/2026 08:04:11] "GET /api/drone-location/ HTTP/1.1" 200 399
[27/Aug/2026 08:04:11] "GET /api/latest-detections/ HTTP/1.1" 200 123
[27/Aug/2026 08:04:11] "GET /api/latest-detections/ HTTP/1.1" 200 123
[27/Aug/2026 08:04:11] "GET /api/latest-detections/ HTTP/1.1" 200 123
[27/Aug/2026 08:04:12] "GET /api/latest-detections/ HTTP/1.1" 200 123
[27/Aug/2026 08:04:12] "GET /api/drone-location/ HTTP/1.1" 200 399
[27/Aug/2026 08:04:12] "GET /api/system-status/ HTTP/1.1" 200 479
[27/Aug/2026 08:04:12] "GET /api/latest-detections/ HTTP/1.1" 200 123
[27/Aug/2026 08:04:12] "GET /api/latest-detections/ HTTP/1.1" 200 123
[27/Aug/2026 08:04:13] "GET /api/latest-detections/ HTTP/1.1" 200 123
[27/Aug/2026 08:04:13] "GET /api/drone-location/ HTTP/1.1" 200 399
[27/Aug/2026 08:04:13] "GET /api/latest-detections/ HTTP/1.1" 200 122
[27/Aug/2026 08:04:13] "GET /api/latest-detections/ HTTP/1.1" 200 123
[27/Aug/2026 08:04:13] "GET /api/latest-detections/ HTTP/1.1" 200 123
[27/Aug/2026 08:04:14] "GET /api/drone-location/ HTTP/1.1" 200 399
[27/Aug/2026 08:04:14] "GET /api/latest-detections/ HTTP/1.1" 200 123
[27/Aug/2026 08:04:14] "GET /api/latest-detections/ HTTP/1.1" 200 123
[27/Aug/2026 08:04:14] "GET /api/latest-detections/ HTTP/1.1" 200 123
[27/Aug/2026 08:04:15] "GET /api/latest-detections/ HTTP/1.1" 200 123
[27/Aug/2026 08:04:15] "GET /api/drone-location/ HTTP/1.1" 200 398
[27/Aug/2026 08:04:15] "GET /api/system-status/ HTTP/1.1" 200 479
[27/Aug/2026 08:04:15] "GET /api/latest-detections/ HTTP/1.1" 200 123
[27/Aug/2026 08:04:15] "GET /api/latest-detections/ HTTP/1.1" 200 123
[27/Aug/2026 08:04:16] "GET /api/latest-detections/ HTTP/1.1" 200 123
[27/Aug/2026 08:04:16] "GET /api/drone-location/ HTTP/1.1" 200 398
[27/Aug/2026 08:04:16] "GET /api/latest-detections/ HTTP/1.1" 200 123
[27/Aug/2026 08:04:16] "GET /api/latest-detections/ HTTP/1.1" 200 123
[27/Aug/2026 08:04:16] "GET /api/latest-detections/ HTTP/1.1" 200 123
[27/Aug/2026 08:04:17] "GET /api/drone-location/ HTTP/1.1" 200 399
[27/Aug/2026 08:04:17] "GET /api/latest-detections/ HTTP/1.1" 200 123
[27/Aug/2026 08:04:17] "GET /api/latest-detections/ HTTP/1.1" 200 123
[27/Aug/2026 08:04:17] "GET /api/latest-detections/ HTTP/1.1" 200 123
[27/Aug/2026 08:04:18] "GET /api/latest-detections/ HTTP/1.1" 200 123
[27/Aug/2026 08:04:18] "GET /api/drone-location/ HTTP/1.1" 200 399
[27/Aug/2026 08:04:18] "GET /api/system-status/ HTTP/1.1" 200 479
[27/Aug/2026 08:04:18] "GET /api/latest-detections/ HTTP/1.1" 200 123
[27/Aug/2026 08:04:18] "GET /api/latest-detections/ HTTP/1.1" 200 123
[27/Aug/2026 08:04:19] "GET /api/latest-detections/ HTTP/1.1" 200 123
[27/Aug/2026 08:04:19] "GET /api/drone-location/ HTTP/1.1" 200 398
[27/Aug/2026 08:04:19] "GET /api/latest-detections/ HTTP/1.1" 200 123
[27/Aug/2026 08:04:19] "GET /api/latest-detections/ HTTP/1.1" 200 123
[27/Aug/2026 08:04:19] "GET /api/latest-detections/ HTTP/1.1" 200 123
[27/Aug/2026 08:04:20] "GET /api/drone-location/ HTTP/1.1" 200 398
[27/Aug/2026 08:04:20] "GET /api/latest-detections/ HTTP/1.1" 200 123
[27/Aug/2026 08:04:20] "GET /api/latest-detections/ HTTP/1.1" 200 123
[27/Aug/2026 08:04:20] "GET /api/latest-detections/ HTTP/1.1" 200 123
[27/Aug/2026 08:04:21] "GET /api/latest-detections/ HTTP/1.1" 200 123
[27/Aug/2026 08:04:21] "GET /api/drone-location/ HTTP/1.1" 200 399
[27/Aug/2026 08:04:21] "GET /api/system-status/ HTTP/1.1" 200 479
[27/Aug/2026 08:04:21] "GET /api/latest-detections/ HTTP/1.1" 200 123
[27/Aug/2026 08:04:21] "GET /api/latest-detections/ HTTP/1.1" 200 123
[27/Aug/2026 08:04:22] "GET /api/latest-detections/ HTTP/1.1" 200 123
[27/Aug/2026 08:04:22] "GET /api/drone-location/ HTTP/1.1" 200 399
[27/Aug/2026 08:04:22] "GET /api/latest-detections/ HTTP/1.1" 200 123
[27/Aug/2026 08:04:22] "GET /api/latest-detections/ HTTP/1.1" 200 123
[27/Aug/2026 08:04:22] "GET /api/latest-detections/ HTTP/1.1" 200 123
[27/Aug/2026 08:04:23] "GET /api/drone-location/ HTTP/1.1" 200 398
[27/Aug/2026 08:04:23] "GET /api/latest-detections/ HTTP/1.1" 200 123
[27/Aug/2026 08:04:23] "GET /api/latest-detections/ HTTP/1.1" 200 123
[27/Aug/2026 08:04:23] "GET /api/latest-detections/ HTTP/1.1" 200 123
[27/Aug/2026 08:04:24] "GET /api/latest-detections/ HTTP/1.1" 200 123
[27/Aug/2026 08:04:24] "GET /api/drone-location/ HTTP/1.1" 200 398
[27/Aug/2026 08:04:24] "GET /api/system-status/ HTTP/1.1" 200 479
[27/Aug/2026 08:04:24] "GET /api/latest-detections/ HTTP/1.1" 200 123
[27/Aug/2026 08:04:24] "GET /api/latest-detections/ HTTP/1.1" 200 123
[27/Aug/2026 08:04:25] "GET /api/latest-detections/ HTTP/1.1" 200 123
[27/Aug/2026 08:04:25] "GET /api/drone-location/ HTTP/1.1" 200 399
[27/Aug/2026 08:04:25] "GET /api/latest-detections/ HTTP/1.1" 200 123
[27/Aug/2026 08:04:25] "GET /api/latest-detections/ HTTP/1.1" 200 123
[27/Aug/2026 08:04:25] "GET /api/latest-detections/ HTTP/1.1" 200 123
[27/Aug/2026 08:04:26] "GET /api/drone-location/ HTTP/1.1" 200 399
[27/Aug/2026 08:04:26] "GET /api/latest-detections/ HTTP/1.1" 200 123
[27/Aug/2026 08:04:26] "GET /api/latest-detections/ HTTP/1.1" 200 123
[27/Aug/2026 08:04:26] "GET /api/latest-detections/ HTTP/1.1" 200 123
[27/Aug/2026 08:04:27] "GET /api/drone-location/ HTTP/1.1" 200 398
[27/Aug/2026 08:04:27] "GET /api/latest-detections/ HTTP/1.1" 200 123
[27/Aug/2026 08:04:27] "GET /api/system-status/ HTTP/1.1" 200 479
[27/Aug/2026 08:04:27] "GET /api/latest-detections/ HTTP/1.1" 200 123
[27/Aug/2026 08:04:27] "GET /api/latest-detections/ HTTP/1.1" 200 123
[27/Aug/2026 08:04:28] "GET /api/latest-detections/ HTTP/1.1" 200 123
[27/Aug/2026 08:04:28] "GET /api/drone-location/ HTTP/1.1" 200 398
[27/Aug/2026 08:04:28] "GET /api/latest-detections/ HTTP/1.1" 200 123
[27/Aug/2026 08:04:28] "GET /api/latest-detections/ HTTP/1.1" 200 123
[27/Aug/2026 08:04:28] "GET /api/latest-detections/ HTTP/1.1" 200 123
[27/Aug/2026 08:04:29] "GET /api/drone-location/ HTTP/1.1" 200 398
[27/Aug/2026 08:04:29] "GET /api/latest-detections/ HTTP/1.1" 200 123
[27/Aug/2026 08:04:29] "GET /api/latest-detections/ HTTP/1.1" 200 123
[27/Aug/2026 08:04:29] "GET /api/latest-detections/ HTTP/1.1" 200 123
[27/Aug/2026 08:04:30] "GET /api/latest-detections/ HTTP/1.1" 200 123
[27/Aug/2026 08:04:30] "GET /api/drone-location/ HTTP/1.1" 200 398
[27/Aug/2026 08:04:30] "GET /api/system-status/ HTTP/1.1" 200 479
[27/Aug/2026 08:04:30] "GET /api/latest-detections/ HTTP/1.1" 200 123
[27/Aug/2026 08:04:30] "GET /api/latest-detections/ HTTP/1.1" 200 123
[27/Aug/2026 08:04:31] "GET /api/latest-detections/ HTTP/1.1" 200 123
[27/Aug/2026 08:04:31] "GET /api/drone-location/ HTTP/1.1" 200 399
[27/Aug/2026 08:04:31] "GET /api/latest-detections/ HTTP/1.1" 200 123
[27/Aug/2026 08:04:31] "GET /api/latest-detections/ HTTP/1.1" 200 123
[27/Aug/2026 08:04:31] "GET /api/latest-detections/ HTTP/1.1" 200 123
[27/Aug/2026 08:04:32] "GET /api/drone-location/ HTTP/1.1" 200 399
[27/Aug/2026 08:04:32] "GET /api/latest-detections/ HTTP/1.1" 200 123
[27/Aug/2026 08:04:32] "GET /api/latest-detections/ HTTP/1.1" 200 123
[27/Aug/2026 08:04:32] "GET /api/latest-detections/ HTTP/1.1" 200 123
[27/Aug/2026 08:04:33] "GET /api/latest-detections/ HTTP/1.1" 200 123
[27/Aug/2026 08:04:33] "GET /api/drone-location/ HTTP/1.1" 200 399
[27/Aug/2026 08:04:33] "GET /api/system-status/ HTTP/1.1" 200 479
[27/Aug/2026 08:04:33] "GET /api/latest-detections/ HTTP/1.1" 200 123
[27/Aug/2026 08:04:33] "GET /api/latest-detections/ HTTP/1.1" 200 123
[27/Aug/2026 08:04:34] "GET /api/latest-detections/ HTTP/1.1" 200 123
[27/Aug/2026 08:04:34] "GET /api/drone-location/ HTTP/1.1" 200 399
[27/Aug/2026 08:04:34] "GET /api/latest-detections/ HTTP/1.1" 200 123
[27/Aug/2026 08:04:34] "GET /api/latest-detections/ HTTP/1.1" 200 123
[27/Aug/2026 08:04:34] "GET /api/latest-detections/ HTTP/1.1" 200 123
[27/Aug/2026 08:04:35] "GET /api/drone-location/ HTTP/1.1" 200 398
[27/Aug/2026 08:04:35] "GET /api/latest-detections/ HTTP/1.1" 200 123
[27/Aug/2026 08:04:35] "GET /api/latest-detections/ HTTP/1.1" 200 123
[27/Aug/2026 08:04:35] "GET /api/latest-detections/ HTTP/1.1" 200 123
[27/Aug/2026 08:04:36] "GET /api/latest-detections/ HTTP/1.1" 200 123
[27/Aug/2026 08:04:36] "GET /api/drone-location/ HTTP/1.1" 200 398
[27/Aug/2026 08:04:36] "GET /api/system-status/ HTTP/1.1" 200 479
[27/Aug/2026 08:04:36] "GET /api/latest-detections/ HTTP/1.1" 200 123
[27/Aug/2026 08:04:36] "GET /api/latest-detections/ HTTP/1.1" 200 123
[27/Aug/2026 08:04:37] "GET /api/latest-detections/ HTTP/1.1" 200 123
[27/Aug/2026 08:04:37] "GET /api/drone-location/ HTTP/1.1" 200 399
[27/Aug/2026 08:04:37] "GET /api/latest-detections/ HTTP/1.1" 200 123
[27/Aug/2026 08:04:37] "GET /api/latest-detections/ HTTP/1.1" 200 123
[27/Aug/2026 08:04:37] "GET /api/latest-detections/ HTTP/1.1" 200 123
[27/Aug/2026 08:04:38] "GET /api/drone-location/ HTTP/1.1" 200 399
[27/Aug/2026 08:04:38] "GET /api/latest-detections/ HTTP/1.1" 200 123
[27/Aug/2026 08:04:38] "GET /api/latest-detections/ HTTP/1.1" 200 123
[27/Aug/2026 08:04:38] "GET /api/latest-detections/ HTTP/1.1" 200 123
[27/Aug/2026 08:04:39] "GET /api/latest-detections/ HTTP/1.1" 200 123
[27/Aug/2026 08:04:39] "GET /api/drone-location/ HTTP/1.1" 200 398
[27/Aug/2026 08:04:39] "GET /api/system-status/ HTTP/1.1" 200 479
[27/Aug/2026 08:04:39] "GET /api/latest-detections/ HTTP/1.1" 200 123
[27/Aug/2026 08:04:39] "GET /api/latest-detections/ HTTP/1.1" 200 123
[27/Aug/2026 08:04:40] "GET /api/latest-detections/ HTTP/1.1" 200 123
[27/Aug/2026 08:04:40] "GET /api/drone-location/ HTTP/1.1" 200 398
[27/Aug/2026 08:04:40] "GET /api/latest-detections/ HTTP/1.1" 200 123
[27/Aug/2026 08:04:40] "GET /api/latest-detections/ HTTP/1.1" 200 123
[27/Aug/2026 08:04:40] "GET /api/latest-detections/ HTTP/1.1" 200 123
[27/Aug/2026 08:04:41] "GET /api/drone-location/ HTTP/1.1" 200 398
[27/Aug/2026 08:04:41] "GET /api/latest-detections/ HTTP/1.1" 200 123
[27/Aug/2026 08:04:41] "GET /api/latest-detections/ HTTP/1.1" 200 123
[27/Aug/2026 08:04:41] "GET /api/latest-detections/ HTTP/1.1" 200 123
[27/Aug/2026 08:04:42] "GET /api/latest-detections/ HTTP/1.1" 200 123
[27/Aug/2026 08:04:42] "GET /api/drone-location/ HTTP/1.1" 200 398
[27/Aug/2026 08:04:42] "GET /api/system-status/ HTTP/1.1" 200 479
[27/Aug/2026 08:04:42] "GET /api/latest-detections/ HTTP/1.1" 200 123
[27/Aug/2026 08:04:42] "GET /api/latest-detections/ HTTP/1.1" 200 123
[27/Aug/2026 08:04:43] "GET /api/latest-detections/ HTTP/1.1" 200 123
[27/Aug/2026 08:04:43] "GET /api/drone-location/ HTTP/1.1" 200 399
[27/Aug/2026 08:04:43] "GET /api/latest-detections/ HTTP/1.1" 200 123
[27/Aug/2026 08:04:43] "GET /api/latest-detections/ HTTP/1.1" 200 123
[27/Aug/2026 08:04:43] "GET /api/latest-detections/ HTTP/1.1" 200 123
[27/Aug/2026 08:04:44] "GET /api/drone-location/ HTTP/1.1" 200 399
[27/Aug/2026 08:04:44] "GET /api/latest-detections/ HTTP/1.1" 200 123
[27/Aug/2026 08:04:44] "GET /api/latest-detections/ HTTP/1.1" 200 123
[27/Aug/2026 08:04:44] "GET /api/latest-detections/ HTTP/1.1" 200 123
[27/Aug/2026 08:04:45] "GET /api/latest-detections/ HTTP/1.1" 200 123
[27/Aug/2026 08:04:45] "GET /api/drone-location/ HTTP/1.1" 200 399
[27/Aug/2026 08:04:45] "GET /api/system-status/ HTTP/1.1" 200 479
[27/Aug/2026 08:04:45] "GET /api/latest-detections/ HTTP/1.1" 200 123
[27/Aug/2026 08:04:45] "GET /api/latest-detections/ HTTP/1.1" 200 123
[27/Aug/2026 08:04:46] "GET /api/latest-detections/ HTTP/1.1" 200 123
[27/Aug/2026 08:04:46] "GET /api/drone-location/ HTTP/1.1" 200 399
[27/Aug/2026 08:04:46] "GET /api/latest-detections/ HTTP/1.1" 200 123
[27/Aug/2026 08:04:46] "GET /api/latest-detections/ HTTP/1.1" 200 123
[27/Aug/2026 08:04:46] "GET /api/latest-detections/ HTTP/1.1" 200 123
[27/Aug/2026 08:04:47] "GET /api/drone-location/ HTTP/1.1" 200 399
[27/Aug/2026 08:04:47] "GET /api/latest-detections/ HTTP/1.1" 200 123
[27/Aug/2026 08:04:47] "GET /api/latest-detections/ HTTP/1.1" 200 123
[27/Aug/2026 08:04:47] "GET /api/latest-detections/ HTTP/1.1" 200 123
[27/Aug/2026 08:04:48] "GET /api/latest-detections/ HTTP/1.1" 200 123
[27/Aug/2026 08:04:48] "GET /api/drone-location/ HTTP/1.1" 200 399
[27/Aug/2026 08:04:48] "GET /api/system-status/ HTTP/1.1" 200 479
[27/Aug/2026 08:04:48] "GET /api/latest-detections/ HTTP/1.1" 200 123
[27/Aug/2026 08:04:48] "GET /api/latest-detections/ HTTP/1.1" 200 123
[27/Aug/2026 08:04:49] "GET /api/latest-detections/ HTTP/1.1" 200 123
[27/Aug/2026 08:04:49] "GET /api/drone-location/ HTTP/1.1" 200 398
[27/Aug/2026 08:04:49] "GET /api/latest-detections/ HTTP/1.1" 200 123
[27/Aug/2026 08:04:49] "GET /api/latest-detections/ HTTP/1.1" 200 123
[27/Aug/2026 08:04:49] "GET /api/latest-detections/ HTTP/1.1" 200 123
[27/Aug/2026 08:04:50] "GET /api/drone-location/ HTTP/1.1" 200 398
[27/Aug/2026 08:04:50] "GET /api/latest-detections/ HTTP/1.1" 200 123
[27/Aug/2026 08:04:50] "GET /api/latest-detections/ HTTP/1.1" 200 123
[27/Aug/2026 08:04:50] "GET /api/latest-detections/ HTTP/1.1" 200 123
[27/Aug/2026 08:04:51] "GET /api/latest-detections/ HTTP/1.1" 200 123
[27/Aug/2026 08:04:51] "GET /api/drone-location/ HTTP/1.1" 200 399
[27/Aug/2026 08:04:51] "GET /api/system-status/ HTTP/1.1" 200 479
[27/Aug/2026 08:04:51] "GET /api/latest-detections/ HTTP/1.1" 200 123
[27/Aug/2026 08:04:51] "GET /api/latest-detections/ HTTP/1.1" 200 123
[27/Aug/2026 08:04:52] "GET /api/latest-detections/ HTTP/1.1" 200 123
[27/Aug/2026 08:04:52] "GET /api/drone-location/ HTTP/1.1" 200 399
[27/Aug/2026 08:04:52] "GET /api/latest-detections/ HTTP/1.1" 200 123
[27/Aug/2026 08:04:52] "GET /api/latest-detections/ HTTP/1.1" 200 123
[27/Aug/2026 08:04:52] "GET /api/latest-detections/ HTTP/1.1" 200 123
[27/Aug/2026 08:04:53] "GET /api/drone-location/ HTTP/1.1" 200 399
[27/Aug/2026 08:04:53] "GET /api/latest-detections/ HTTP/1.1" 200 123
[27/Aug/2026 08:04:53] "GET /api/latest-detections/ HTTP/1.1" 200 123
[27/Aug/2026 08:04:53] "GET /api/latest-detections/ HTTP/1.1" 200 123
[27/Aug/2026 08:04:54] "GET /api/latest-detections/ HTTP/1.1" 200 123
[27/Aug/2026 08:04:54] "GET /api/drone-location/ HTTP/1.1" 200 399
[27/Aug/2026 08:04:54] "GET /api/system-status/ HTTP/1.1" 200 479
[27/Aug/2026 08:04:54] "GET /api/latest-detections/ HTTP/1.1" 200 123
[27/Aug/2026 08:04:54] "GET /api/latest-detections/ HTTP/1.1" 200 123
[27/Aug/2026 08:04:55] "GET /api/latest-detections/ HTTP/1.1" 200 123
[27/Aug/2026 08:04:55] "GET /api/drone-location/ HTTP/1.1" 200 398
[27/Aug/2026 08:04:55] "GET /api/latest-detections/ HTTP/1.1" 200 123
[27/Aug/2026 08:04:55] "GET /api/latest-detections/ HTTP/1.1" 200 123
[27/Aug/2026 08:04:55] "GET /api/latest-detections/ HTTP/1.1" 200 123
[27/Aug/2026 08:04:56] "GET /api/drone-location/ HTTP/1.1" 200 398
[27/Aug/2026 08:04:56] "GET /api/latest-detections/ HTTP/1.1" 200 123
[27/Aug/2026 08:04:56] "GET /api/latest-detections/ HTTP/1.1" 200 123
[27/Aug/2026 08:04:56] "GET /api/latest-detections/ HTTP/1.1" 200 123
[27/Aug/2026 08:04:57] "GET /api/latest-detections/ HTTP/1.1" 200 123
[27/Aug/2026 08:04:57] "GET /api/drone-location/ HTTP/1.1" 200 399
[27/Aug/2026 08:04:57] "GET /api/system-status/ HTTP/1.1" 200 479
[27/Aug/2026 08:04:57] "GET /api/latest-detections/ HTTP/1.1" 200 123
[27/Aug/2026 08:04:57] "GET /api/latest-detections/ HTTP/1.1" 200 123
[27/Aug/2026 08:04:58] "GET /api/latest-detections/ HTTP/1.1" 200 123
[27/Aug/2026 08:04:58] "GET /api/drone-location/ HTTP/1.1" 200 399
[27/Aug/2026 08:04:58] "GET /api/latest-detections/ HTTP/1.1" 200 123
[27/Aug/2026 08:04:58] "GET /api/latest-detections/ HTTP/1.1" 200 123
[27/Aug/2026 08:04:58] "GET /api/latest-detections/ HTTP/1.1" 200 123
[27/Aug/2026 08:04:59] "GET /api/drone-location/ HTTP/1.1" 200 399
[27/Aug/2026 08:04:59] "GET /api/latest-detections/ HTTP/1.1" 200 123
[27/Aug/2026 08:04:59] "GET /api/latest-detections/ HTTP/1.1" 200 123
[27/Aug/2026 08:04:59] "GET /api/latest-detections/ HTTP/1.1" 200 123
[27/Aug/2026 08:05:00] "GET /api/latest-detections/ HTTP/1.1" 200 123
[27/Aug/2026 08:05:00] "GET /api/drone-location/ HTTP/1.1" 200 399
[27/Aug/2026 08:05:00] "GET /api/system-status/ HTTP/1.1" 200 479
[27/Aug/2026 08:05:00] "GET /api/latest-detections/ HTTP/1.1" 200 123
[27/Aug/2026 08:05:00] "GET /api/latest-detections/ HTTP/1.1" 200 123
[27/Aug/2026 08:05:01] "GET /api/latest-detections/ HTTP/1.1" 200 123
[27/Aug/2026 08:05:01] "GET /api/drone-location/ HTTP/1.1" 200 399
[27/Aug/2026 08:05:01] "GET /api/latest-detections/ HTTP/1.1" 200 123
[27/Aug/2026 08:05:01] "GET /api/latest-detections/ HTTP/1.1" 200 123
[27/Aug/2026 08:05:01] "GET /api/latest-detections/ HTTP/1.1" 200 123
[27/Aug/2026 08:05:02] "GET /api/drone-location/ HTTP/1.1" 200 399
[27/Aug/2026 08:05:02] "GET /api/latest-detections/ HTTP/1.1" 200 123
[27/Aug/2026 08:05:02] "GET /api/latest-detections/ HTTP/1.1" 200 123
[27/Aug/2026 08:05:02] "GET /api/latest-detections/ HTTP/1.1" 200 123
[27/Aug/2026 08:05:03] "GET /api/latest-detections/ HTTP/1.1" 200 123
[27/Aug/2026 08:05:03] "GET /api/drone-location/ HTTP/1.1" 200 399
[27/Aug/2026 08:05:03] "GET /api/system-status/ HTTP/1.1" 200 479
[27/Aug/2026 08:05:03] "GET /api/latest-detections/ HTTP/1.1" 200 123
[27/Aug/2026 08:05:03] "GET /api/latest-detections/ HTTP/1.1" 200 123
[27/Aug/2026 08:05:04] "GET /api/latest-detections/ HTTP/1.1" 200 123
[27/Aug/2026 08:05:04] "GET /api/drone-location/ HTTP/1.1" 200 399
[27/Aug/2026 08:05:04] "GET /api/latest-detections/ HTTP/1.1" 200 123
[27/Aug/2026 08:05:04] "GET /api/latest-detections/ HTTP/1.1" 200 123
[27/Aug/2026 08:05:05] "GET /api/latest-detections/ HTTP/1.1" 200 123
[27/Aug/2026 08:05:05] "GET /api/drone-location/ HTTP/1.1" 200 397
[27/Aug/2026 08:05:05] "GET /api/latest-detections/ HTTP/1.1" 200 123
[27/Aug/2026 08:05:05] "GET /api/latest-detections/ HTTP/1.1" 200 123
[27/Aug/2026 08:05:05] "GET /api/latest-detections/ HTTP/1.1" 200 123
[27/Aug/2026 08:05:06] "GET /api/latest-detections/ HTTP/1.1" 200 123
[27/Aug/2026 08:05:06] "GET /api/drone-location/ HTTP/1.1" 200 397
[27/Aug/2026 08:05:06] "GET /api/system-status/ HTTP/1.1" 200 479
[27/Aug/2026 08:05:06] "GET /api/latest-detections/ HTTP/1.1" 200 123
[27/Aug/2026 08:05:06] "GET /api/latest-detections/ HTTP/1.1" 200 123
[27/Aug/2026 08:05:07] "GET /api/latest-detections/ HTTP/1.1" 200 123
[27/Aug/2026 08:05:07] "GET /api/drone-location/ HTTP/1.1" 200 395
[27/Aug/2026 08:05:07] "GET /api/latest-detections/ HTTP/1.1" 200 123
[27/Aug/2026 08:05:07] "GET /api/latest-detections/ HTTP/1.1" 200 123
[27/Aug/2026 08:05:07] "GET /api/latest-detections/ HTTP/1.1" 200 123
[27/Aug/2026 08:05:08] "GET /api/drone-location/ HTTP/1.1" 200 395
[27/Aug/2026 08:05:08] "GET /api/latest-detections/ HTTP/1.1" 200 123
[27/Aug/2026 08:05:08] "GET /api/latest-detections/ HTTP/1.1" 200 123
[27/Aug/2026 08:05:08] "GET /api/latest-detections/ HTTP/1.1" 200 123
[27/Aug/2026 08:05:09] "GET /api/latest-detections/ HTTP/1.1" 200 123
[27/Aug/2026 08:05:09] "GET /api/drone-location/ HTTP/1.1" 200 399
[27/Aug/2026 08:05:09] "GET /api/system-status/ HTTP/1.1" 200 479
[27/Aug/2026 08:05:09] "GET /api/latest-detections/ HTTP/1.1" 200 123
[27/Aug/2026 08:05:09] "GET /api/latest-detections/ HTTP/1.1" 200 123
[27/Aug/2026 08:05:10] "GET /api/latest-detections/ HTTP/1.1" 200 123
[27/Aug/2026 08:05:10] "GET /api/drone-location/ HTTP/1.1" 200 399
[27/Aug/2026 08:05:10] "GET /api/latest-detections/ HTTP/1.1" 200 123
[27/Aug/2026 08:05:10] "GET /api/latest-detections/ HTTP/1.1" 200 123
[27/Aug/2026 08:05:10] "GET /api/latest-detections/ HTTP/1.1" 200 123
[27/Aug/2026 08:05:11] "GET /api/drone-location/ HTTP/1.1" 200 399
[27/Aug/2026 08:05:11] "GET /api/latest-detections/ HTTP/1.1" 200 123
[27/Aug/2026 08:05:11] "GET /api/latest-detections/ HTTP/1.1" 200 123
[27/Aug/2026 08:05:11] "GET /api/latest-detections/ HTTP/1.1" 200 123
[27/Aug/2026 08:05:12] "GET /api/drone-location/ HTTP/1.1" 200 399
[27/Aug/2026 08:05:12] "GET /api/latest-detections/ HTTP/1.1" 200 123
[27/Aug/2026 08:05:12] "GET /api/system-status/ HTTP/1.1" 200 479
[27/Aug/2026 08:05:12] "GET /api/latest-detections/ HTTP/1.1" 200 123
[27/Aug/2026 08:05:12] "GET /api/latest-detections/ HTTP/1.1" 200 123
[27/Aug/2026 08:05:13] "GET /api/latest-detections/ HTTP/1.1" 200 123
[27/Aug/2026 08:05:13] "GET /api/drone-location/ HTTP/1.1" 200 399
[27/Aug/2026 08:05:13] "GET /api/latest-detections/ HTTP/1.1" 200 123
[27/Aug/2026 08:05:13] "GET /api/latest-detections/ HTTP/1.1" 200 123
[27/Aug/2026 08:05:13] "GET /api/latest-detections/ HTTP/1.1" 200 123
[27/Aug/2026 08:05:14] "GET /api/drone-location/ HTTP/1.1" 200 399
[27/Aug/2026 08:05:14] "GET /api/latest-detections/ HTTP/1.1" 200 123
[27/Aug/2026 08:05:14] "GET /api/latest-detections/ HTTP/1.1" 200 123
[27/Aug/2026 08:05:14] "GET /api/latest-detections/ HTTP/1.1" 200 123
[27/Aug/2026 08:05:15] "GET /api/latest-detections/ HTTP/1.1" 200 123
[27/Aug/2026 08:05:15] "GET /api/drone-location/ HTTP/1.1" 200 398
[27/Aug/2026 08:05:15] "GET /api/system-status/ HTTP/1.1" 200 479
[27/Aug/2026 08:05:15] "GET /api/latest-detections/ HTTP/1.1" 200 123
[27/Aug/2026 08:05:15] "GET /api/latest-detections/ HTTP/1.1" 200 123
[27/Aug/2026 08:05:16] "GET /api/latest-detections/ HTTP/1.1" 200 123
[27/Aug/2026 08:05:16] "GET /api/drone-location/ HTTP/1.1" 200 398
[27/Aug/2026 08:05:16] "GET /api/latest-detections/ HTTP/1.1" 200 123
[27/Aug/2026 08:05:16] "GET /api/latest-detections/ HTTP/1.1" 200 123
[27/Aug/2026 08:05:16] "GET /api/latest-detections/ HTTP/1.1" 200 123
[27/Aug/2026 08:05:17] "GET /api/drone-location/ HTTP/1.1" 200 399
[27/Aug/2026 08:05:17] "GET /api/latest-detections/ HTTP/1.1" 200 123
[27/Aug/2026 08:05:17] "GET /api/latest-detections/ HTTP/1.1" 200 123
[27/Aug/2026 08:05:17] "GET /api/latest-detections/ HTTP/1.1" 200 123
[27/Aug/2026 08:05:18] "GET /api/latest-detections/ HTTP/1.1" 200 123
[27/Aug/2026 08:05:18] "GET /api/drone-location/ HTTP/1.1" 200 399
[27/Aug/2026 08:05:18] "GET /api/system-status/ HTTP/1.1" 200 479
[27/Aug/2026 08:05:18] "GET /api/latest-detections/ HTTP/1.1" 200 123
[27/Aug/2026 08:05:18] "GET /api/latest-detections/ HTTP/1.1" 200 123
[27/Aug/2026 08:05:19] "GET /api/latest-detections/ HTTP/1.1" 200 123
[27/Aug/2026 08:05:19] "GET /api/drone-location/ HTTP/1.1" 200 398
[27/Aug/2026 08:05:19] "GET /api/latest-detections/ HTTP/1.1" 200 123
[27/Aug/2026 08:05:19] "GET /api/latest-detections/ HTTP/1.1" 200 123
[27/Aug/2026 08:05:19] "GET /api/latest-detections/ HTTP/1.1" 200 123
[27/Aug/2026 08:05:20] "GET /api/drone-location/ HTTP/1.1" 200 398
[27/Aug/2026 08:05:20] "GET /api/latest-detections/ HTTP/1.1" 200 123
[27/Aug/2026 08:05:20] "GET /api/latest-detections/ HTTP/1.1" 200 123
[27/Aug/2026 08:05:20] "GET /api/latest-detections/ HTTP/1.1" 200 123
[27/Aug/2026 08:05:21] "GET /api/latest-detections/ HTTP/1.1" 200 123
[27/Aug/2026 08:05:21] "GET /api/drone-location/ HTTP/1.1" 200 399
[27/Aug/2026 08:05:21] "GET /api/system-status/ HTTP/1.1" 200 479
[27/Aug/2026 08:05:21] "GET /api/latest-detections/ HTTP/1.1" 200 123
[27/Aug/2026 08:05:21] "GET /api/latest-detections/ HTTP/1.1" 200 123
[27/Aug/2026 08:05:22] "GET /api/latest-detections/ HTTP/1.1" 200 123
[27/Aug/2026 08:05:22] "GET /api/drone-location/ HTTP/1.1" 200 399
[27/Aug/2026 08:05:22] "GET /api/latest-detections/ HTTP/1.1" 200 123
[27/Aug/2026 08:05:22] "GET /api/latest-detections/ HTTP/1.1" 200 123
[27/Aug/2026 08:05:22] "GET /api/latest-detections/ HTTP/1.1" 200 122
[27/Aug/2026 08:05:23] "GET /api/drone-location/ HTTP/1.1" 200 399
[27/Aug/2026 08:05:23] "GET /api/latest-detections/ HTTP/1.1" 200 123
[27/Aug/2026 08:05:23] "GET /api/latest-detections/ HTTP/1.1" 200 123
[27/Aug/2026 08:05:23] "GET /api/latest-detections/ HTTP/1.1" 200 123
[27/Aug/2026 08:05:24] "GET /api/latest-detections/ HTTP/1.1" 200 123
[27/Aug/2026 08:05:24] "GET /api/drone-location/ HTTP/1.1" 200 399
[27/Aug/2026 08:05:24] "GET /api/system-status/ HTTP/1.1" 200 479
[27/Aug/2026 08:05:24] "GET /api/latest-detections/ HTTP/1.1" 200 123
[27/Aug/2026 08:05:24] "GET /api/latest-detections/ HTTP/1.1" 200 123
[27/Aug/2026 08:05:25] "GET /api/latest-detections/ HTTP/1.1" 200 123
[27/Aug/2026 08:05:25] "GET /api/drone-location/ HTTP/1.1" 200 399
[27/Aug/2026 08:05:25] "GET /api/latest-detections/ HTTP/1.1" 200 123
[27/Aug/2026 08:05:25] "GET /api/latest-detections/ HTTP/1.1" 200 123
[27/Aug/2026 08:05:25] "GET /api/latest-detections/ HTTP/1.1" 200 123
[27/Aug/2026 08:05:26] "GET /api/drone-location/ HTTP/1.1" 200 399
[27/Aug/2026 08:05:26] "GET /api/latest-detections/ HTTP/1.1" 200 123
[27/Aug/2026 08:05:26] "GET /api/latest-detections/ HTTP/1.1" 200 123
[27/Aug/2026 08:05:26] "GET /api/latest-detections/ HTTP/1.1" 200 123
[27/Aug/2026 08:05:27] "GET /api/latest-detections/ HTTP/1.1" 200 123
[27/Aug/2026 08:05:27] "GET /api/drone-location/ HTTP/1.1" 200 399
[27/Aug/2026 08:05:27] "GET /api/system-status/ HTTP/1.1" 200 479
[27/Aug/2026 08:05:27] "GET /api/latest-detections/ HTTP/1.1" 200 123
[27/Aug/2026 08:05:27] "GET /api/latest-detections/ HTTP/1.1" 200 123
[27/Aug/2026 08:05:28] "GET /api/latest-detections/ HTTP/1.1" 200 123
[27/Aug/2026 08:05:28] "GET /api/drone-location/ HTTP/1.1" 200 399
[27/Aug/2026 08:05:28] "GET /api/latest-detections/ HTTP/1.1" 200 123
[27/Aug/2026 08:05:28] "GET /api/latest-detections/ HTTP/1.1" 200 123
[27/Aug/2026 08:05:28] "GET /api/latest-detections/ HTTP/1.1" 200 123
[27/Aug/2026 08:05:29] "GET /dashboard/remote-control/ HTTP/1.1" 200 36260
[27/Aug/2026 08:05:29] "GET /api/drone-location/ HTTP/1.1" 200 398
[27/Aug/2026 08:05:29] "GET /api/latest-detections/ HTTP/1.1" 200 123
[27/Aug/2026 08:05:29] "GET /api/latest-detections/ HTTP/1.1" 200 123
[27/Aug/2026 08:05:29] "GET /api/latest-detections/ HTTP/1.1" 200 123
[27/Aug/2026 08:05:30] "GET /api/latest-detections/ HTTP/1.1" 200 123
[27/Aug/2026 08:05:30] "GET /api/drone-location/ HTTP/1.1" 200 398
[27/Aug/2026 08:05:30] "GET /api/system-status/ HTTP/1.1" 200 479
[27/Aug/2026 08:05:30] "GET /api/latest-detections/ HTTP/1.1" 200 123
[27/Aug/2026 08:05:30] "GET /api/latest-detections/ HTTP/1.1" 200 123
[27/Aug/2026 08:05:31] "GET /api/latest-detections/ HTTP/1.1" 200 123
[27/Aug/2026 08:05:31] "GET /api/drone-location/ HTTP/1.1" 200 399
[27/Aug/2026 08:05:31] "GET /api/latest-detections/ HTTP/1.1" 200 123
[27/Aug/2026 08:05:31] "GET /api/latest-detections/ HTTP/1.1" 200 123
[27/Aug/2026 08:05:31] "GET /api/latest-detections/ HTTP/1.1" 200 123
[27/Aug/2026 08:05:32] "GET /api/drone-location/ HTTP/1.1" 200 399
[27/Aug/2026 08:05:32] "GET /api/latest-detections/ HTTP/1.1" 200 123
[27/Aug/2026 08:05:32] "GET /api/latest-detections/ HTTP/1.1" 200 123
[27/Aug/2026 08:05:32] "GET /api/latest-detections/ HTTP/1.1" 200 123
[27/Aug/2026 08:05:33] "GET /api/latest-detections/ HTTP/1.1" 200 123
[27/Aug/2026 08:05:33] "GET /api/drone-location/ HTTP/1.1" 200 399
[27/Aug/2026 08:05:33] "GET /api/system-status/ HTTP/1.1" 200 479
[27/Aug/2026 08:05:33] "GET /api/latest-detections/ HTTP/1.1" 200 123
[27/Aug/2026 08:05:33] "GET /api/latest-detections/ HTTP/1.1" 200 123
[27/Aug/2026 08:05:34] "GET /api/latest-detections/ HTTP/1.1" 200 123
[27/Aug/2026 08:05:34] "GET /api/drone-location/ HTTP/1.1" 200 399
[27/Aug/2026 08:05:34] "GET /api/latest-detections/ HTTP/1.1" 200 123
[27/Aug/2026 08:05:34] "GET /api/latest-detections/ HTTP/1.1" 200 123
[27/Aug/2026 08:05:34] "GET /api/latest-detections/ HTTP/1.1" 200 123
[27/Aug/2026 08:05:35] "GET /api/drone-location/ HTTP/1.1" 200 399
[27/Aug/2026 08:05:35] "GET /api/latest-detections/ HTTP/1.1" 200 123
[27/Aug/2026 08:05:35] "GET /api/latest-detections/ HTTP/1.1" 200 123
[27/Aug/2026 08:05:35] "GET /api/latest-detections/ HTTP/1.1" 200 123
[27/Aug/2026 08:05:36] "GET /api/latest-detections/ HTTP/1.1" 200 123
[27/Aug/2026 08:05:36] "GET /api/drone-location/ HTTP/1.1" 200 399
[27/Aug/2026 08:05:36] "GET /api/system-status/ HTTP/1.1" 200 479
[27/Aug/2026 08:05:36] "GET /api/latest-detections/ HTTP/1.1" 200 123
[27/Aug/2026 08:05:36] "GET /api/latest-detections/ HTTP/1.1" 200 123
[27/Aug/2026 08:05:37] "GET /api/latest-detections/ HTTP/1.1" 200 123
[27/Aug/2026 08:05:37] "GET /api/drone-location/ HTTP/1.1" 200 398
[27/Aug/2026 08:05:37] "GET /api/latest-detections/ HTTP/1.1" 200 123
[27/Aug/2026 08:05:37] "GET /api/latest-detections/ HTTP/1.1" 200 123
[27/Aug/2026 08:05:37] "GET /api/latest-detections/ HTTP/1.1" 200 123
[27/Aug/2026 08:05:38] "GET /api/drone-location/ HTTP/1.1" 200 398
[27/Aug/2026 08:05:38] "GET /api/latest-detections/ HTTP/1.1" 200 123
[27/Aug/2026 08:05:38] "GET /api/latest-detections/ HTTP/1.1" 200 123
[27/Aug/2026 08:05:38] "GET /api/latest-detections/ HTTP/1.1" 200 123
[27/Aug/2026 08:05:39] "GET /api/latest-detections/ HTTP/1.1" 200 123
[27/Aug/2026 08:05:39] "GET /api/drone-location/ HTTP/1.1" 200 398
[27/Aug/2026 08:05:39] "GET /api/system-status/ HTTP/1.1" 200 479
[27/Aug/2026 08:05:39] "GET /api/latest-detections/ HTTP/1.1" 200 123
[27/Aug/2026 08:05:39] "GET /api/latest-detections/ HTTP/1.1" 200 123
[27/Aug/2026 08:05:40] "GET /api/latest-detections/ HTTP/1.1" 200 123
[27/Aug/2026 08:05:40] "GET /api/drone-location/ HTTP/1.1" 200 398
[27/Aug/2026 08:05:40] "GET /api/latest-detections/ HTTP/1.1" 200 123
[27/Aug/2026 08:05:40] "GET /api/latest-detections/ HTTP/1.1" 200 123
[27/Aug/2026 08:05:40] "GET /api/latest-detections/ HTTP/1.1" 200 123
[27/Aug/2026 08:05:41] "GET /api/drone-location/ HTTP/1.1" 200 398
[27/Aug/2026 08:05:41] "GET /api/latest-detections/ HTTP/1.1" 200 123
[27/Aug/2026 08:05:41] "GET /api/latest-detections/ HTTP/1.1" 200 123
[27/Aug/2026 08:05:41] "GET /api/latest-detections/ HTTP/1.1" 200 123
[27/Aug/2026 08:05:42] "GET /api/latest-detections/ HTTP/1.1" 200 123
[27/Aug/2026 08:05:42] "GET /api/drone-location/ HTTP/1.1" 200 398
[27/Aug/2026 08:05:42] "GET /api/system-status/ HTTP/1.1" 200 479
[27/Aug/2026 08:05:42] "GET /api/latest-detections/ HTTP/1.1" 200 123
[27/Aug/2026 08:05:42] "GET /api/latest-detections/ HTTP/1.1" 200 123
[27/Aug/2026 08:05:43] "GET /api/latest-detections/ HTTP/1.1" 200 123
[27/Aug/2026 08:05:43] "GET /api/drone-location/ HTTP/1.1" 200 398
[27/Aug/2026 08:05:43] "GET /api/latest-detections/ HTTP/1.1" 200 123
[27/Aug/2026 08:05:43] "GET /api/latest-detections/ HTTP/1.1" 200 123
[27/Aug/2026 08:05:43] "GET /api/latest-detections/ HTTP/1.1" 200 123
[27/Aug/2026 08:05:44] "GET /api/drone-location/ HTTP/1.1" 200 398
[27/Aug/2026 08:05:44] "GET /api/latest-detections/ HTTP/1.1" 200 123
[27/Aug/2026 08:05:44] "GET /api/latest-detections/ HTTP/1.1" 200 123
[27/Aug/2026 08:05:44] "GET /api/latest-detections/ HTTP/1.1" 200 123
[27/Aug/2026 08:05:45] "GET /api/drone-location/ HTTP/1.1" 200 399
[27/Aug/2026 08:05:45] "GET /api/latest-detections/ HTTP/1.1" 200 123
[27/Aug/2026 08:05:45] "GET /api/system-status/ HTTP/1.1" 200 479
[27/Aug/2026 08:05:45] "GET /api/latest-detections/ HTTP/1.1" 200 123
[27/Aug/2026 08:05:45] "GET /api/latest-detections/ HTTP/1.1" 200 123
[27/Aug/2026 08:05:46] "GET /api/latest-detections/ HTTP/1.1" 200 123
[27/Aug/2026 08:05:46] "GET /api/drone-location/ HTTP/1.1" 200 399
[27/Aug/2026 08:05:46] "GET /api/latest-detections/ HTTP/1.1" 200 123
[27/Aug/2026 08:05:46] "GET /api/latest-detections/ HTTP/1.1" 200 123
[27/Aug/2026 08:05:46] "GET /api/latest-detections/ HTTP/1.1" 200 123
[27/Aug/2026 08:05:47] "GET /api/drone-location/ HTTP/1.1" 200 399
[27/Aug/2026 08:05:47] "GET /api/latest-detections/ HTTP/1.1" 200 123
[27/Aug/2026 08:05:47] "GET /api/latest-detections/ HTTP/1.1" 200 123
[27/Aug/2026 08:05:47] "GET /api/latest-detections/ HTTP/1.1" 200 123
[27/Aug/2026 08:05:48] "GET /api/latest-detections/ HTTP/1.1" 200 123
[27/Aug/2026 08:05:48] "GET /api/drone-location/ HTTP/1.1" 200 399
[27/Aug/2026 08:05:48] "GET /api/system-status/ HTTP/1.1" 200 479
[27/Aug/2026 08:05:48] "GET /api/latest-detections/ HTTP/1.1" 200 123
[27/Aug/2026 08:05:48] "GET /api/latest-detections/ HTTP/1.1" 200 123
[27/Aug/2026 08:05:49] "GET /api/latest-detections/ HTTP/1.1" 200 123
[27/Aug/2026 08:05:49] "GET /api/drone-location/ HTTP/1.1" 200 398
[27/Aug/2026 08:05:49] "GET /api/latest-detections/ HTTP/1.1" 200 123
[27/Aug/2026 08:05:49] "GET /api/latest-detections/ HTTP/1.1" 200 123
[27/Aug/2026 08:05:49] "GET /api/latest-detections/ HTTP/1.1" 200 123
[27/Aug/2026 08:05:50] "GET /api/drone-location/ HTTP/1.1" 200 398
[27/Aug/2026 08:05:50] "GET /api/latest-detections/ HTTP/1.1" 200 123
[27/Aug/2026 08:05:50] "GET /api/latest-detections/ HTTP/1.1" 200 123
[27/Aug/2026 08:05:50] "GET /api/latest-detections/ HTTP/1.1" 200 123
[27/Aug/2026 08:05:51] "GET /api/latest-detections/ HTTP/1.1" 200 123
[27/Aug/2026 08:05:51] "GET /api/drone-location/ HTTP/1.1" 200 396
[27/Aug/2026 08:05:51] "GET /api/system-status/ HTTP/1.1" 200 479
[27/Aug/2026 08:05:51] "GET /api/latest-detections/ HTTP/1.1" 200 123
[27/Aug/2026 08:05:51] "GET /api/latest-detections/ HTTP/1.1" 200 123
[27/Aug/2026 08:05:52] "GET /api/latest-detections/ HTTP/1.1" 200 123
[27/Aug/2026 08:05:52] "GET /api/drone-location/ HTTP/1.1" 200 396
[27/Aug/2026 08:05:52] "GET /api/latest-detections/ HTTP/1.1" 200 123
[27/Aug/2026 08:05:52] "GET /api/latest-detections/ HTTP/1.1" 200 123
[27/Aug/2026 08:05:52] "GET /api/latest-detections/ HTTP/1.1" 200 123
[27/Aug/2026 08:05:53] "GET /api/drone-location/ HTTP/1.1" 200 396
[27/Aug/2026 08:05:53] "GET /api/latest-detections/ HTTP/1.1" 200 123
[27/Aug/2026 08:05:53] "GET /api/latest-detections/ HTTP/1.1" 200 123
[27/Aug/2026 08:05:53] "GET /api/latest-detections/ HTTP/1.1" 200 123
[27/Aug/2026 08:05:54] "GET /api/latest-detections/ HTTP/1.1" 200 123
[27/Aug/2026 08:05:54] "GET /api/drone-location/ HTTP/1.1" 200 396
[27/Aug/2026 08:05:54] "GET /api/system-status/ HTTP/1.1" 200 479
[27/Aug/2026 08:05:54] "GET /api/latest-detections/ HTTP/1.1" 200 123
[27/Aug/2026 08:05:54] "GET /api/latest-detections/ HTTP/1.1" 200 123
[27/Aug/2026 08:05:55] "GET /api/latest-detections/ HTTP/1.1" 200 123
[27/Aug/2026 08:05:55] "GET /api/drone-location/ HTTP/1.1" 200 398
[27/Aug/2026 08:05:55] "GET /api/latest-detections/ HTTP/1.1" 200 123
[27/Aug/2026 08:05:55] "GET /api/latest-detections/ HTTP/1.1" 200 123
[27/Aug/2026 08:05:55] "GET /api/latest-detections/ HTTP/1.1" 200 123
[27/Aug/2026 08:05:56] "GET /api/drone-location/ HTTP/1.1" 200 398
[27/Aug/2026 08:05:56] "GET /api/latest-detections/ HTTP/1.1" 200 123
[27/Aug/2026 08:05:56] "GET /api/latest-detections/ HTTP/1.1" 200 123
[27/Aug/2026 08:05:56] "GET /api/latest-detections/ HTTP/1.1" 200 123
[27/Aug/2026 08:05:57] "GET /api/latest-detections/ HTTP/1.1" 200 123
[27/Aug/2026 08:05:57] "GET /api/drone-location/ HTTP/1.1" 200 399
[27/Aug/2026 08:05:57] "GET /api/system-status/ HTTP/1.1" 200 479
[27/Aug/2026 08:05:57] "GET /api/latest-detections/ HTTP/1.1" 200 123
[27/Aug/2026 08:05:57] "GET /api/latest-detections/ HTTP/1.1" 200 123
[27/Aug/2026 08:05:58] "GET /api/latest-detections/ HTTP/1.1" 200 123
[27/Aug/2026 08:05:58] "GET /api/drone-location/ HTTP/1.1" 200 399
[27/Aug/2026 08:05:58] "GET /api/latest-detections/ HTTP/1.1" 200 123
[27/Aug/2026 08:05:58] "GET /api/latest-detections/ HTTP/1.1" 200 123
[27/Aug/2026 08:05:58] "GET /api/latest-detections/ HTTP/1.1" 200 123
[27/Aug/2026 08:05:59] "GET /api/drone-location/ HTTP/1.1" 200 398
[27/Aug/2026 08:05:59] "GET /api/latest-detections/ HTTP/1.1" 200 123
[27/Aug/2026 08:05:59] "GET /api/latest-detections/ HTTP/1.1" 200 123
[27/Aug/2026 08:05:59] "GET /api/latest-detections/ HTTP/1.1" 200 123
[27/Aug/2026 08:06:00] "GET /api/latest-detections/ HTTP/1.1" 200 123
[27/Aug/2026 08:06:00] "GET /api/drone-location/ HTTP/1.1" 200 398
[27/Aug/2026 08:06:00] "GET /api/system-status/ HTTP/1.1" 200 479
[27/Aug/2026 08:06:00] "GET /api/latest-detections/ HTTP/1.1" 200 123
[27/Aug/2026 08:06:00] "GET /api/latest-detections/ HTTP/1.1" 200 123
[27/Aug/2026 08:06:01] "GET /api/latest-detections/ HTTP/1.1" 200 123
[27/Aug/2026 08:06:01] "GET /api/drone-location/ HTTP/1.1" 200 399
[27/Aug/2026 08:06:01] "GET /api/latest-detections/ HTTP/1.1" 200 123
[27/Aug/2026 08:06:01] "GET /api/latest-detections/ HTTP/1.1" 200 123
[27/Aug/2026 08:06:01] "GET /api/latest-detections/ HTTP/1.1" 200 123
[27/Aug/2026 08:06:02] "GET /api/drone-location/ HTTP/1.1" 200 399
[27/Aug/2026 08:06:02] "GET /api/latest-detections/ HTTP/1.1" 200 123
[27/Aug/2026 08:06:02] "GET /api/latest-detections/ HTTP/1.1" 200 123
[27/Aug/2026 08:06:02] "GET /api/latest-detections/ HTTP/1.1" 200 123
[27/Aug/2026 08:06:03] "GET /api/latest-detections/ HTTP/1.1" 200 123
[27/Aug/2026 08:06:03] "GET /api/drone-location/ HTTP/1.1" 200 398
[27/Aug/2026 08:06:03] "GET /api/system-status/ HTTP/1.1" 200 479
[27/Aug/2026 08:06:03] "GET /api/latest-detections/ HTTP/1.1" 200 123
[27/Aug/2026 08:06:03] "GET /api/latest-detections/ HTTP/1.1" 200 123
[27/Aug/2026 08:06:04] "GET /api/latest-detections/ HTTP/1.1" 200 123
[27/Aug/2026 08:06:04] "GET /api/drone-location/ HTTP/1.1" 200 398
[27/Aug/2026 08:06:04] "GET /api/latest-detections/ HTTP/1.1" 200 123
[27/Aug/2026 08:06:04] "GET /api/latest-detections/ HTTP/1.1" 200 123
[27/Aug/2026 08:06:04] "GET /api/latest-detections/ HTTP/1.1" 200 123
[27/Aug/2026 08:06:05] "GET /api/drone-location/ HTTP/1.1" 200 398
[27/Aug/2026 08:06:05] "GET /api/latest-detections/ HTTP/1.1" 200 123
[27/Aug/2026 08:06:05] "GET /api/latest-detections/ HTTP/1.1" 200 123
[27/Aug/2026 08:06:05] "GET /api/latest-detections/ HTTP/1.1" 200 123
[27/Aug/2026 08:06:06] "GET /api/latest-detections/ HTTP/1.1" 200 123
[27/Aug/2026 08:06:06] "GET /api/drone-location/ HTTP/1.1" 200 398
[27/Aug/2026 08:06:06] "GET /api/system-status/ HTTP/1.1" 200 479
[27/Aug/2026 08:06:06] "GET /api/latest-detections/ HTTP/1.1" 200 123
[27/Aug/2026 08:06:06] "GET /api/latest-detections/ HTTP/1.1" 200 123
[27/Aug/2026 08:06:07] "GET /api/latest-detections/ HTTP/1.1" 200 123
[27/Aug/2026 08:06:07] "GET /api/drone-location/ HTTP/1.1" 200 398
[27/Aug/2026 08:06:07] "GET /api/latest-detections/ HTTP/1.1" 200 123
[27/Aug/2026 08:06:07] "GET /api/latest-detections/ HTTP/1.1" 200 123
[27/Aug/2026 08:06:07] "GET /api/latest-detections/ HTTP/1.1" 200 123
[27/Aug/2026 08:06:08] "GET /api/drone-location/ HTTP/1.1" 200 398
[27/Aug/2026 08:06:08] "GET /api/latest-detections/ HTTP/1.1" 200 123
[27/Aug/2026 08:06:08] "GET /api/latest-detections/ HTTP/1.1" 200 123
[27/Aug/2026 08:06:08] "GET /api/latest-detections/ HTTP/1.1" 200 123
[27/Aug/2026 08:06:09] "GET /api/latest-detections/ HTTP/1.1" 200 123
[27/Aug/2026 08:06:09] "GET /api/drone-location/ HTTP/1.1" 200 399
[27/Aug/2026 08:06:09] "GET /api/system-status/ HTTP/1.1" 200 479
[27/Aug/2026 08:06:09] "GET /api/latest-detections/ HTTP/1.1" 200 123
[27/Aug/2026 08:06:09] "GET /api/latest-detections/ HTTP/1.1" 200 123
[27/Aug/2026 08:06:10] "GET /api/latest-detections/ HTTP/1.1" 200 123
[27/Aug/2026 08:06:10] "GET /api/drone-location/ HTTP/1.1" 200 399
[27/Aug/2026 08:06:10] "GET /api/latest-detections/ HTTP/1.1" 200 123
[27/Aug/2026 08:06:10] "GET /api/latest-detections/ HTTP/1.1" 200 123
[27/Aug/2026 08:06:10] "GET /api/latest-detections/ HTTP/1.1" 200 123
[27/Aug/2026 08:06:11] "GET /api/drone-location/ HTTP/1.1" 200 396
[27/Aug/2026 08:06:11] "GET /api/latest-detections/ HTTP/1.1" 200 123
[27/Aug/2026 08:06:11] "GET /api/latest-detections/ HTTP/1.1" 200 123
[27/Aug/2026 08:06:11] "GET /api/latest-detections/ HTTP/1.1" 200 123
[27/Aug/2026 08:06:12] "GET /api/latest-detections/ HTTP/1.1" 200 123
[27/Aug/2026 08:06:12] "GET /api/drone-location/ HTTP/1.1" 200 396
[27/Aug/2026 08:06:12] "GET /api/system-status/ HTTP/1.1" 200 479
[27/Aug/2026 08:06:12] "GET /api/latest-detections/ HTTP/1.1" 200 123
[27/Aug/2026 08:06:12] "GET /api/latest-detections/ HTTP/1.1" 200 123
[27/Aug/2026 08:06:13] "GET /api/latest-detections/ HTTP/1.1" 200 123
[27/Aug/2026 08:06:13] "GET /api/drone-location/ HTTP/1.1" 200 398
[27/Aug/2026 08:06:13] "GET /api/latest-detections/ HTTP/1.1" 200 123
[27/Aug/2026 08:06:13] "GET /api/latest-detections/ HTTP/1.1" 200 123
[27/Aug/2026 08:06:13] "GET /api/latest-detections/ HTTP/1.1" 200 123
[27/Aug/2026 08:06:14] "GET /api/drone-location/ HTTP/1.1" 200 398
[27/Aug/2026 08:06:14] "GET /api/latest-detections/ HTTP/1.1" 200 123
[27/Aug/2026 08:06:14] "GET /api/latest-detections/ HTTP/1.1" 200 123
[27/Aug/2026 08:06:14] "GET /api/latest-detections/ HTTP/1.1" 200 123
[27/Aug/2026 08:06:15] "GET /api/latest-detections/ HTTP/1.1" 200 123
[27/Aug/2026 08:06:15] "GET /api/drone-location/ HTTP/1.1" 200 398
[27/Aug/2026 08:06:15] "GET /api/system-status/ HTTP/1.1" 200 479
[27/Aug/2026 08:06:15] "GET /api/latest-detections/ HTTP/1.1" 200 123
[27/Aug/2026 08:06:15] "GET /api/latest-detections/ HTTP/1.1" 200 123
[27/Aug/2026 08:06:16] "GET /api/latest-detections/ HTTP/1.1" 200 123
[27/Aug/2026 08:06:16] "GET /api/drone-location/ HTTP/1.1" 200 398
[27/Aug/2026 08:06:16] "GET /api/latest-detections/ HTTP/1.1" 200 123
[27/Aug/2026 08:06:16] "GET /api/latest-detections/ HTTP/1.1" 200 123
[27/Aug/2026 08:06:16] "GET /api/latest-detections/ HTTP/1.1" 200 123
[27/Aug/2026 08:06:17] "GET /api/drone-location/ HTTP/1.1" 200 398
[27/Aug/2026 08:06:17] "GET /api/latest-detections/ HTTP/1.1" 200 123
[27/Aug/2026 08:06:17] "GET /api/latest-detections/ HTTP/1.1" 200 123
[27/Aug/2026 08:06:17] "GET /api/latest-detections/ HTTP/1.1" 200 123
[27/Aug/2026 08:06:18] "GET /api/latest-detections/ HTTP/1.1" 200 123
[27/Aug/2026 08:06:18] "GET /api/drone-location/ HTTP/1.1" 200 398
[27/Aug/2026 08:06:18] "GET /api/system-status/ HTTP/1.1" 200 479
[27/Aug/2026 08:06:18] "GET /api/latest-detections/ HTTP/1.1" 200 123
[27/Aug/2026 08:06:18] "GET /api/latest-detections/ HTTP/1.1" 200 123
[27/Aug/2026 08:06:19] "GET /api/latest-detections/ HTTP/1.1" 200 123
[27/Aug/2026 08:06:19] "GET /api/drone-location/ HTTP/1.1" 200 399
[27/Aug/2026 08:06:19] "GET /api/latest-detections/ HTTP/1.1" 200 123
[27/Aug/2026 08:06:19] "GET /api/latest-detections/ HTTP/1.1" 200 123
[27/Aug/2026 08:06:19] "GET /api/latest-detections/ HTTP/1.1" 200 123
[27/Aug/2026 08:06:20] "GET /api/drone-location/ HTTP/1.1" 200 399
[27/Aug/2026 08:06:20] "GET /api/latest-detections/ HTTP/1.1" 200 123
[27/Aug/2026 08:06:20] "GET /api/latest-detections/ HTTP/1.1" 200 123
[27/Aug/2026 08:06:20] "GET /api/latest-detections/ HTTP/1.1" 200 123
[27/Aug/2026 08:06:21] "GET /api/latest-detections/ HTTP/1.1" 200 123
[27/Aug/2026 08:06:21] "GET /api/drone-location/ HTTP/1.1" 200 398
[27/Aug/2026 08:06:21] "GET /api/system-status/ HTTP/1.1" 200 479
[27/Aug/2026 08:06:21] "GET /api/latest-detections/ HTTP/1.1" 200 123
[27/Aug/2026 08:06:21] "GET /api/latest-detections/ HTTP/1.1" 200 123
[27/Aug/2026 08:06:22] "GET /api/latest-detections/ HTTP/1.1" 200 123
[27/Aug/2026 08:06:22] "GET /api/drone-location/ HTTP/1.1" 200 398
[27/Aug/2026 08:06:22] "GET /api/latest-detections/ HTTP/1.1" 200 123
[27/Aug/2026 08:06:22] "GET /api/latest-detections/ HTTP/1.1" 200 123
[27/Aug/2026 08:06:23] "GET /api/latest-detections/ HTTP/1.1" 200 123
[27/Aug/2026 08:06:23] "GET /api/drone-location/ HTTP/1.1" 200 399
[27/Aug/2026 08:06:23] "GET /api/latest-detections/ HTTP/1.1" 200 123
[27/Aug/2026 08:06:23] "GET /api/latest-detections/ HTTP/1.1" 200 123
[27/Aug/2026 08:06:23] "GET /api/latest-detections/ HTTP/1.1" 200 123
[27/Aug/2026 08:06:24] "GET /api/latest-detections/ HTTP/1.1" 200 123
[27/Aug/2026 08:06:24] "GET /api/drone-location/ HTTP/1.1" 200 399
[27/Aug/2026 08:06:24] "GET /api/system-status/ HTTP/1.1" 200 479
[27/Aug/2026 08:06:24] "GET /api/latest-detections/ HTTP/1.1" 200 123
[27/Aug/2026 08:06:24] "GET /api/latest-detections/ HTTP/1.1" 200 123
[27/Aug/2026 08:06:25] "GET /api/latest-detections/ HTTP/1.1" 200 123
[27/Aug/2026 08:06:25] "GET /api/drone-location/ HTTP/1.1" 200 399
[27/Aug/2026 08:06:25] "GET /api/latest-detections/ HTTP/1.1" 200 123
[27/Aug/2026 08:06:25] "GET /api/latest-detections/ HTTP/1.1" 200 123
[27/Aug/2026 08:06:25] "GET /api/latest-detections/ HTTP/1.1" 200 123
[27/Aug/2026 08:06:26] "GET /api/drone-location/ HTTP/1.1" 200 399
[27/Aug/2026 08:06:26] "GET /api/latest-detections/ HTTP/1.1" 200 123
[27/Aug/2026 08:06:26] "GET /api/latest-detections/ HTTP/1.1" 200 123
[27/Aug/2026 08:06:26] "GET /api/latest-detections/ HTTP/1.1" 200 123
[27/Aug/2026 08:06:27] "GET /api/latest-detections/ HTTP/1.1" 200 123
[27/Aug/2026 08:06:27] "GET /api/drone-location/ HTTP/1.1" 200 399
[27/Aug/2026 08:06:27] "GET /api/system-status/ HTTP/1.1" 200 479
[27/Aug/2026 08:06:27] "GET /api/latest-detections/ HTTP/1.1" 200 123
[27/Aug/2026 08:06:27] "GET /api/latest-detections/ HTTP/1.1" 200 123
[27/Aug/2026 08:06:28] "GET /api/latest-detections/ HTTP/1.1" 200 123
[27/Aug/2026 08:06:28] "GET /api/drone-location/ HTTP/1.1" 200 399
[27/Aug/2026 08:06:28] "GET /api/latest-detections/ HTTP/1.1" 200 123
[27/Aug/2026 08:06:28] "GET /api/latest-detections/ HTTP/1.1" 200 123
[27/Aug/2026 08:06:28] "GET /api/latest-detections/ HTTP/1.1" 200 123
[27/Aug/2026 08:06:29] "GET /api/drone-location/ HTTP/1.1" 200 399
[27/Aug/2026 08:06:29] "GET /api/latest-detections/ HTTP/1.1" 200 123
[27/Aug/2026 08:06:29] "GET /api/latest-detections/ HTTP/1.1" 200 123
[27/Aug/2026 08:06:29] "GET /api/latest-detections/ HTTP/1.1" 200 123
[27/Aug/2026 08:06:30] "GET /api/latest-detections/ HTTP/1.1" 200 123
[27/Aug/2026 08:06:30] "GET /api/drone-location/ HTTP/1.1" 200 399
[27/Aug/2026 08:06:30] "GET /api/system-status/ HTTP/1.1" 200 479
[27/Aug/2026 08:06:30] "GET /api/latest-detections/ HTTP/1.1" 200 123
[27/Aug/2026 08:06:30] "GET /api/latest-detections/ HTTP/1.1" 200 123
[27/Aug/2026 08:06:31] "GET /api/latest-detections/ HTTP/1.1" 200 123
[27/Aug/2026 08:06:31] "GET /api/drone-location/ HTTP/1.1" 200 398
[27/Aug/2026 08:06:31] "GET /api/latest-detections/ HTTP/1.1" 200 123
[27/Aug/2026 08:06:31] "GET /api/latest-detections/ HTTP/1.1" 200 123
[27/Aug/2026 08:06:31] "GET /api/latest-detections/ HTTP/1.1" 200 123
[27/Aug/2026 08:06:32] "GET /api/drone-location/ HTTP/1.1" 200 398
[27/Aug/2026 08:06:32] "GET /api/latest-detections/ HTTP/1.1" 200 123
[27/Aug/2026 08:06:32] "GET /api/latest-detections/ HTTP/1.1" 200 123
[27/Aug/2026 08:06:32] "GET /api/latest-detections/ HTTP/1.1" 200 123
[27/Aug/2026 08:06:33] "GET /api/drone-location/ HTTP/1.1" 200 398
[27/Aug/2026 08:06:33] "GET /api/latest-detections/ HTTP/1.1" 200 123
[27/Aug/2026 08:06:33] "GET /api/system-status/ HTTP/1.1" 200 479
[27/Aug/2026 08:06:33] "GET /api/latest-detections/ HTTP/1.1" 200 123
[27/Aug/2026 08:06:33] "GET /api/latest-detections/ HTTP/1.1" 200 123
[27/Aug/2026 08:06:34] "GET /api/latest-detections/ HTTP/1.1" 200 123
[27/Aug/2026 08:06:34] "GET /api/drone-location/ HTTP/1.1" 200 398
[27/Aug/2026 08:06:34] "GET /api/latest-detections/ HTTP/1.1" 200 123
[27/Aug/2026 08:06:34] "GET /api/latest-detections/ HTTP/1.1" 200 123
[27/Aug/2026 08:06:34] "GET /api/latest-detections/ HTTP/1.1" 200 123
[27/Aug/2026 08:06:35] "GET /api/drone-location/ HTTP/1.1" 200 399
[27/Aug/2026 08:06:35] "GET /api/latest-detections/ HTTP/1.1" 200 123
[27/Aug/2026 08:06:35] "GET /api/latest-detections/ HTTP/1.1" 200 123
[27/Aug/2026 08:06:35] "GET /api/latest-detections/ HTTP/1.1" 200 123
[27/Aug/2026 08:06:36] "GET /api/latest-detections/ HTTP/1.1" 200 123
[27/Aug/2026 08:06:36] "GET /api/drone-location/ HTTP/1.1" 200 399
[27/Aug/2026 08:06:36] "GET /api/system-status/ HTTP/1.1" 200 479
[27/Aug/2026 08:06:36] "GET /api/latest-detections/ HTTP/1.1" 200 123
[27/Aug/2026 08:06:36] "GET /api/latest-detections/ HTTP/1.1" 200 123
[27/Aug/2026 08:06:37] "GET /api/latest-detections/ HTTP/1.1" 200 123
[27/Aug/2026 08:06:37] "GET /api/drone-location/ HTTP/1.1" 200 398
[27/Aug/2026 08:06:37] "GET /api/latest-detections/ HTTP/1.1" 200 123
[27/Aug/2026 08:06:37] "GET /api/latest-detections/ HTTP/1.1" 200 123
[27/Aug/2026 08:06:37] "GET /api/latest-detections/ HTTP/1.1" 200 123
[27/Aug/2026 08:06:38] "GET /api/drone-location/ HTTP/1.1" 200 398
[27/Aug/2026 08:06:38] "GET /api/latest-detections/ HTTP/1.1" 200 123
[27/Aug/2026 08:06:38] "GET /api/latest-detections/ HTTP/1.1" 200 123
[27/Aug/2026 08:06:38] "GET /api/latest-detections/ HTTP/1.1" 200 123
[27/Aug/2026 08:06:39] "GET /api/latest-detections/ HTTP/1.1" 200 123
[27/Aug/2026 08:06:39] "GET /api/drone-location/ HTTP/1.1" 200 398
[27/Aug/2026 08:06:39] "GET /api/system-status/ HTTP/1.1" 200 479
[27/Aug/2026 08:06:39] "GET /api/latest-detections/ HTTP/1.1" 200 123
[27/Aug/2026 08:06:39] "GET /api/latest-detections/ HTTP/1.1" 200 123
[27/Aug/2026 08:06:40] "GET /api/latest-detections/ HTTP/1.1" 200 123
[27/Aug/2026 08:06:40] "GET /api/drone-location/ HTTP/1.1" 200 398
[27/Aug/2026 08:06:40] "GET /api/latest-detections/ HTTP/1.1" 200 123
[27/Aug/2026 08:06:40] "GET /api/latest-detections/ HTTP/1.1" 200 123
[27/Aug/2026 08:06:40] "GET /api/latest-detections/ HTTP/1.1" 200 123
[27/Aug/2026 08:06:41] "GET /api/drone-location/ HTTP/1.1" 200 398
[27/Aug/2026 08:06:41] "GET /api/latest-detections/ HTTP/1.1" 200 123
[27/Aug/2026 08:06:41] "GET /api/latest-detections/ HTTP/1.1" 200 123
[27/Aug/2026 08:06:41] "GET /api/latest-detections/ HTTP/1.1" 200 123
[27/Aug/2026 08:06:42] "GET /api/latest-detections/ HTTP/1.1" 200 123
[27/Aug/2026 08:06:42] "GET /api/drone-location/ HTTP/1.1" 200 398
[27/Aug/2026 08:06:42] "GET /api/system-status/ HTTP/1.1" 200 479
[27/Aug/2026 08:06:42] "GET /api/latest-detections/ HTTP/1.1" 200 123
[27/Aug/2026 08:06:42] "GET /api/latest-detections/ HTTP/1.1" 200 123
[27/Aug/2026 08:06:43] "GET /api/latest-detections/ HTTP/1.1" 200 123
[27/Aug/2026 08:06:43] "GET /api/drone-location/ HTTP/1.1" 200 399
[27/Aug/2026 08:06:43] "GET /api/latest-detections/ HTTP/1.1" 200 123
[27/Aug/2026 08:06:43] "GET /api/latest-detections/ HTTP/1.1" 200 123
[27/Aug/2026 08:06:43] "GET /api/latest-detections/ HTTP/1.1" 200 123
[27/Aug/2026 08:06:44] "GET /api/drone-location/ HTTP/1.1" 200 399
[27/Aug/2026 08:06:44] "GET /api/latest-detections/ HTTP/1.1" 200 123
[27/Aug/2026 08:06:44] "GET /api/latest-detections/ HTTP/1.1" 200 123
[27/Aug/2026 08:06:44] "GET /api/latest-detections/ HTTP/1.1" 200 123
[27/Aug/2026 08:06:45] "GET /api/latest-detections/ HTTP/1.1" 200 123
[27/Aug/2026 08:06:45] "GET /api/drone-location/ HTTP/1.1" 200 399
[27/Aug/2026 08:06:45] "GET /api/system-status/ HTTP/1.1" 200 479
[27/Aug/2026 08:06:45] "GET /api/latest-detections/ HTTP/1.1" 200 123
[27/Aug/2026 08:06:45] "GET /api/latest-detections/ HTTP/1.1" 200 123
[27/Aug/2026 08:06:46] "GET /api/latest-detections/ HTTP/1.1" 200 123
[27/Aug/2026 08:06:46] "GET /api/drone-location/ HTTP/1.1" 200 399
[27/Aug/2026 08:06:46] "GET /api/latest-detections/ HTTP/1.1" 200 123
[27/Aug/2026 08:06:46] "GET /api/latest-detections/ HTTP/1.1" 200 123
[27/Aug/2026 08:06:46] "GET /api/latest-detections/ HTTP/1.1" 200 123
[27/Aug/2026 08:06:47] "GET /api/drone-location/ HTTP/1.1" 200 398
[27/Aug/2026 08:06:47] "GET /api/latest-detections/ HTTP/1.1" 200 123
[27/Aug/2026 08:06:47] "GET /api/latest-detections/ HTTP/1.1" 200 123
[27/Aug/2026 08:06:47] "GET /api/latest-detections/ HTTP/1.1" 200 123
[27/Aug/2026 08:06:48] "GET /api/latest-detections/ HTTP/1.1" 200 123
[27/Aug/2026 08:06:48] "GET /api/drone-location/ HTTP/1.1" 200 398
[27/Aug/2026 08:06:48] "GET /api/system-status/ HTTP/1.1" 200 479
[27/Aug/2026 08:06:48] "GET /api/latest-detections/ HTTP/1.1" 200 123
[27/Aug/2026 08:06:48] "GET /api/latest-detections/ HTTP/1.1" 200 123
[27/Aug/2026 08:06:49] "GET /api/latest-detections/ HTTP/1.1" 200 123
[27/Aug/2026 08:06:49] "GET /api/drone-location/ HTTP/1.1" 200 398
[27/Aug/2026 08:06:49] "GET /api/latest-detections/ HTTP/1.1" 200 123
[27/Aug/2026 08:06:49] "GET /api/latest-detections/ HTTP/1.1" 200 123
[27/Aug/2026 08:06:49] "GET /api/latest-detections/ HTTP/1.1" 200 123
[27/Aug/2026 08:06:50] "GET /api/drone-location/ HTTP/1.1" 200 398
[27/Aug/2026 08:06:50] "GET /api/latest-detections/ HTTP/1.1" 200 123
[27/Aug/2026 08:06:50] "GET /api/latest-detections/ HTTP/1.1" 200 123
[27/Aug/2026 08:06:50] "GET /api/latest-detections/ HTTP/1.1" 200 123
[27/Aug/2026 08:06:51] "GET /api/latest-detections/ HTTP/1.1" 200 123
[27/Aug/2026 08:06:51] "GET /api/drone-location/ HTTP/1.1" 200 399
[27/Aug/2026 08:06:51] "GET /api/system-status/ HTTP/1.1" 200 479
[27/Aug/2026 08:06:51] "GET /api/latest-detections/ HTTP/1.1" 200 123
[27/Aug/2026 08:06:51] "GET /api/latest-detections/ HTTP/1.1" 200 123
[27/Aug/2026 08:06:52] "GET /api/latest-detections/ HTTP/1.1" 200 123
[27/Aug/2026 08:06:52] "GET /api/drone-location/ HTTP/1.1" 200 399
[27/Aug/2026 08:06:52] "GET /api/latest-detections/ HTTP/1.1" 200 123
[27/Aug/2026 08:06:52] "GET /api/latest-detections/ HTTP/1.1" 200 123
[27/Aug/2026 08:06:52] "GET /api/latest-detections/ HTTP/1.1" 200 123
[27/Aug/2026 08:06:53] "GET /api/drone-location/ HTTP/1.1" 200 398
[27/Aug/2026 08:06:53] "GET /api/latest-detections/ HTTP/1.1" 200 122
[27/Aug/2026 08:06:53] "GET /api/latest-detections/ HTTP/1.1" 200 123
[27/Aug/2026 08:06:53] "GET /api/latest-detections/ HTTP/1.1" 200 123
[27/Aug/2026 08:06:54] "GET /api/drone-location/ HTTP/1.1" 200 398
[27/Aug/2026 08:06:54] "GET /api/latest-detections/ HTTP/1.1" 200 123
[27/Aug/2026 08:06:54] "GET /api/system-status/ HTTP/1.1" 200 479
[27/Aug/2026 08:06:54] "GET /api/latest-detections/ HTTP/1.1" 200 123
[27/Aug/2026 08:06:54] "GET /api/latest-detections/ HTTP/1.1" 200 123
[27/Aug/2026 08:06:55] "GET /api/latest-detections/ HTTP/1.1" 200 123
[27/Aug/2026 08:06:55] "GET /api/drone-location/ HTTP/1.1" 200 399
[27/Aug/2026 08:06:55] "GET /api/latest-detections/ HTTP/1.1" 200 123
[27/Aug/2026 08:06:55] "GET /api/latest-detections/ HTTP/1.1" 200 123
[27/Aug/2026 08:06:55] "GET /api/latest-detections/ HTTP/1.1" 200 123
[27/Aug/2026 08:06:56] "GET /api/drone-location/ HTTP/1.1" 200 399
[27/Aug/2026 08:06:56] "GET /api/latest-detections/ HTTP/1.1" 200 123
[27/Aug/2026 08:06:56] "GET /api/latest-detections/ HTTP/1.1" 200 123
[27/Aug/2026 08:06:56] "GET /api/latest-detections/ HTTP/1.1" 200 123
[27/Aug/2026 08:06:57] "GET /api/latest-detections/ HTTP/1.1" 200 123
[27/Aug/2026 08:06:57] "GET /api/drone-location/ HTTP/1.1" 200 399
[27/Aug/2026 08:06:57] "GET /api/system-status/ HTTP/1.1" 200 479
[27/Aug/2026 08:06:57] "GET /api/latest-detections/ HTTP/1.1" 200 123
[27/Aug/2026 08:06:57] "GET /api/latest-detections/ HTTP/1.1" 200 123
[27/Aug/2026 08:06:58] "GET /api/latest-detections/ HTTP/1.1" 200 123
[27/Aug/2026 08:06:58] "GET /api/drone-location/ HTTP/1.1" 200 399
[27/Aug/2026 08:06:58] "GET /api/latest-detections/ HTTP/1.1" 200 123
[27/Aug/2026 08:06:58] "GET /api/latest-detections/ HTTP/1.1" 200 123
[27/Aug/2026 08:06:58] "GET /api/latest-detections/ HTTP/1.1" 200 123
[27/Aug/2026 08:06:59] "GET /api/drone-location/ HTTP/1.1" 200 398
[27/Aug/2026 08:06:59] "GET /api/latest-detections/ HTTP/1.1" 200 123
[27/Aug/2026 08:06:59] "GET /api/latest-detections/ HTTP/1.1" 200 123
[27/Aug/2026 08:06:59] "GET /api/latest-detections/ HTTP/1.1" 200 123
[27/Aug/2026 08:07:00] "GET /api/latest-detections/ HTTP/1.1" 200 123
[27/Aug/2026 08:07:00] "GET /api/drone-location/ HTTP/1.1" 200 398
[27/Aug/2026 08:07:00] "GET /api/system-status/ HTTP/1.1" 200 479
[27/Aug/2026 08:07:00] "GET /api/latest-detections/ HTTP/1.1" 200 123
[27/Aug/2026 08:07:00] "GET /api/latest-detections/ HTTP/1.1" 200 123
[27/Aug/2026 08:07:01] "GET /api/latest-detections/ HTTP/1.1" 200 123
[27/Aug/2026 08:07:01] "GET /api/drone-location/ HTTP/1.1" 200 398
[27/Aug/2026 08:07:01] "GET /api/latest-detections/ HTTP/1.1" 200 123
[27/Aug/2026 08:07:01] "GET /api/latest-detections/ HTTP/1.1" 200 123
[27/Aug/2026 08:07:01] "GET /api/latest-detections/ HTTP/1.1" 200 123
[27/Aug/2026 08:07:02] "GET /api/drone-location/ HTTP/1.1" 200 398
[27/Aug/2026 08:07:02] "GET /api/latest-detections/ HTTP/1.1" 200 123
[27/Aug/2026 08:07:02] "GET /api/latest-detections/ HTTP/1.1" 200 123
[27/Aug/2026 08:07:02] "GET /api/latest-detections/ HTTP/1.1" 200 123
[27/Aug/2026 08:07:03] "GET /api/latest-detections/ HTTP/1.1" 200 123
[27/Aug/2026 08:07:03] "GET /api/drone-location/ HTTP/1.1" 200 399
[27/Aug/2026 08:07:03] "GET /api/system-status/ HTTP/1.1" 200 479
[27/Aug/2026 08:07:03] "GET /api/latest-detections/ HTTP/1.1" 200 123
[27/Aug/2026 08:07:03] "GET /api/latest-detections/ HTTP/1.1" 200 123
[27/Aug/2026 08:07:04] "GET /api/latest-detections/ HTTP/1.1" 200 123
[27/Aug/2026 08:07:04] "GET /api/drone-location/ HTTP/1.1" 200 399
[27/Aug/2026 08:07:04] "GET /api/latest-detections/ HTTP/1.1" 200 123
[27/Aug/2026 08:07:04] "GET /api/latest-detections/ HTTP/1.1" 200 123
[27/Aug/2026 08:07:04] "GET /api/latest-detections/ HTTP/1.1" 200 123
[27/Aug/2026 08:07:05] "GET /api/drone-location/ HTTP/1.1" 200 399
[27/Aug/2026 08:07:05] "GET /api/latest-detections/ HTTP/1.1" 200 123
[27/Aug/2026 08:07:05] "GET /api/latest-detections/ HTTP/1.1" 200 123
[27/Aug/2026 08:07:05] "GET /api/latest-detections/ HTTP/1.1" 200 123
[27/Aug/2026 08:07:05] "GET /api/latest-detections/ HTTP/1.1" 200 123
[27/Aug/2026 08:07:06] "GET /api/latest-detections/ HTTP/1.1" 200 123
[27/Aug/2026 08:07:06] "GET /api/drone-location/ HTTP/1.1" 200 399
[27/Aug/2026 08:07:06] "GET /api/system-status/ HTTP/1.1" 200 479
[27/Aug/2026 08:07:06] "GET /api/latest-detections/ HTTP/1.1" 200 123
[27/Aug/2026 08:07:06] "GET /api/latest-detections/ HTTP/1.1" 200 123
[27/Aug/2026 08:07:07] "GET /api/latest-detections/ HTTP/1.1" 200 123
[27/Aug/2026 08:07:07] "GET /api/drone-location/ HTTP/1.1" 200 398
[27/Aug/2026 08:07:08] "GET /api/latest-detections/ HTTP/1.1" 200 123
[27/Aug/2026 08:07:08] "GET /api/drone-location/ HTTP/1.1" 200 398
[27/Aug/2026 08:07:09] "GET /api/latest-detections/ HTTP/1.1" 200 123
[27/Aug/2026 08:07:09] "GET /api/latest-detections/ HTTP/1.1" 200 123
[27/Aug/2026 08:07:09] "GET /api/drone-location/ HTTP/1.1" 200 398
[27/Aug/2026 08:07:09] "GET /api/system-status/ HTTP/1.1" 200 479
[27/Aug/2026 08:07:09] "GET /api/latest-detections/ HTTP/1.1" 200 123
[27/Aug/2026 08:07:09] "GET /api/latest-detections/ HTTP/1.1" 200 123
[27/Aug/2026 08:07:10] "GET /api/latest-detections/ HTTP/1.1" 200 123
[27/Aug/2026 08:07:10] "GET /api/drone-location/ HTTP/1.1" 200 398
[27/Aug/2026 08:07:10] "GET /api/latest-detections/ HTTP/1.1" 200 123
[27/Aug/2026 08:07:11] "GET /api/latest-detections/ HTTP/1.1" 200 123
[27/Aug/2026 08:07:11] "GET /api/drone-location/ HTTP/1.1" 200 399
[27/Aug/2026 08:07:12] "GET /api/latest-detections/ HTTP/1.1" 200 123
[27/Aug/2026 08:07:12] "GET /api/drone-location/ HTTP/1.1" 200 399
[27/Aug/2026 08:07:12] "GET /api/system-status/ HTTP/1.1" 200 479
[27/Aug/2026 08:07:13] "GET /api/latest-detections/ HTTP/1.1" 200 123
[27/Aug/2026 08:07:13] "GET /api/drone-location/ HTTP/1.1" 200 399
[27/Aug/2026 08:07:14] "GET /api/latest-detections/ HTTP/1.1" 200 123
[27/Aug/2026 08:07:14] "GET /api/drone-location/ HTTP/1.1" 200 399
[27/Aug/2026 08:07:15] "GET /api/latest-detections/ HTTP/1.1" 200 123
[27/Aug/2026 08:07:15] "GET /api/drone-location/ HTTP/1.1" 200 398
[27/Aug/2026 08:07:15] "GET /api/system-status/ HTTP/1.1" 200 479
[27/Aug/2026 08:07:16] "GET /api/latest-detections/ HTTP/1.1" 200 123
[27/Aug/2026 08:07:16] "GET /api/drone-location/ HTTP/1.1" 200 398
[27/Aug/2026 08:07:17] "GET /api/latest-detections/ HTTP/1.1" 200 123
[27/Aug/2026 08:07:17] "GET /api/drone-location/ HTTP/1.1" 200 392
[27/Aug/2026 08:07:18] "GET /api/latest-detections/ HTTP/1.1" 200 123
[27/Aug/2026 08:07:18] "GET /api/drone-location/ HTTP/1.1" 200 392
[27/Aug/2026 08:07:18] "GET /api/system-status/ HTTP/1.1" 200 479
[27/Aug/2026 08:07:19] "GET /api/latest-detections/ HTTP/1.1" 200 123
[27/Aug/2026 08:07:19] "GET /api/drone-location/ HTTP/1.1" 200 399
[27/Aug/2026 08:07:20] "GET /api/latest-detections/ HTTP/1.1" 200 123
[27/Aug/2026 08:07:20] "GET /api/drone-location/ HTTP/1.1" 200 399
[27/Aug/2026 08:07:21] "GET /api/latest-detections/ HTTP/1.1" 200 123
[27/Aug/2026 08:07:21] "GET /api/drone-location/ HTTP/1.1" 200 399
[27/Aug/2026 08:07:21] "GET /api/system-status/ HTTP/1.1" 200 479
[27/Aug/2026 08:07:22] "GET /api/latest-detections/ HTTP/1.1" 200 123
[27/Aug/2026 08:07:22] "GET /api/drone-location/ HTTP/1.1" 200 399
[27/Aug/2026 08:07:23] "GET /api/latest-detections/ HTTP/1.1" 200 123
[27/Aug/2026 08:07:23] "GET /api/drone-location/ HTTP/1.1" 200 398
[27/Aug/2026 08:07:24] "GET /api/latest-detections/ HTTP/1.1" 200 122
[27/Aug/2026 08:07:24] "GET /api/drone-location/ HTTP/1.1" 200 399
[27/Aug/2026 08:07:24] "GET /api/system-status/ HTTP/1.1" 200 479
[27/Aug/2026 08:07:25] "GET /api/latest-detections/ HTTP/1.1" 200 123
[27/Aug/2026 08:07:25] "GET /api/drone-location/ HTTP/1.1" 200 399
[27/Aug/2026 08:07:26] "GET /api/latest-detections/ HTTP/1.1" 200 123
[27/Aug/2026 08:07:26] "GET /api/drone-location/ HTTP/1.1" 200 399
[27/Aug/2026 08:07:27] "GET /api/latest-detections/ HTTP/1.1" 200 123
[27/Aug/2026 08:07:27] "GET /api/drone-location/ HTTP/1.1" 200 398
[27/Aug/2026 08:07:27] "GET /api/system-status/ HTTP/1.1" 200 479
[27/Aug/2026 08:07:28] "GET /api/latest-detections/ HTTP/1.1" 200 123
[27/Aug/2026 08:07:28] "GET /api/drone-location/ HTTP/1.1" 200 398
[27/Aug/2026 08:07:29] "GET /api/latest-detections/ HTTP/1.1" 200 123
[27/Aug/2026 08:07:29] "GET /api/drone-location/ HTTP/1.1" 200 399
[27/Aug/2026 08:07:30] "GET /api/latest-detections/ HTTP/1.1" 200 123
[27/Aug/2026 08:07:30] "GET /api/drone-location/ HTTP/1.1" 200 399
[27/Aug/2026 08:07:30] "GET /api/system-status/ HTTP/1.1" 200 479
[27/Aug/2026 08:07:31] "GET /api/latest-detections/ HTTP/1.1" 200 123
[27/Aug/2026 08:07:31] "GET /api/drone-location/ HTTP/1.1" 200 398
[27/Aug/2026 08:07:32] "GET /api/latest-detections/ HTTP/1.1" 200 123
[27/Aug/2026 08:07:32] "GET /api/drone-location/ HTTP/1.1" 200 398
[27/Aug/2026 08:07:33] "GET /api/latest-detections/ HTTP/1.1" 200 123
[27/Aug/2026 08:07:33] "GET /api/drone-location/ HTTP/1.1" 200 399
[27/Aug/2026 08:07:33] "GET /api/system-status/ HTTP/1.1" 200 479
[27/Aug/2026 08:07:34] "GET /api/latest-detections/ HTTP/1.1" 200 123
[27/Aug/2026 08:07:34] "GET /api/drone-location/ HTTP/1.1" 200 399
[27/Aug/2026 08:07:35] "GET /api/latest-detections/ HTTP/1.1" 200 123
[27/Aug/2026 08:07:35] "GET /api/drone-location/ HTTP/1.1" 200 399
[27/Aug/2026 08:07:36] "GET /api/latest-detections/ HTTP/1.1" 200 123
[27/Aug/2026 08:07:36] "GET /api/drone-location/ HTTP/1.1" 200 399
[27/Aug/2026 08:07:36] "GET /api/system-status/ HTTP/1.1" 200 479
[27/Aug/2026 08:07:37] "GET /api/latest-detections/ HTTP/1.1" 200 123
[27/Aug/2026 08:07:37] "GET /api/drone-location/ HTTP/1.1" 200 399
[27/Aug/2026 08:07:38] "GET /api/latest-detections/ HTTP/1.1" 200 123
[27/Aug/2026 08:07:38] "GET /api/drone-location/ HTTP/1.1" 200 399
[27/Aug/2026 08:07:39] "GET /api/latest-detections/ HTTP/1.1" 200 123
[27/Aug/2026 08:07:39] "GET /api/drone-location/ HTTP/1.1" 200 399
[27/Aug/2026 08:07:39] "GET /api/system-status/ HTTP/1.1" 200 479
[27/Aug/2026 08:07:40] "GET /api/latest-detections/ HTTP/1.1" 200 123
[27/Aug/2026 08:07:40] "GET /api/drone-location/ HTTP/1.1" 200 399
[27/Aug/2026 08:07:41] "GET /api/latest-detections/ HTTP/1.1" 200 123
[27/Aug/2026 08:07:41] "GET /api/drone-location/ HTTP/1.1" 200 398
[27/Aug/2026 08:07:42] "GET /api/latest-detections/ HTTP/1.1" 200 123
[27/Aug/2026 08:07:42] "GET /api/drone-location/ HTTP/1.1" 200 398
[27/Aug/2026 08:07:42] "GET /api/system-status/ HTTP/1.1" 200 480
[27/Aug/2026 08:07:43] "GET /api/latest-detections/ HTTP/1.1" 200 123
[27/Aug/2026 08:07:43] "GET /api/drone-location/ HTTP/1.1" 200 399
[27/Aug/2026 08:07:44] "GET /api/latest-detections/ HTTP/1.1" 200 123
[27/Aug/2026 08:07:44] "GET /api/drone-location/ HTTP/1.1" 200 399
[27/Aug/2026 08:07:45] "GET /api/latest-detections/ HTTP/1.1" 200 123
[27/Aug/2026 08:07:45] "GET /api/drone-location/ HTTP/1.1" 200 399
[27/Aug/2026 08:07:45] "GET /api/system-status/ HTTP/1.1" 200 479
[27/Aug/2026 08:07:46] "GET /api/latest-detections/ HTTP/1.1" 200 123
[27/Aug/2026 08:07:46] "GET /api/drone-location/ HTTP/1.1" 200 399
[27/Aug/2026 08:07:47] "GET /api/latest-detections/ HTTP/1.1" 200 123
[27/Aug/2026 08:07:47] "GET /api/drone-location/ HTTP/1.1" 200 399
[27/Aug/2026 08:07:48] "GET /api/latest-detections/ HTTP/1.1" 200 123
[27/Aug/2026 08:07:48] "GET /api/drone-location/ HTTP/1.1" 200 399
[27/Aug/2026 08:07:48] "GET /api/system-status/ HTTP/1.1" 200 479
[27/Aug/2026 08:07:49] "GET /api/latest-detections/ HTTP/1.1" 200 123
[27/Aug/2026 08:07:49] "GET /api/drone-location/ HTTP/1.1" 200 399
[27/Aug/2026 08:07:50] "GET /api/latest-detections/ HTTP/1.1" 200 123
[27/Aug/2026 08:07:50] "GET /api/drone-location/ HTTP/1.1" 200 399
[27/Aug/2026 08:07:51] "GET /api/latest-detections/ HTTP/1.1" 200 123
[27/Aug/2026 08:07:51] "GET /api/drone-location/ HTTP/1.1" 200 399
[27/Aug/2026 08:07:51] "GET /api/system-status/ HTTP/1.1" 200 479
[27/Aug/2026 08:07:52] "GET /api/latest-detections/ HTTP/1.1" 200 123
[27/Aug/2026 08:07:52] "GET /api/drone-location/ HTTP/1.1" 200 399
[27/Aug/2026 08:07:53] "GET /api/latest-detections/ HTTP/1.1" 200 123
[27/Aug/2026 08:07:53] "GET /api/drone-location/ HTTP/1.1" 200 398
[27/Aug/2026 08:07:54] "GET /api/latest-detections/ HTTP/1.1" 200 123
[27/Aug/2026 08:07:54] "GET /api/drone-location/ HTTP/1.1" 200 398
[27/Aug/2026 08:07:54] "GET /api/system-status/ HTTP/1.1" 200 479
[27/Aug/2026 08:07:55] "GET /api/latest-detections/ HTTP/1.1" 200 123
[27/Aug/2026 08:07:55] "GET /api/drone-location/ HTTP/1.1" 200 398
[27/Aug/2026 08:07:56] "GET /api/latest-detections/ HTTP/1.1" 200 123
[27/Aug/2026 08:07:56] "GET /api/drone-location/ HTTP/1.1" 200 398
[27/Aug/2026 08:07:57] "GET /api/latest-detections/ HTTP/1.1" 200 123
[27/Aug/2026 08:07:57] "GET /api/drone-location/ HTTP/1.1" 200 399
[27/Aug/2026 08:07:57] "GET /api/system-status/ HTTP/1.1" 200 479
[27/Aug/2026 08:07:58] "GET /api/latest-detections/ HTTP/1.1" 200 123
[27/Aug/2026 08:07:58] "GET /api/drone-location/ HTTP/1.1" 200 399
[27/Aug/2026 08:07:59] "GET /api/latest-detections/ HTTP/1.1" 200 123
[27/Aug/2026 08:07:59] "GET /api/drone-location/ HTTP/1.1" 200 399
[27/Aug/2026 08:08:00] "GET /api/latest-detections/ HTTP/1.1" 200 123
[27/Aug/2026 08:08:00] "GET /api/drone-location/ HTTP/1.1" 200 399
[27/Aug/2026 08:08:00] "GET /api/system-status/ HTTP/1.1" 200 479
[27/Aug/2026 08:08:01] "GET /api/latest-detections/ HTTP/1.1" 200 123
[27/Aug/2026 08:08:01] "GET /api/drone-location/ HTTP/1.1" 200 399
[27/Aug/2026 08:08:02] "GET /api/latest-detections/ HTTP/1.1" 200 123
[27/Aug/2026 08:08:02] "GET /api/drone-location/ HTTP/1.1" 200 399
[27/Aug/2026 08:08:03] "GET /api/latest-detections/ HTTP/1.1" 200 123
[27/Aug/2026 08:08:03] "GET /api/drone-location/ HTTP/1.1" 200 399
[27/Aug/2026 08:08:03] "GET /api/system-status/ HTTP/1.1" 200 479
[27/Aug/2026 08:08:04] "GET /api/latest-detections/ HTTP/1.1" 200 123
[27/Aug/2026 08:08:04] "GET /api/drone-location/ HTTP/1.1" 200 399
[27/Aug/2026 08:08:05] "GET /api/latest-detections/ HTTP/1.1" 200 123
[27/Aug/2026 08:08:05] "GET /api/drone-location/ HTTP/1.1" 200 399
[27/Aug/2026 08:08:06] "GET /api/latest-detections/ HTTP/1.1" 200 123
[27/Aug/2026 08:08:06] "GET /api/drone-location/ HTTP/1.1" 200 399
[27/Aug/2026 08:08:06] "GET /api/system-status/ HTTP/1.1" 200 479
[27/Aug/2026 08:08:07] "GET /api/latest-detections/ HTTP/1.1" 200 123
[27/Aug/2026 08:08:07] "GET /api/drone-location/ HTTP/1.1" 200 398
[27/Aug/2026 08:08:08] "GET /api/latest-detections/ HTTP/1.1" 200 123
[27/Aug/2026 08:08:08] "GET /api/latest-detections/ HTTP/1.1" 200 123
[27/Aug/2026 08:08:08] "GET /api/drone-location/ HTTP/1.1" 200 398
[27/Aug/2026 08:08:09] "GET /api/latest-detections/ HTTP/1.1" 200 123
[27/Aug/2026 08:08:09] "GET /api/drone-location/ HTTP/1.1" 200 399
[27/Aug/2026 08:08:09] "GET /api/system-status/ HTTP/1.1" 200 479
[27/Aug/2026 08:08:10] "GET /api/latest-detections/ HTTP/1.1" 200 123
[27/Aug/2026 08:08:10] "GET /api/drone-location/ HTTP/1.1" 200 399
[27/Aug/2026 08:08:18] "GET /api/latest-detections/ HTTP/1.1" 200 122
[27/Aug/2026 08:08:21] "GET /api/latest-detections/ HTTP/1.1" 200 123
[27/Aug/2026 08:08:21] "GET /api/drone-location/ HTTP/1.1" 200 399
[27/Aug/2026 08:08:22] "GET /api/latest-detections/ HTTP/1.1" 200 123
[27/Aug/2026 08:08:22] "GET /api/system-status/ HTTP/1.1" 200 479
[27/Aug/2026 08:08:22] "GET /api/drone-location/ HTTP/1.1" 200 399
[27/Aug/2026 08:08:22] "GET /api/latest-detections/ HTTP/1.1" 200 123
[27/Aug/2026 08:08:22] "GET /api/latest-detections/ HTTP/1.1" 200 123
[27/Aug/2026 08:08:23] "GET /api/latest-detections/ HTTP/1.1" 200 123
[27/Aug/2026 08:08:23] "GET /api/drone-location/ HTTP/1.1" 200 399
[27/Aug/2026 08:08:23] "GET /api/latest-detections/ HTTP/1.1" 200 123
[27/Aug/2026 08:08:23] "GET /dashboard/mission/ HTTP/1.1" 200 35507
[27/Aug/2026 08:08:23] "GET /api/latest-detections/ HTTP/1.1" 200 122
[27/Aug/2026 08:08:23] "GET /api/drone-location/ HTTP/1.1" 200 399
[27/Aug/2026 08:08:23] "GET /api/system-status/ HTTP/1.1" 200 479
[27/Aug/2026 08:08:23] "GET /api/latest-detections/ HTTP/1.1" 200 123
[27/Aug/2026 08:08:24] "GET /api/latest-detections/ HTTP/1.1" 200 123
[27/Aug/2026 08:08:24] "GET /api/latest-detections/ HTTP/1.1" 200 123
[27/Aug/2026 08:08:24] "GET /api/drone-location/ HTTP/1.1" 200 398
[27/Aug/2026 08:08:24] "GET /api/latest-detections/ HTTP/1.1" 200 123
[27/Aug/2026 08:08:25] "GET /api/latest-detections/ HTTP/1.1" 200 123
[27/Aug/2026 08:08:25] "GET /api/latest-detections/ HTTP/1.1" 200 123
[27/Aug/2026 08:08:25] "GET /api/drone-location/ HTTP/1.1" 200 398
[27/Aug/2026 08:08:25] "GET /api/latest-detections/ HTTP/1.1" 200 123
[27/Aug/2026 08:08:25] "GET /api/latest-detections/ HTTP/1.1" 200 123
[27/Aug/2026 08:08:26] "GET /api/latest-detections/ HTTP/1.1" 200 122
[27/Aug/2026 08:08:26] "GET /dashboard/mission/ HTTP/1.1" 200 35507
[27/Aug/2026 08:08:26] "GET /api/drone-location/ HTTP/1.1" 200 399
[27/Aug/2026 08:08:26] "GET /api/latest-detections/ HTTP/1.1" 200 123
[27/Aug/2026 08:08:26] "GET /api/system-status/ HTTP/1.1" 200 479
[27/Aug/2026 08:08:26] "GET /api/latest-detections/ HTTP/1.1" 200 123
Not Found: /favicon.ico
[27/Aug/2026 08:08:27] "GET /favicon.ico HTTP/1.1" 404 6772
[27/Aug/2026 08:08:27] "GET /api/latest-detections/ HTTP/1.1" 200 123
[27/Aug/2026 08:08:27] "GET /api/latest-detections/ HTTP/1.1" 200 123
[27/Aug/2026 08:08:27] "GET /api/drone-location/ HTTP/1.1" 200 399
[27/Aug/2026 08:08:27] "GET /api/latest-detections/ HTTP/1.1" 200 123
[27/Aug/2026 08:08:28] "GET /api/latest-detections/ HTTP/1.1" 200 123
[27/Aug/2026 08:08:28] "GET /api/latest-detections/ HTTP/1.1" 200 123
[27/Aug/2026 08:08:28] "GET /api/latest-detections/ HTTP/1.1" 200 123
[27/Aug/2026 08:08:28] "GET /api/drone-location/ HTTP/1.1" 200 399
[27/Aug/2026 08:08:28] "GET /api/latest-detections/ HTTP/1.1" 200 123
[27/Aug/2026 08:08:29] "GET /api/latest-detections/ HTTP/1.1" 200 123
[27/Aug/2026 08:08:29] "GET /api/latest-detections/ HTTP/1.1" 200 123
[27/Aug/2026 08:08:29] "GET /api/latest-detections/ HTTP/1.1" 200 123
[27/Aug/2026 08:08:29] "GET /api/drone-location/ HTTP/1.1" 200 399
[27/Aug/2026 08:08:29] "GET /api/system-status/ HTTP/1.1" 200 479
[27/Aug/2026 08:08:29] "GET /api/latest-detections/ HTTP/1.1" 200 123
[27/Aug/2026 08:08:30] "GET /api/latest-detections/ HTTP/1.1" 200 123
[27/Aug/2026 08:08:30] "GET /api/latest-detections/ HTTP/1.1" 200 123
[27/Aug/2026 08:08:30] "GET /api/drone-location/ HTTP/1.1" 200 398
[27/Aug/2026 08:08:30] "GET /api/latest-detections/ HTTP/1.1" 200 123
[27/Aug/2026 08:08:31] "GET /api/latest-detections/ HTTP/1.1" 200 123
[27/Aug/2026 08:08:31] "GET /api/latest-detections/ HTTP/1.1" 200 123
[27/Aug/2026 08:08:31] "GET /api/drone-location/ HTTP/1.1" 200 398
[27/Aug/2026 08:08:31] "GET /api/latest-detections/ HTTP/1.1" 200 123
[27/Aug/2026 08:08:32] "GET /api/latest-detections/ HTTP/1.1" 200 123
[27/Aug/2026 08:08:32] "GET /api/latest-detections/ HTTP/1.1" 200 123
[27/Aug/2026 08:08:32] "GET /api/latest-detections/ HTTP/1.1" 200 123
[27/Aug/2026 08:08:32] "GET /api/drone-location/ HTTP/1.1" 200 394
[27/Aug/2026 08:08:32] "GET /api/system-status/ HTTP/1.1" 200 479
[27/Aug/2026 08:08:32] "GET /api/latest-detections/ HTTP/1.1" 200 123
[27/Aug/2026 08:08:33] "GET /api/latest-detections/ HTTP/1.1" 200 123
[27/Aug/2026 08:08:33] "GET /api/latest-detections/ HTTP/1.1" 200 123
[27/Aug/2026 08:08:33] "GET /dji/login/ HTTP/1.1" 200 10986
[27/Aug/2026 08:08:33] "GET /api/drone-location/ HTTP/1.1" 200 394
Not Found: /favicon.ico
[27/Aug/2026 08:08:33] "GET /favicon.ico HTTP/1.1" 404 6772
[27/Aug/2026 08:08:33] "GET /api/latest-detections/ HTTP/1.1" 200 123
[27/Aug/2026 08:08:34] "GET /api/latest-detections/ HTTP/1.1" 200 123
[27/Aug/2026 08:08:34] "GET /api/latest-detections/ HTTP/1.1" 200 123
[27/Aug/2026 08:08:34] "GET /api/drone-location/ HTTP/1.1" 200 398
[27/Aug/2026 08:08:34] "GET /api/latest-detections/ HTTP/1.1" 200 123
[27/Aug/2026 08:08:35] "GET /api/latest-detections/ HTTP/1.1" 200 123
[27/Aug/2026 08:08:35] "GET /api/latest-detections/ HTTP/1.1" 200 123
[27/Aug/2026 08:08:35] "GET /api/latest-detections/ HTTP/1.1" 200 123
[27/Aug/2026 08:08:35] "GET /api/drone-location/ HTTP/1.1" 200 398
[27/Aug/2026 08:08:35] "GET /api/system-status/ HTTP/1.1" 200 479
[27/Aug/2026 08:08:35] "GET /api/latest-detections/ HTTP/1.1" 200 123
[27/Aug/2026 08:08:36] "GET /api/latest-detections/ HTTP/1.1" 200 123
[27/Aug/2026 08:08:36] "GET /api/latest-detections/ HTTP/1.1" 200 123
[27/Aug/2026 08:08:36] "GET /api/drone-location/ HTTP/1.1" 200 398
[27/Aug/2026 08:08:36] "GET /api/latest-detections/ HTTP/1.1" 200 123
[27/Aug/2026 08:08:37] "GET /api/latest-detections/ HTTP/1.1" 200 123
[27/Aug/2026 08:08:37] "GET /api/latest-detections/ HTTP/1.1" 200 123
[27/Aug/2026 08:08:37] "GET /api/drone-location/ HTTP/1.1" 200 398
[27/Aug/2026 08:08:37] "GET /api/latest-detections/ HTTP/1.1" 200 123
[27/Aug/2026 08:08:38] "GET /api/latest-detections/ HTTP/1.1" 200 123
[27/Aug/2026 08:08:38] "GET /api/latest-detections/ HTTP/1.1" 200 123
[27/Aug/2026 08:08:38] "GET /api/latest-detections/ HTTP/1.1" 200 123
[27/Aug/2026 08:08:38] "GET /api/latest-detections/ HTTP/1.1" 200 123
[27/Aug/2026 08:08:38] "GET /api/drone-location/ HTTP/1.1" 200 398
[27/Aug/2026 08:08:38] "GET /api/system-status/ HTTP/1.1" 200 479
[27/Aug/2026 08:08:38] "GET /api/latest-detections/ HTTP/1.1" 200 123
[27/Aug/2026 08:08:39] "GET /api/latest-detections/ HTTP/1.1" 200 123
[27/Aug/2026 08:08:39] "GET /api/latest-detections/ HTTP/1.1" 200 123
[27/Aug/2026 08:08:39] "GET /api/drone-location/ HTTP/1.1" 200 398
[27/Aug/2026 08:08:39] "GET /api/latest-detections/ HTTP/1.1" 200 123
[27/Aug/2026 08:08:40] "GET /api/latest-detections/ HTTP/1.1" 200 123
[27/Aug/2026 08:08:40] "GET /api/latest-detections/ HTTP/1.1" 200 123
[27/Aug/2026 08:08:40] "GET /api/drone-location/ HTTP/1.1" 200 398
[27/Aug/2026 08:08:40] "GET /api/latest-detections/ HTTP/1.1" 200 123
[27/Aug/2026 08:08:41] "GET /api/latest-detections/ HTTP/1.1" 200 123
[27/Aug/2026 08:08:41] "GET /api/latest-detections/ HTTP/1.1" 200 123
[27/Aug/2026 08:08:41] "GET /api/latest-detections/ HTTP/1.1" 200 123
[27/Aug/2026 08:08:41] "GET /api/drone-location/ HTTP/1.1" 200 398
[27/Aug/2026 08:08:41] "GET /api/system-status/ HTTP/1.1" 200 479
[27/Aug/2026 08:08:41] "GET /api/latest-detections/ HTTP/1.1" 200 123
[27/Aug/2026 08:08:42] "GET /api/latest-detections/ HTTP/1.1" 200 123
[27/Aug/2026 08:08:42] "GET /api/latest-detections/ HTTP/1.1" 200 123
[27/Aug/2026 08:08:42] "GET /api/drone-location/ HTTP/1.1" 200 398
[27/Aug/2026 08:08:42] "GET /api/latest-detections/ HTTP/1.1" 200 123
[27/Aug/2026 08:08:43] "GET /api/latest-detections/ HTTP/1.1" 200 123
[27/Aug/2026 08:08:43] "GET /api/latest-detections/ HTTP/1.1" 200 123
[27/Aug/2026 08:08:43] "GET /api/drone-location/ HTTP/1.1" 200 398
[27/Aug/2026 08:08:43] "GET /api/latest-detections/ HTTP/1.1" 200 123
[27/Aug/2026 08:08:44] "GET /api/latest-detections/ HTTP/1.1" 200 123
[27/Aug/2026 08:08:44] "GET /api/latest-detections/ HTTP/1.1" 200 123
[27/Aug/2026 08:08:44] "GET /api/latest-detections/ HTTP/1.1" 200 123
[27/Aug/2026 08:08:44] "GET /api/drone-location/ HTTP/1.1" 200 398
[27/Aug/2026 08:08:44] "GET /api/system-status/ HTTP/1.1" 200 479
[27/Aug/2026 08:08:44] "GET /api/latest-detections/ HTTP/1.1" 200 123
[27/Aug/2026 08:08:45] "GET /api/latest-detections/ HTTP/1.1" 200 123
[27/Aug/2026 08:08:45] "GET /api/latest-detections/ HTTP/1.1" 200 123
[27/Aug/2026 08:08:45] "GET /api/drone-location/ HTTP/1.1" 200 398
[27/Aug/2026 08:08:45] "GET /api/latest-detections/ HTTP/1.1" 200 123
[27/Aug/2026 08:08:46] "GET /api/latest-detections/ HTTP/1.1" 200 123
[27/Aug/2026 08:08:46] "GET /api/latest-detections/ HTTP/1.1" 200 123
[27/Aug/2026 08:08:46] "GET /api/drone-location/ HTTP/1.1" 200 398
[27/Aug/2026 08:08:46] "GET /api/latest-detections/ HTTP/1.1" 200 123
[27/Aug/2026 08:08:47] "GET /api/latest-detections/ HTTP/1.1" 200 123
[27/Aug/2026 08:08:47] "GET /api/latest-detections/ HTTP/1.1" 200 123
[27/Aug/2026 08:08:47] "GET /api/latest-detections/ HTTP/1.1" 200 123
[27/Aug/2026 08:08:47] "GET /api/drone-location/ HTTP/1.1" 200 398
[27/Aug/2026 08:08:47] "GET /api/system-status/ HTTP/1.1" 200 479
[27/Aug/2026 08:08:47] "GET /api/latest-detections/ HTTP/1.1" 200 123
[27/Aug/2026 08:08:48] "GET /api/latest-detections/ HTTP/1.1" 200 123
[27/Aug/2026 08:08:48] "GET /api/latest-detections/ HTTP/1.1" 200 123
[27/Aug/2026 08:08:48] "GET /api/latest-detections/ HTTP/1.1" 200 123
[27/Aug/2026 08:08:48] "GET /api/drone-location/ HTTP/1.1" 200 398
[27/Aug/2026 08:08:48] "GET /api/latest-detections/ HTTP/1.1" 200 123
[27/Aug/2026 08:08:49] "GET /api/latest-detections/ HTTP/1.1" 200 123
[27/Aug/2026 08:08:49] "GET /api/latest-detections/ HTTP/1.1" 200 123
[27/Aug/2026 08:08:49] "GET /api/drone-location/ HTTP/1.1" 200 398
[27/Aug/2026 08:08:49] "GET /api/latest-detections/ HTTP/1.1" 200 123
[27/Aug/2026 08:08:50] "GET /api/latest-detections/ HTTP/1.1" 200 123
[27/Aug/2026 08:08:50] "GET /api/latest-detections/ HTTP/1.1" 200 123
[27/Aug/2026 08:08:50] "GET /api/latest-detections/ HTTP/1.1" 200 123
[27/Aug/2026 08:08:50] "GET /api/drone-location/ HTTP/1.1" 200 398
[27/Aug/2026 08:08:50] "GET /api/system-status/ HTTP/1.1" 200 479
[27/Aug/2026 08:08:50] "GET /api/latest-detections/ HTTP/1.1" 200 123
[27/Aug/2026 08:08:51] "GET /api/latest-detections/ HTTP/1.1" 200 123
[27/Aug/2026 08:08:51] "GET /api/latest-detections/ HTTP/1.1" 200 123
[27/Aug/2026 08:08:51] "GET /api/drone-location/ HTTP/1.1" 200 398
[27/Aug/2026 08:08:51] "GET /api/latest-detections/ HTTP/1.1" 200 123
[27/Aug/2026 08:08:52] "GET /api/latest-detections/ HTTP/1.1" 200 123
[27/Aug/2026 08:08:52] "GET /api/latest-detections/ HTTP/1.1" 200 123
[27/Aug/2026 08:08:52] "GET /api/drone-location/ HTTP/1.1" 200 398
[27/Aug/2026 08:08:52] "GET /api/latest-detections/ HTTP/1.1" 200 123
[27/Aug/2026 08:08:53] "GET /api/latest-detections/ HTTP/1.1" 200 123
[27/Aug/2026 08:08:53] "GET /api/latest-detections/ HTTP/1.1" 200 123
[27/Aug/2026 08:08:53] "GET /api/latest-detections/ HTTP/1.1" 200 122
[27/Aug/2026 08:08:53] "GET /api/drone-location/ HTTP/1.1" 200 398
[27/Aug/2026 08:08:53] "GET /api/system-status/ HTTP/1.1" 200 479
[27/Aug/2026 08:08:53] "GET /api/latest-detections/ HTTP/1.1" 200 123
[27/Aug/2026 08:08:54] "GET /api/latest-detections/ HTTP/1.1" 200 123
[27/Aug/2026 08:08:54] "GET /api/latest-detections/ HTTP/1.1" 200 123
[27/Aug/2026 08:08:54] "GET /api/drone-location/ HTTP/1.1" 200 398
[27/Aug/2026 08:08:54] "GET /api/latest-detections/ HTTP/1.1" 200 123
[27/Aug/2026 08:08:55] "GET /api/latest-detections/ HTTP/1.1" 200 123
[27/Aug/2026 08:08:55] "GET /api/latest-detections/ HTTP/1.1" 200 123
[27/Aug/2026 08:08:55] "GET /api/drone-location/ HTTP/1.1" 200 398
[27/Aug/2026 08:08:55] "GET /api/latest-detections/ HTTP/1.1" 200 123
[27/Aug/2026 08:08:56] "GET /api/latest-detections/ HTTP/1.1" 200 123
[27/Aug/2026 08:08:56] "GET /api/latest-detections/ HTTP/1.1" 200 123
[27/Aug/2026 08:08:56] "GET /api/latest-detections/ HTTP/1.1" 200 123
[27/Aug/2026 08:08:56] "GET /api/drone-location/ HTTP/1.1" 200 398
[27/Aug/2026 08:08:56] "GET /api/system-status/ HTTP/1.1" 200 479
[27/Aug/2026 08:08:56] "GET /api/latest-detections/ HTTP/1.1" 200 123
[27/Aug/2026 08:08:57] "GET /api/latest-detections/ HTTP/1.1" 200 123
[27/Aug/2026 08:08:57] "GET /api/latest-detections/ HTTP/1.1" 200 123
[27/Aug/2026 08:08:57] "GET /api/drone-location/ HTTP/1.1" 200 398
[27/Aug/2026 08:08:57] "GET /api/latest-detections/ HTTP/1.1" 200 123
[27/Aug/2026 08:08:58] "GET /api/latest-detections/ HTTP/1.1" 200 123
[27/Aug/2026 08:08:58] "GET /api/latest-detections/ HTTP/1.1" 200 123
[27/Aug/2026 08:08:58] "GET /api/latest-detections/ HTTP/1.1" 200 123
[27/Aug/2026 08:08:58] "GET /api/drone-location/ HTTP/1.1" 200 398
[27/Aug/2026 08:08:58] "GET /api/latest-detections/ HTTP/1.1" 200 123
[27/Aug/2026 08:08:59] "GET /api/latest-detections/ HTTP/1.1" 200 123
[27/Aug/2026 08:08:59] "GET /api/latest-detections/ HTTP/1.1" 200 123
[27/Aug/2026 08:08:59] "GET /api/latest-detections/ HTTP/1.1" 200 123
[27/Aug/2026 08:08:59] "GET /api/drone-location/ HTTP/1.1" 200 398
[27/Aug/2026 08:08:59] "GET /api/latest-detections/ HTTP/1.1" 200 123
[27/Aug/2026 08:08:59] "GET /api/system-status/ HTTP/1.1" 200 479
[27/Aug/2026 08:09:00] "GET /api/latest-detections/ HTTP/1.1" 200 123
[27/Aug/2026 08:09:00] "GET /api/latest-detections/ HTTP/1.1" 200 123
[27/Aug/2026 08:09:00] "GET /api/drone-location/ HTTP/1.1" 200 398
[27/Aug/2026 08:09:00] "GET /api/latest-detections/ HTTP/1.1" 200 123
[27/Aug/2026 08:09:01] "GET /api/latest-detections/ HTTP/1.1" 200 123
[27/Aug/2026 08:09:01] "GET /api/latest-detections/ HTTP/1.1" 200 123
[27/Aug/2026 08:09:01] "GET /api/drone-location/ HTTP/1.1" 200 398
[27/Aug/2026 08:09:01] "GET /api/latest-detections/ HTTP/1.1" 200 123
[27/Aug/2026 08:09:02] "GET /api/latest-detections/ HTTP/1.1" 200 123
[27/Aug/2026 08:09:02] "GET /api/latest-detections/ HTTP/1.1" 200 123
[27/Aug/2026 08:09:02] "GET /api/latest-detections/ HTTP/1.1" 200 123
[27/Aug/2026 08:09:02] "GET /api/drone-location/ HTTP/1.1" 200 398
[27/Aug/2026 08:09:02] "GET /api/system-status/ HTTP/1.1" 200 479
[27/Aug/2026 08:09:03] "GET /api/latest-detections/ HTTP/1.1" 200 123
[27/Aug/2026 08:09:03] "GET /api/latest-detections/ HTTP/1.1" 200 123
[27/Aug/2026 08:09:03] "GET /api/latest-detections/ HTTP/1.1" 200 123
[27/Aug/2026 08:09:03] "GET /api/drone-location/ HTTP/1.1" 200 398
[27/Aug/2026 08:09:03] "GET /api/latest-detections/ HTTP/1.1" 200 123
[27/Aug/2026 08:09:04] "GET /api/latest-detections/ HTTP/1.1" 200 123
[27/Aug/2026 08:09:04] "GET /api/latest-detections/ HTTP/1.1" 200 123
[27/Aug/2026 08:09:04] "GET /api/drone-location/ HTTP/1.1" 200 455
[27/Aug/2026 08:09:04] "GET /api/latest-detections/ HTTP/1.1" 200 123
[27/Aug/2026 08:09:05] "GET /api/latest-detections/ HTTP/1.1" 200 123
[27/Aug/2026 08:09:05] "GET /api/latest-detections/ HTTP/1.1" 200 123
[27/Aug/2026 08:09:05] "GET /api/latest-detections/ HTTP/1.1" 200 123
[27/Aug/2026 08:09:05] "GET /api/drone-location/ HTTP/1.1" 200 455
[27/Aug/2026 08:09:05] "GET /api/system-status/ HTTP/1.1" 200 480
[27/Aug/2026 08:09:05] "GET /api/latest-detections/ HTTP/1.1" 200 123
[27/Aug/2026 08:09:06] "GET /api/latest-detections/ HTTP/1.1" 200 123
[27/Aug/2026 08:09:06] "GET /api/latest-detections/ HTTP/1.1" 200 123
[27/Aug/2026 08:09:06] "GET /api/drone-location/ HTTP/1.1" 200 455
[27/Aug/2026 08:09:06] "GET /api/latest-detections/ HTTP/1.1" 200 123
[27/Aug/2026 08:09:07] "GET /api/latest-detections/ HTTP/1.1" 200 123
[27/Aug/2026 08:09:07] "GET /api/latest-detections/ HTTP/1.1" 200 123
[27/Aug/2026 08:09:07] "GET /api/drone-location/ HTTP/1.1" 200 455
[27/Aug/2026 08:09:07] "GET /api/latest-detections/ HTTP/1.1" 200 123
[27/Aug/2026 08:09:08] "GET /api/latest-detections/ HTTP/1.1" 200 123
[27/Aug/2026 08:09:08] "GET /api/latest-detections/ HTTP/1.1" 200 123
[27/Aug/2026 08:09:08] "GET /api/latest-detections/ HTTP/1.1" 200 123
[27/Aug/2026 08:09:08] "GET /api/latest-detections/ HTTP/1.1" 200 123
[27/Aug/2026 08:09:08] "GET /api/drone-location/ HTTP/1.1" 200 455
[27/Aug/2026 08:09:08] "GET /api/system-status/ HTTP/1.1" 200 480
[27/Aug/2026 08:09:08] "GET /api/latest-detections/ HTTP/1.1" 200 123
[27/Aug/2026 08:09:09] "GET /api/latest-detections/ HTTP/1.1" 200 123
[27/Aug/2026 08:09:09] "GET /api/latest-detections/ HTTP/1.1" 200 123
[27/Aug/2026 08:09:09] "GET /api/drone-location/ HTTP/1.1" 200 455
[27/Aug/2026 08:09:09] "GET /api/latest-detections/ HTTP/1.1" 200 123
[27/Aug/2026 08:09:10] "GET /api/latest-detections/ HTTP/1.1" 200 123
[27/Aug/2026 08:09:10] "GET /api/latest-detections/ HTTP/1.1" 200 123
[27/Aug/2026 08:09:10] "GET /api/drone-location/ HTTP/1.1" 200 455
[27/Aug/2026 08:09:10] "GET /api/latest-detections/ HTTP/1.1" 200 123
[27/Aug/2026 08:09:11] "GET /api/latest-detections/ HTTP/1.1" 200 123
[27/Aug/2026 08:09:11] "GET /api/latest-detections/ HTTP/1.1" 200 123
[27/Aug/2026 08:09:11] "GET /api/latest-detections/ HTTP/1.1" 200 123
[27/Aug/2026 08:09:11] "GET /api/drone-location/ HTTP/1.1" 200 455
[27/Aug/2026 08:09:11] "GET /api/system-status/ HTTP/1.1" 200 480
[27/Aug/2026 08:09:11] "GET /api/latest-detections/ HTTP/1.1" 200 123
[27/Aug/2026 08:09:12] "GET /api/latest-detections/ HTTP/1.1" 200 123
[27/Aug/2026 08:09:12] "GET /api/latest-detections/ HTTP/1.1" 200 123
[27/Aug/2026 08:09:12] "GET /api/drone-location/ HTTP/1.1" 200 455
[27/Aug/2026 08:09:12] "GET /api/latest-detections/ HTTP/1.1" 200 123
[27/Aug/2026 08:09:13] "GET /api/latest-detections/ HTTP/1.1" 200 123
[27/Aug/2026 08:09:13] "GET /api/latest-detections/ HTTP/1.1" 200 123
[27/Aug/2026 08:09:13] "GET /api/drone-location/ HTTP/1.1" 200 455
[27/Aug/2026 08:09:13] "GET /api/latest-detections/ HTTP/1.1" 200 123
[27/Aug/2026 08:09:14] "GET /api/latest-detections/ HTTP/1.1" 200 123
[27/Aug/2026 08:09:14] "GET /api/latest-detections/ HTTP/1.1" 200 123
[27/Aug/2026 08:09:14] "GET /api/latest-detections/ HTTP/1.1" 200 123
[27/Aug/2026 08:09:14] "GET /api/drone-location/ HTTP/1.1" 200 455
[27/Aug/2026 08:09:14] "GET /api/system-status/ HTTP/1.1" 200 480
[27/Aug/2026 08:09:14] "GET /api/latest-detections/ HTTP/1.1" 200 123
[27/Aug/2026 08:09:15] "GET /api/latest-detections/ HTTP/1.1" 200 123
[27/Aug/2026 08:09:15] "GET /api/latest-detections/ HTTP/1.1" 200 123
[27/Aug/2026 08:09:15] "GET /api/drone-location/ HTTP/1.1" 200 455
[27/Aug/2026 08:09:15] "GET /api/latest-detections/ HTTP/1.1" 200 123
[27/Aug/2026 08:09:16] "GET /api/latest-detections/ HTTP/1.1" 200 123
[27/Aug/2026 08:09:16] "GET /api/latest-detections/ HTTP/1.1" 200 123
[27/Aug/2026 08:09:16] "GET /api/drone-location/ HTTP/1.1" 200 455
[27/Aug/2026 08:09:16] "GET /api/latest-detections/ HTTP/1.1" 200 123
[27/Aug/2026 08:09:17] "GET /api/latest-detections/ HTTP/1.1" 200 123
[27/Aug/2026 08:09:17] "GET /api/latest-detections/ HTTP/1.1" 200 123
[27/Aug/2026 08:09:17] "GET /api/latest-detections/ HTTP/1.1" 200 123
[27/Aug/2026 08:09:17] "GET /api/drone-location/ HTTP/1.1" 200 455
[27/Aug/2026 08:09:17] "GET /api/system-status/ HTTP/1.1" 200 480
[27/Aug/2026 08:09:18] "GET /api/latest-detections/ HTTP/1.1" 200 123
[27/Aug/2026 08:09:18] "GET /api/latest-detections/ HTTP/1.1" 200 123
[27/Aug/2026 08:09:19] "GET /api/latest-detections/ HTTP/1.1" 200 123
[27/Aug/2026 08:09:19] "GET /api/drone-location/ HTTP/1.1" 200 455
[27/Aug/2026 08:09:20] "GET /api/latest-detections/ HTTP/1.1" 200 123
[27/Aug/2026 08:09:20] "GET /api/drone-location/ HTTP/1.1" 200 455
[27/Aug/2026 08:09:21] "GET /api/latest-detections/ HTTP/1.1" 200 123
[27/Aug/2026 08:09:21] "GET /api/drone-location/ HTTP/1.1" 200 455
[27/Aug/2026 08:09:21] "GET /api/system-status/ HTTP/1.1" 200 480
[27/Aug/2026 08:09:22] "GET /api/latest-detections/ HTTP/1.1" 200 123
[27/Aug/2026 08:09:22] "GET /api/drone-location/ HTTP/1.1" 200 455
[27/Aug/2026 08:09:23] "GET /api/latest-detections/ HTTP/1.1" 200 123
[27/Aug/2026 08:09:23] "GET /api/drone-location/ HTTP/1.1" 200 455
[27/Aug/2026 08:09:24] "GET /api/latest-detections/ HTTP/1.1" 200 123
[27/Aug/2026 08:09:24] "GET /api/drone-location/ HTTP/1.1" 200 455
[27/Aug/2026 08:09:24] "GET /api/system-status/ HTTP/1.1" 200 480
[27/Aug/2026 08:09:25] "GET /api/latest-detections/ HTTP/1.1" 200 123
[27/Aug/2026 08:09:25] "GET /api/drone-location/ HTTP/1.1" 200 455
[27/Aug/2026 08:09:26] "GET /api/latest-detections/ HTTP/1.1" 200 123
[27/Aug/2026 08:09:26] "GET /api/drone-location/ HTTP/1.1" 200 455
[27/Aug/2026 08:09:27] "GET /api/latest-detections/ HTTP/1.1" 200 123
[27/Aug/2026 08:09:27] "GET /api/drone-location/ HTTP/1.1" 200 455
[27/Aug/2026 08:09:27] "GET /api/system-status/ HTTP/1.1" 200 480
[27/Aug/2026 08:09:28] "GET /api/latest-detections/ HTTP/1.1" 200 123
[27/Aug/2026 08:09:28] "GET /api/drone-location/ HTTP/1.1" 200 455
[27/Aug/2026 08:09:28] "GET /api/latest-detections/ HTTP/1.1" 200 123
[27/Aug/2026 08:09:29] "GET /api/latest-detections/ HTTP/1.1" 200 123
[27/Aug/2026 08:09:29] "GET /api/drone-location/ HTTP/1.1" 200 455
[27/Aug/2026 08:09:30] "GET /api/latest-detections/ HTTP/1.1" 200 123
[27/Aug/2026 08:09:30] "GET /api/drone-location/ HTTP/1.1" 200 455
[27/Aug/2026 08:09:30] "GET /api/system-status/ HTTP/1.1" 200 480
[27/Aug/2026 08:09:31] "GET /api/latest-detections/ HTTP/1.1" 200 123
[27/Aug/2026 08:09:31] "GET /api/drone-location/ HTTP/1.1" 200 455
[27/Aug/2026 08:09:32] "GET /api/latest-detections/ HTTP/1.1" 200 123
[27/Aug/2026 08:09:32] "GET /api/drone-location/ HTTP/1.1" 200 455
[27/Aug/2026 08:09:33] "GET /api/latest-detections/ HTTP/1.1" 200 123
[27/Aug/2026 08:09:33] "GET /api/drone-location/ HTTP/1.1" 200 455
[27/Aug/2026 08:09:33] "GET /api/system-status/ HTTP/1.1" 200 480
[27/Aug/2026 08:09:34] "GET /api/latest-detections/ HTTP/1.1" 200 123
[27/Aug/2026 08:09:34] "GET /api/drone-location/ HTTP/1.1" 200 455
[27/Aug/2026 08:09:35] "GET /api/latest-detections/ HTTP/1.1" 200 123
[27/Aug/2026 08:09:35] "GET /api/drone-location/ HTTP/1.1" 200 455
[27/Aug/2026 08:09:36] "GET /api/latest-detections/ HTTP/1.1" 200 123
[27/Aug/2026 08:09:36] "GET /api/drone-location/ HTTP/1.1" 200 455
[27/Aug/2026 08:09:36] "GET /api/system-status/ HTTP/1.1" 200 480
[27/Aug/2026 08:09:37] "GET /api/latest-detections/ HTTP/1.1" 200 123
[27/Aug/2026 08:09:37] "GET /api/drone-location/ HTTP/1.1" 200 455
[27/Aug/2026 08:09:38] "GET /api/latest-detections/ HTTP/1.1" 200 123
[27/Aug/2026 08:09:38] "GET /api/drone-location/ HTTP/1.1" 200 455
[27/Aug/2026 08:09:38] "GET /api/latest-detections/ HTTP/1.1" 200 123
[27/Aug/2026 08:09:39] "GET /api/latest-detections/ HTTP/1.1" 200 123
[27/Aug/2026 08:09:39] "GET /api/drone-location/ HTTP/1.1" 200 455
[27/Aug/2026 08:09:39] "GET /api/system-status/ HTTP/1.1" 200 480
[27/Aug/2026 08:09:40] "GET /api/latest-detections/ HTTP/1.1" 200 123
[27/Aug/2026 08:09:40] "GET /api/drone-location/ HTTP/1.1" 200 455
[27/Aug/2026 08:09:41] "GET /api/latest-detections/ HTTP/1.1" 200 123
[27/Aug/2026 08:09:41] "GET /api/drone-location/ HTTP/1.1" 200 455
[27/Aug/2026 08:09:42] "GET /api/latest-detections/ HTTP/1.1" 200 123
[27/Aug/2026 08:09:42] "GET /api/drone-location/ HTTP/1.1" 200 455
[27/Aug/2026 08:09:42] "GET /api/system-status/ HTTP/1.1" 200 480
[27/Aug/2026 08:09:43] "GET /api/latest-detections/ HTTP/1.1" 200 123
[27/Aug/2026 08:09:43] "GET /api/drone-location/ HTTP/1.1" 200 455
[27/Aug/2026 08:09:44] "GET /api/latest-detections/ HTTP/1.1" 200 123
[27/Aug/2026 08:09:44] "GET /api/drone-location/ HTTP/1.1" 200 455
[27/Aug/2026 08:09:45] "GET /api/latest-detections/ HTTP/1.1" 200 123
[27/Aug/2026 08:09:45] "GET /api/drone-location/ HTTP/1.1" 200 455
[27/Aug/2026 08:09:45] "GET /api/system-status/ HTTP/1.1" 200 480
[27/Aug/2026 08:09:46] "GET /api/latest-detections/ HTTP/1.1" 200 123
[27/Aug/2026 08:09:46] "GET /api/drone-location/ HTTP/1.1" 200 455
[27/Aug/2026 08:09:47] "GET /api/latest-detections/ HTTP/1.1" 200 123
[27/Aug/2026 08:09:47] "GET /api/drone-location/ HTTP/1.1" 200 455
[27/Aug/2026 08:09:48] "GET /api/latest-detections/ HTTP/1.1" 200 123
[27/Aug/2026 08:09:48] "GET /api/drone-location/ HTTP/1.1" 200 455
[27/Aug/2026 08:09:48] "GET /api/system-status/ HTTP/1.1" 200 480
[27/Aug/2026 08:09:48] "GET /api/latest-detections/ HTTP/1.1" 200 123
[27/Aug/2026 08:09:49] "GET /api/latest-detections/ HTTP/1.1" 200 123
[27/Aug/2026 08:09:49] "GET /api/drone-location/ HTTP/1.1" 200 455
[27/Aug/2026 08:09:50] "GET /api/latest-detections/ HTTP/1.1" 200 123
[27/Aug/2026 08:09:50] "GET /api/drone-location/ HTTP/1.1" 200 455
[27/Aug/2026 08:09:51] "GET /api/latest-detections/ HTTP/1.1" 200 123
[27/Aug/2026 08:09:51] "GET /api/drone-location/ HTTP/1.1" 200 455
[27/Aug/2026 08:09:51] "GET /api/system-status/ HTTP/1.1" 200 480
[27/Aug/2026 08:09:52] "GET /api/latest-detections/ HTTP/1.1" 200 123
[27/Aug/2026 08:09:52] "GET /api/drone-location/ HTTP/1.1" 200 455
[27/Aug/2026 08:09:53] "GET /api/latest-detections/ HTTP/1.1" 200 123
[27/Aug/2026 08:09:53] "GET /api/drone-location/ HTTP/1.1" 200 455
[27/Aug/2026 08:09:54] "GET /api/latest-detections/ HTTP/1.1" 200 123
[27/Aug/2026 08:09:54] "GET /api/drone-location/ HTTP/1.1" 200 455
[27/Aug/2026 08:09:54] "GET /api/system-status/ HTTP/1.1" 200 480
[27/Aug/2026 08:09:55] "GET /api/latest-detections/ HTTP/1.1" 200 123
[27/Aug/2026 08:09:55] "GET /api/drone-location/ HTTP/1.1" 200 455
[27/Aug/2026 08:09:56] "GET /api/latest-detections/ HTTP/1.1" 200 123
[27/Aug/2026 08:09:56] "GET /api/drone-location/ HTTP/1.1" 200 455
[27/Aug/2026 08:09:57] "GET /api/latest-detections/ HTTP/1.1" 200 123
[27/Aug/2026 08:09:57] "GET /api/drone-location/ HTTP/1.1" 200 455
[27/Aug/2026 08:09:57] "GET /api/system-status/ HTTP/1.1" 200 480
[27/Aug/2026 08:09:58] "GET /api/latest-detections/ HTTP/1.1" 200 123
[27/Aug/2026 08:09:58] "GET /api/drone-location/ HTTP/1.1" 200 455
[27/Aug/2026 08:09:58] "GET /api/latest-detections/ HTTP/1.1" 200 123
[27/Aug/2026 08:09:59] "GET /api/latest-detections/ HTTP/1.1" 200 123
[27/Aug/2026 08:09:59] "GET /api/drone-location/ HTTP/1.1" 200 455
[27/Aug/2026 08:10:00] "GET /api/latest-detections/ HTTP/1.1" 200 123
[27/Aug/2026 08:10:00] "GET /api/drone-location/ HTTP/1.1" 200 455
[27/Aug/2026 08:10:00] "GET /api/system-status/ HTTP/1.1" 200 480
[27/Aug/2026 08:10:01] "GET /api/latest-detections/ HTTP/1.1" 200 123
[27/Aug/2026 08:10:01] "GET /api/drone-location/ HTTP/1.1" 200 455
[27/Aug/2026 08:10:02] "GET /api/latest-detections/ HTTP/1.1" 200 123
[27/Aug/2026 08:10:02] "GET /api/drone-location/ HTTP/1.1" 200 455
[27/Aug/2026 08:10:03] "GET /api/latest-detections/ HTTP/1.1" 200 123
[27/Aug/2026 08:10:03] "GET /api/drone-location/ HTTP/1.1" 200 455
[27/Aug/2026 08:10:03] "GET /api/system-status/ HTTP/1.1" 200 480
[27/Aug/2026 08:10:04] "GET /api/latest-detections/ HTTP/1.1" 200 123
[27/Aug/2026 08:10:04] "GET /api/drone-location/ HTTP/1.1" 200 455
[27/Aug/2026 08:10:05] "GET /api/latest-detections/ HTTP/1.1" 200 123
[27/Aug/2026 08:10:05] "GET /api/drone-location/ HTTP/1.1" 200 455
[27/Aug/2026 08:10:06] "GET /api/latest-detections/ HTTP/1.1" 200 123
[27/Aug/2026 08:10:06] "GET /api/drone-location/ HTTP/1.1" 200 455
[27/Aug/2026 08:10:06] "GET /api/system-status/ HTTP/1.1" 200 480
[27/Aug/2026 08:10:07] "GET /api/latest-detections/ HTTP/1.1" 200 123
[27/Aug/2026 08:10:07] "GET /api/drone-location/ HTTP/1.1" 200 455
[27/Aug/2026 08:10:08] "GET /api/latest-detections/ HTTP/1.1" 200 123
[27/Aug/2026 08:10:08] "GET /api/drone-location/ HTTP/1.1" 200 455
[27/Aug/2026 08:10:08] "GET /api/latest-detections/ HTTP/1.1" 200 123
[27/Aug/2026 08:10:09] "GET /api/latest-detections/ HTTP/1.1" 200 123
[27/Aug/2026 08:10:09] "GET /api/drone-location/ HTTP/1.1" 200 455
[27/Aug/2026 08:10:09] "GET /api/system-status/ HTTP/1.1" 200 480
[27/Aug/2026 08:10:10] "GET /api/latest-detections/ HTTP/1.1" 200 123
[27/Aug/2026 08:10:10] "GET /api/drone-location/ HTTP/1.1" 200 455
[27/Aug/2026 08:10:11] "GET /api/latest-detections/ HTTP/1.1" 200 123
[27/Aug/2026 08:10:11] "GET /api/drone-location/ HTTP/1.1" 200 455
[27/Aug/2026 08:10:12] "GET /api/latest-detections/ HTTP/1.1" 200 123
[27/Aug/2026 08:10:12] "GET /api/drone-location/ HTTP/1.1" 200 455
[27/Aug/2026 08:10:12] "GET /api/system-status/ HTTP/1.1" 200 480
[27/Aug/2026 08:10:13] "GET /api/latest-detections/ HTTP/1.1" 200 123
[27/Aug/2026 08:10:13] "GET /api/drone-location/ HTTP/1.1" 200 455
[27/Aug/2026 08:10:14] "GET /api/latest-detections/ HTTP/1.1" 200 123
[27/Aug/2026 08:10:14] "GET /api/drone-location/ HTTP/1.1" 200 455
[27/Aug/2026 08:10:15] "GET /api/latest-detections/ HTTP/1.1" 200 123
[27/Aug/2026 08:10:15] "GET /api/drone-location/ HTTP/1.1" 200 455
[27/Aug/2026 08:10:15] "GET /api/system-status/ HTTP/1.1" 200 480
[27/Aug/2026 08:10:16] "GET /api/latest-detections/ HTTP/1.1" 200 123
[27/Aug/2026 08:10:16] "GET /api/drone-location/ HTTP/1.1" 200 455
[27/Aug/2026 08:10:17] "GET /api/latest-detections/ HTTP/1.1" 200 123
[27/Aug/2026 08:10:17] "GET /api/drone-location/ HTTP/1.1" 200 455
[27/Aug/2026 08:10:24] "GET /api/latest-detections/ HTTP/1.1" 200 123
[27/Aug/2026 08:10:24] "GET /api/drone-location/ HTTP/1.1" 200 455
[27/Aug/2026 08:10:24] "GET /api/system-status/ HTTP/1.1" 200 480
[27/Aug/2026 08:11:11] "GET /dashboard/remote-control/ HTTP/1.1" 200 36931
[27/Aug/2026 08:11:24] "GET /api/latest-detections/ HTTP/1.1" 200 123
[27/Aug/2026 08:11:24] "GET /api/drone-location/ HTTP/1.1" 200 455
[27/Aug/2026 08:11:24] "GET /api/system-status/ HTTP/1.1" 200 480
[27/Aug/2026 08:11:49] "GET /api/system-status/ HTTP/1.1" 200 480
[27/Aug/2026 08:12:24] "GET /api/latest-detections/ HTTP/1.1" 200 123
[27/Aug/2026 08:12:24] "GET /api/drone-location/ HTTP/1.1" 200 455
[27/Aug/2026 08:12:24] "GET /api/system-status/ HTTP/1.1" 200 480
[27/Aug/2026 08:13:24] "GET /api/latest-detections/ HTTP/1.1" 200 466
[27/Aug/2026 08:13:24] "GET /api/drone-location/ HTTP/1.1" 200 455
[27/Aug/2026 08:13:24] "GET /api/system-status/ HTTP/1.1" 200 480
[27/Aug/2026 08:14:24] "GET /api/latest-detections/ HTTP/1.1" 200 561
[27/Aug/2026 08:14:24] "GET /api/drone-location/ HTTP/1.1" 200 455
[27/Aug/2026 08:14:24] "GET /api/system-status/ HTTP/1.1" 200 480
[27/Aug/2026 08:15:24] "GET /api/latest-detections/ HTTP/1.1" 200 562
[27/Aug/2026 08:15:24] "GET /api/drone-location/ HTTP/1.1" 200 455
[27/Aug/2026 08:15:24] "GET /api/system-status/ HTTP/1.1" 200 480
[27/Aug/2026 08:16:22] "GET /dji/login/ HTTP/1.1" 200 10986
[27/Aug/2026 08:16:24] "GET /api/latest-detections/ HTTP/1.1" 200 562
[27/Aug/2026 08:16:24] "GET /api/drone-location/ HTTP/1.1" 200 455
[27/Aug/2026 08:16:24] "GET /api/system-status/ HTTP/1.1" 200 480
[27/Aug/2026 08:17:24] "GET /api/latest-detections/ HTTP/1.1" 200 231
[27/Aug/2026 08:17:24] "GET /api/drone-location/ HTTP/1.1" 200 399
[27/Aug/2026 08:17:24] "GET /api/system-status/ HTTP/1.1" 200 479
[27/Aug/2026 08:18:24] "GET /api/latest-detections/ HTTP/1.1" 200 230
[27/Aug/2026 08:18:24] "GET /api/drone-location/ HTTP/1.1" 200 399
[27/Aug/2026 08:18:24] "GET /api/system-status/ HTTP/1.1" 200 479
[27/Aug/2026 08:19:24] "GET /api/latest-detections/ HTTP/1.1" 200 231
[27/Aug/2026 08:19:24] "GET /api/drone-location/ HTTP/1.1" 200 399
[27/Aug/2026 08:19:24] "GET /api/system-status/ HTTP/1.1" 200 479
[27/Aug/2026 08:20:24] "GET /api/latest-detections/ HTTP/1.1" 200 229
[27/Aug/2026 08:20:24] "GET /api/drone-location/ HTTP/1.1" 200 398
[27/Aug/2026 08:20:24] "GET /api/system-status/ HTTP/1.1" 200 479
[27/Aug/2026 08:20:46] "GET /api/latest-detections/ HTTP/1.1" 200 230
[27/Aug/2026 08:20:46] "GET /api/drone-location/ HTTP/1.1" 200 399
[27/Aug/2026 08:20:46] "GET /api/latest-detections/ HTTP/1.1" 200 229
[27/Aug/2026 08:20:46] "GET /api/system-status/ HTTP/1.1" 200 479
[27/Aug/2026 08:20:46] "GET /api/latest-detections/ HTTP/1.1" 200 230
[27/Aug/2026 08:20:46] "GET /api/drone-location/ HTTP/1.1" 200 399
[27/Aug/2026 08:20:46] "GET /api/latest-detections/ HTTP/1.1" 200 230
[27/Aug/2026 08:20:47] "GET /api/latest-detections/ HTTP/1.1" 200 229
[27/Aug/2026 08:20:47] "GET /dashboard/mission/ HTTP/1.1" 200 35507
[27/Aug/2026 08:20:47] "GET /api/latest-detections/ HTTP/1.1" 200 229
[27/Aug/2026 08:20:47] "GET /api/drone-location/ HTTP/1.1" 200 399
[27/Aug/2026 08:20:47] "GET /api/latest-detections/ HTTP/1.1" 200 230
[27/Aug/2026 08:20:47] "GET /api/system-status/ HTTP/1.1" 200 479
[27/Aug/2026 08:20:47] "GET /api/latest-detections/ HTTP/1.1" 200 230
Not Found: /favicon.ico
[27/Aug/2026 08:20:48] "GET /favicon.ico HTTP/1.1" 404 6772
[27/Aug/2026 08:20:48] "GET /api/latest-detections/ HTTP/1.1" 200 230
[27/Aug/2026 08:20:48] "GET /api/latest-detections/ HTTP/1.1" 200 230
[27/Aug/2026 08:20:48] "GET /api/drone-location/ HTTP/1.1" 200 398
[27/Aug/2026 08:20:48] "GET /api/latest-detections/ HTTP/1.1" 200 230
[27/Aug/2026 08:20:49] "GET /api/latest-detections/ HTTP/1.1" 200 230
[27/Aug/2026 08:20:49] "GET /api/latest-detections/ HTTP/1.1" 200 230
[27/Aug/2026 08:20:49] "GET /api/drone-location/ HTTP/1.1" 200 398
[27/Aug/2026 08:20:49] "GET /api/latest-detections/ HTTP/1.1" 200 230
[27/Aug/2026 08:20:49] "GET /api/latest-detections/ HTTP/1.1" 200 230
[27/Aug/2026 08:20:50] "GET /api/latest-detections/ HTTP/1.1" 200 230
[27/Aug/2026 08:20:50] "GET /api/drone-location/ HTTP/1.1" 200 399
[27/Aug/2026 08:20:50] "GET /api/latest-detections/ HTTP/1.1" 200 229
[27/Aug/2026 08:20:50] "GET /api/system-status/ HTTP/1.1" 200 479
[27/Aug/2026 08:20:50] "GET /api/latest-detections/ HTTP/1.1" 200 231
[27/Aug/2026 08:20:51] "GET /api/latest-detections/ HTTP/1.1" 200 227
[27/Aug/2026 08:20:51] "GET /api/latest-detections/ HTTP/1.1" 200 227
[27/Aug/2026 08:20:51] "GET /api/drone-location/ HTTP/1.1" 200 399
[27/Aug/2026 08:20:51] "GET /api/latest-detections/ HTTP/1.1" 200 228
[27/Aug/2026 08:20:52] "GET /api/latest-detections/ HTTP/1.1" 200 231
[27/Aug/2026 08:20:52] "GET /api/latest-detections/ HTTP/1.1" 200 339
[27/Aug/2026 08:20:52] "GET /api/drone-location/ HTTP/1.1" 200 399
[27/Aug/2026 08:20:52] "GET /api/latest-detections/ HTTP/1.1" 200 447
[27/Aug/2026 08:20:52] "GET /api/latest-detections/ HTTP/1.1" 200 337
[27/Aug/2026 08:20:53] "GET /api/latest-detections/ HTTP/1.1" 200 345
[27/Aug/2026 08:20:53] "GET /api/latest-detections/ HTTP/1.1" 200 343
[27/Aug/2026 08:20:53] "GET /api/drone-location/ HTTP/1.1" 200 399
[27/Aug/2026 08:20:53] "GET /api/system-status/ HTTP/1.1" 200 479
[27/Aug/2026 08:20:53] "GET /api/latest-detections/ HTTP/1.1" 200 343
[27/Aug/2026 08:20:54] "GET /api/latest-detections/ HTTP/1.1" 200 344
[27/Aug/2026 08:20:54] "GET /api/latest-detections/ HTTP/1.1" 200 345
[27/Aug/2026 08:20:54] "GET /api/drone-location/ HTTP/1.1" 200 399
[27/Aug/2026 08:20:54] "GET /api/latest-detections/ HTTP/1.1" 200 343
[27/Aug/2026 08:20:55] "GET /api/latest-detections/ HTTP/1.1" 200 342
[27/Aug/2026 08:20:55] "GET /api/latest-detections/ HTTP/1.1" 200 339
[27/Aug/2026 08:20:55] "GET /api/drone-location/ HTTP/1.1" 200 399
[27/Aug/2026 08:20:55] "GET /api/latest-detections/ HTTP/1.1" 200 338
[27/Aug/2026 08:20:55] "GET /dashboard/remote-control/ HTTP/1.1" 200 36931
[27/Aug/2026 08:28:50] "GET /dashboard/mission/ HTTP/1.1" 200 35507
[27/Aug/2026 08:28:50] "GET /api/latest-detections/ HTTP/1.1" 200 233
[27/Aug/2026 08:28:50] "GET /api/drone-location/ HTTP/1.1" 200 399
[27/Aug/2026 08:28:50] "GET /api/system-status/ HTTP/1.1" 200 479
[27/Aug/2026 08:28:51] "GET /api/latest-detections/ HTTP/1.1" 200 233
[27/Aug/2026 08:28:51] "GET /api/latest-detections/ HTTP/1.1" 200 233
[27/Aug/2026 08:28:51] "GET /api/latest-detections/ HTTP/1.1" 200 233
[27/Aug/2026 08:28:51] "GET /api/drone-location/ HTTP/1.1" 200 399
[27/Aug/2026 08:28:51] "GET /api/latest-detections/ HTTP/1.1" 200 233
[27/Aug/2026 08:28:52] "GET /api/latest-detections/ HTTP/1.1" 200 233
[27/Aug/2026 08:28:52] "GET /api/latest-detections/ HTTP/1.1" 200 233
[27/Aug/2026 08:28:52] "GET /api/drone-location/ HTTP/1.1" 200 399
[27/Aug/2026 08:28:52] "GET /api/latest-detections/ HTTP/1.1" 200 233
[27/Aug/2026 08:28:53] "GET /api/latest-detections/ HTTP/1.1" 200 233
[27/Aug/2026 08:28:53] "GET /api/latest-detections/ HTTP/1.1" 200 233
[27/Aug/2026 08:28:53] "GET /api/latest-detections/ HTTP/1.1" 200 233
[27/Aug/2026 08:28:53] "GET /api/drone-location/ HTTP/1.1" 200 398
[27/Aug/2026 08:28:53] "GET /api/system-status/ HTTP/1.1" 200 479
[27/Aug/2026 08:28:54] "GET /api/latest-detections/ HTTP/1.1" 200 233
[27/Aug/2026 08:28:54] "GET /api/latest-detections/ HTTP/1.1" 200 233
[27/Aug/2026 08:28:54] "GET /api/latest-detections/ HTTP/1.1" 200 233
[27/Aug/2026 08:28:54] "GET /api/drone-location/ HTTP/1.1" 200 398
[27/Aug/2026 08:28:54] "GET /api/latest-detections/ HTTP/1.1" 200 233
[27/Aug/2026 08:28:55] "GET /api/latest-detections/ HTTP/1.1" 200 233
[27/Aug/2026 08:28:55] "GET /api/latest-detections/ HTTP/1.1" 200 233
[27/Aug/2026 08:28:55] "GET /api/drone-location/ HTTP/1.1" 200 399
[27/Aug/2026 08:28:55] "GET /api/latest-detections/ HTTP/1.1" 200 233
[27/Aug/2026 08:28:56] "GET /api/latest-detections/ HTTP/1.1" 200 233
[27/Aug/2026 08:28:56] "GET /api/latest-detections/ HTTP/1.1" 200 233
[27/Aug/2026 08:28:56] "GET /api/latest-detections/ HTTP/1.1" 200 233
[27/Aug/2026 08:28:56] "GET /api/drone-location/ HTTP/1.1" 200 399
[27/Aug/2026 08:28:56] "GET /api/system-status/ HTTP/1.1" 200 479
[27/Aug/2026 08:28:57] "GET /api/latest-detections/ HTTP/1.1" 200 233
[27/Aug/2026 08:28:57] "GET /api/latest-detections/ HTTP/1.1" 200 233
[27/Aug/2026 08:28:57] "GET /api/latest-detections/ HTTP/1.1" 200 233
[27/Aug/2026 08:28:57] "GET /api/drone-location/ HTTP/1.1" 200 398
[27/Aug/2026 08:28:57] "GET /api/latest-detections/ HTTP/1.1" 200 233
[27/Aug/2026 08:28:58] "GET /api/latest-detections/ HTTP/1.1" 200 233
[27/Aug/2026 08:28:58] "GET /api/latest-detections/ HTTP/1.1" 200 233
[27/Aug/2026 08:28:58] "GET /api/drone-location/ HTTP/1.1" 200 398
[27/Aug/2026 08:28:58] "GET /api/latest-detections/ HTTP/1.1" 200 233
[27/Aug/2026 08:28:59] "GET /api/latest-detections/ HTTP/1.1" 200 233
[27/Aug/2026 08:28:59] "GET /api/latest-detections/ HTTP/1.1" 200 233
[27/Aug/2026 08:28:59] "GET /api/latest-detections/ HTTP/1.1" 200 233
[27/Aug/2026 08:28:59] "GET /api/drone-location/ HTTP/1.1" 200 399
[27/Aug/2026 08:28:59] "GET /api/system-status/ HTTP/1.1" 200 479
[27/Aug/2026 08:29:00] "GET /api/latest-detections/ HTTP/1.1" 200 233
[27/Aug/2026 08:29:00] "GET /api/latest-detections/ HTTP/1.1" 200 233
[27/Aug/2026 08:29:00] "GET /api/latest-detections/ HTTP/1.1" 200 233
[27/Aug/2026 08:29:00] "GET /api/drone-location/ HTTP/1.1" 200 399
[27/Aug/2026 08:29:00] "GET /api/latest-detections/ HTTP/1.1" 200 233
[27/Aug/2026 08:29:01] "GET /api/latest-detections/ HTTP/1.1" 200 233
[27/Aug/2026 08:29:01] "GET /api/latest-detections/ HTTP/1.1" 200 233
[27/Aug/2026 08:29:01] "GET /api/drone-location/ HTTP/1.1" 200 398
[27/Aug/2026 08:29:01] "GET /api/latest-detections/ HTTP/1.1" 200 233
[27/Aug/2026 08:29:02] "GET /api/latest-detections/ HTTP/1.1" 200 233
[27/Aug/2026 08:29:02] "GET /api/latest-detections/ HTTP/1.1" 200 233
[27/Aug/2026 08:29:02] "GET /api/latest-detections/ HTTP/1.1" 200 233
[27/Aug/2026 08:29:02] "GET /api/drone-location/ HTTP/1.1" 200 398
[27/Aug/2026 08:29:02] "GET /api/system-status/ HTTP/1.1" 200 479
[27/Aug/2026 08:29:03] "GET /api/latest-detections/ HTTP/1.1" 200 233
[27/Aug/2026 08:29:03] "GET /api/latest-detections/ HTTP/1.1" 200 233
[27/Aug/2026 08:29:03] "GET /api/latest-detections/ HTTP/1.1" 200 233
[27/Aug/2026 08:29:03] "GET /api/drone-location/ HTTP/1.1" 200 398
[27/Aug/2026 08:29:03] "GET /api/latest-detections/ HTTP/1.1" 200 233
[27/Aug/2026 08:29:04] "GET /api/latest-detections/ HTTP/1.1" 200 232
[27/Aug/2026 08:29:04] "GET /api/latest-detections/ HTTP/1.1" 200 232
[27/Aug/2026 08:29:04] "GET /api/drone-location/ HTTP/1.1" 200 398
[27/Aug/2026 08:29:04] "GET /api/latest-detections/ HTTP/1.1" 200 232
[27/Aug/2026 08:29:05] "GET /api/latest-detections/ HTTP/1.1" 200 233
[27/Aug/2026 08:29:05] "GET /api/latest-detections/ HTTP/1.1" 200 233
[27/Aug/2026 08:29:05] "GET /api/latest-detections/ HTTP/1.1" 200 233
[27/Aug/2026 08:29:05] "GET /api/drone-location/ HTTP/1.1" 200 398
[27/Aug/2026 08:29:05] "GET /api/system-status/ HTTP/1.1" 200 479
[27/Aug/2026 08:29:06] "GET /api/latest-detections/ HTTP/1.1" 200 233
[27/Aug/2026 08:29:06] "GET /api/latest-detections/ HTTP/1.1" 200 233
[27/Aug/2026 08:29:06] "GET /api/latest-detections/ HTTP/1.1" 200 233
[27/Aug/2026 08:29:06] "GET /api/drone-location/ HTTP/1.1" 200 398
[27/Aug/2026 08:29:06] "GET /api/latest-detections/ HTTP/1.1" 200 233
[27/Aug/2026 08:29:07] "GET /api/latest-detections/ HTTP/1.1" 200 233
[27/Aug/2026 08:29:07] "GET /api/latest-detections/ HTTP/1.1" 200 233
[27/Aug/2026 08:29:07] "GET /api/drone-location/ HTTP/1.1" 200 399
[27/Aug/2026 08:29:07] "GET /api/latest-detections/ HTTP/1.1" 200 233
[27/Aug/2026 08:29:08] "GET /api/latest-detections/ HTTP/1.1" 200 233
[27/Aug/2026 08:29:08] "GET /api/latest-detections/ HTTP/1.1" 200 233
[27/Aug/2026 08:29:08] "GET /api/latest-detections/ HTTP/1.1" 200 233
[27/Aug/2026 08:29:08] "GET /api/drone-location/ HTTP/1.1" 200 399
[27/Aug/2026 08:29:08] "GET /api/system-status/ HTTP/1.1" 200 479
[27/Aug/2026 08:29:09] "GET /api/latest-detections/ HTTP/1.1" 200 233
[27/Aug/2026 08:29:09] "GET /api/latest-detections/ HTTP/1.1" 200 233
[27/Aug/2026 08:29:09] "GET /api/latest-detections/ HTTP/1.1" 200 233
[27/Aug/2026 08:29:09] "GET /api/drone-location/ HTTP/1.1" 200 399
[27/Aug/2026 08:29:09] "GET /api/latest-detections/ HTTP/1.1" 200 233
[27/Aug/2026 08:29:10] "GET /api/latest-detections/ HTTP/1.1" 200 233
[27/Aug/2026 08:29:10] "GET /api/latest-detections/ HTTP/1.1" 200 233
[27/Aug/2026 08:29:10] "GET /api/drone-location/ HTTP/1.1" 200 399
[27/Aug/2026 08:29:10] "GET /api/latest-detections/ HTTP/1.1" 200 233
[27/Aug/2026 08:29:11] "GET /api/latest-detections/ HTTP/1.1" 200 233
[27/Aug/2026 08:29:11] "GET /api/latest-detections/ HTTP/1.1" 200 233
[27/Aug/2026 08:29:11] "GET /api/latest-detections/ HTTP/1.1" 200 233
[27/Aug/2026 08:29:11] "GET /api/drone-location/ HTTP/1.1" 200 398
[27/Aug/2026 08:29:11] "GET /api/system-status/ HTTP/1.1" 200 479
[27/Aug/2026 08:29:12] "GET /api/latest-detections/ HTTP/1.1" 200 233
[27/Aug/2026 08:29:12] "GET /api/latest-detections/ HTTP/1.1" 200 233
[27/Aug/2026 08:29:12] "GET /api/latest-detections/ HTTP/1.1" 200 233
[27/Aug/2026 08:29:12] "GET /api/drone-location/ HTTP/1.1" 200 398
[27/Aug/2026 08:29:12] "GET /api/latest-detections/ HTTP/1.1" 200 233
[27/Aug/2026 08:29:13] "GET /api/latest-detections/ HTTP/1.1" 200 233
[27/Aug/2026 08:29:13] "GET /api/latest-detections/ HTTP/1.1" 200 233
[27/Aug/2026 08:29:13] "GET /api/drone-location/ HTTP/1.1" 200 399
[27/Aug/2026 08:29:13] "GET /api/latest-detections/ HTTP/1.1" 200 233
[27/Aug/2026 08:29:14] "GET /api/latest-detections/ HTTP/1.1" 200 233
[27/Aug/2026 08:29:14] "GET /api/latest-detections/ HTTP/1.1" 200 232
[27/Aug/2026 08:29:14] "GET /api/latest-detections/ HTTP/1.1" 200 233
[27/Aug/2026 08:29:14] "GET /api/drone-location/ HTTP/1.1" 200 399
[27/Aug/2026 08:29:14] "GET /api/system-status/ HTTP/1.1" 200 479
[27/Aug/2026 08:29:15] "GET /api/latest-detections/ HTTP/1.1" 200 233
[27/Aug/2026 08:29:15] "GET /api/latest-detections/ HTTP/1.1" 200 233
[27/Aug/2026 08:29:15] "GET /api/latest-detections/ HTTP/1.1" 200 233
[27/Aug/2026 08:29:15] "GET /api/drone-location/ HTTP/1.1" 200 399
[27/Aug/2026 08:29:15] "GET /api/latest-detections/ HTTP/1.1" 200 233
[27/Aug/2026 08:29:16] "GET /api/latest-detections/ HTTP/1.1" 200 233
[27/Aug/2026 08:29:16] "GET /api/latest-detections/ HTTP/1.1" 200 233
[27/Aug/2026 08:29:16] "GET /api/drone-location/ HTTP/1.1" 200 399
[27/Aug/2026 08:29:16] "GET /api/latest-detections/ HTTP/1.1" 200 233
[27/Aug/2026 08:29:17] "GET /api/latest-detections/ HTTP/1.1" 200 233
[27/Aug/2026 08:29:17] "GET /api/latest-detections/ HTTP/1.1" 200 233
[27/Aug/2026 08:29:17] "GET /api/latest-detections/ HTTP/1.1" 200 232
[27/Aug/2026 08:29:17] "GET /api/drone-location/ HTTP/1.1" 200 398
[27/Aug/2026 08:29:17] "GET /api/system-status/ HTTP/1.1" 200 479
[27/Aug/2026 08:29:18] "GET /api/latest-detections/ HTTP/1.1" 200 233
[27/Aug/2026 08:29:18] "GET /api/latest-detections/ HTTP/1.1" 200 233
[27/Aug/2026 08:29:18] "GET /api/latest-detections/ HTTP/1.1" 200 233
[27/Aug/2026 08:29:18] "GET /api/drone-location/ HTTP/1.1" 200 398
[27/Aug/2026 08:29:18] "GET /api/latest-detections/ HTTP/1.1" 200 233
[27/Aug/2026 08:29:19] "GET /api/latest-detections/ HTTP/1.1" 200 233
[27/Aug/2026 08:29:19] "GET /api/latest-detections/ HTTP/1.1" 200 233
[27/Aug/2026 08:29:19] "GET /api/drone-location/ HTTP/1.1" 200 399
[27/Aug/2026 08:29:19] "GET /api/latest-detections/ HTTP/1.1" 200 233
[27/Aug/2026 08:29:20] "GET /api/latest-detections/ HTTP/1.1" 200 233
[27/Aug/2026 08:29:20] "GET /api/latest-detections/ HTTP/1.1" 200 233
[27/Aug/2026 08:29:20] "GET /api/latest-detections/ HTTP/1.1" 200 233
[27/Aug/2026 08:29:20] "GET /api/drone-location/ HTTP/1.1" 200 399
[27/Aug/2026 08:29:20] "GET /api/system-status/ HTTP/1.1" 200 479
[27/Aug/2026 08:29:21] "GET /api/latest-detections/ HTTP/1.1" 200 233
[27/Aug/2026 08:29:21] "GET /api/latest-detections/ HTTP/1.1" 200 233
[27/Aug/2026 08:29:21] "GET /api/latest-detections/ HTTP/1.1" 200 233
[27/Aug/2026 08:29:21] "GET /api/drone-location/ HTTP/1.1" 200 398
[27/Aug/2026 08:29:21] "GET /api/latest-detections/ HTTP/1.1" 200 233
[27/Aug/2026 08:29:22] "GET /api/latest-detections/ HTTP/1.1" 200 233
[27/Aug/2026 08:29:22] "GET /api/latest-detections/ HTTP/1.1" 200 233
[27/Aug/2026 08:29:22] "GET /api/drone-location/ HTTP/1.1" 200 398
[27/Aug/2026 08:29:22] "GET /api/latest-detections/ HTTP/1.1" 200 233
[27/Aug/2026 08:29:23] "GET /api/latest-detections/ HTTP/1.1" 200 233
[27/Aug/2026 08:29:23] "GET /api/latest-detections/ HTTP/1.1" 200 233
[27/Aug/2026 08:29:23] "GET /api/latest-detections/ HTTP/1.1" 200 233
[27/Aug/2026 08:29:23] "GET /api/drone-location/ HTTP/1.1" 200 399
[27/Aug/2026 08:29:23] "GET /api/system-status/ HTTP/1.1" 200 479
[27/Aug/2026 08:29:24] "GET /api/latest-detections/ HTTP/1.1" 200 233
[27/Aug/2026 08:29:24] "GET /api/latest-detections/ HTTP/1.1" 200 233
[27/Aug/2026 08:29:24] "GET /api/latest-detections/ HTTP/1.1" 200 233
[27/Aug/2026 08:29:24] "GET /api/drone-location/ HTTP/1.1" 200 399
[27/Aug/2026 08:29:24] "GET /api/latest-detections/ HTTP/1.1" 200 233
[27/Aug/2026 08:29:25] "GET /api/latest-detections/ HTTP/1.1" 200 233
[27/Aug/2026 08:29:25] "GET /api/latest-detections/ HTTP/1.1" 200 233
[27/Aug/2026 08:29:25] "GET /api/drone-location/ HTTP/1.1" 200 398
[27/Aug/2026 08:29:25] "GET /api/latest-detections/ HTTP/1.1" 200 233
[27/Aug/2026 08:29:26] "GET /api/latest-detections/ HTTP/1.1" 200 233
[27/Aug/2026 08:29:26] "GET /api/latest-detections/ HTTP/1.1" 200 233
[27/Aug/2026 08:29:26] "GET /api/latest-detections/ HTTP/1.1" 200 233
[27/Aug/2026 08:29:26] "GET /api/drone-location/ HTTP/1.1" 200 398
[27/Aug/2026 08:29:26] "GET /api/system-status/ HTTP/1.1" 200 479
[27/Aug/2026 08:29:27] "GET /api/latest-detections/ HTTP/1.1" 200 233
[27/Aug/2026 08:29:27] "GET /api/latest-detections/ HTTP/1.1" 200 233
[27/Aug/2026 08:29:27] "GET /api/latest-detections/ HTTP/1.1" 200 233
[27/Aug/2026 08:29:27] "GET /api/drone-location/ HTTP/1.1" 200 398
[27/Aug/2026 08:29:27] "GET /api/latest-detections/ HTTP/1.1" 200 233
[27/Aug/2026 08:29:28] "GET /api/latest-detections/ HTTP/1.1" 200 233
[27/Aug/2026 08:29:28] "GET /api/latest-detections/ HTTP/1.1" 200 233
[27/Aug/2026 08:29:28] "GET /api/drone-location/ HTTP/1.1" 200 398
[27/Aug/2026 08:29:28] "GET /api/latest-detections/ HTTP/1.1" 200 233
[27/Aug/2026 08:29:29] "GET /api/latest-detections/ HTTP/1.1" 200 233
[27/Aug/2026 08:29:29] "GET /api/latest-detections/ HTTP/1.1" 200 233
[27/Aug/2026 08:29:29] "GET /api/latest-detections/ HTTP/1.1" 200 233
[27/Aug/2026 08:29:29] "GET /api/drone-location/ HTTP/1.1" 200 399
[27/Aug/2026 08:29:29] "GET /api/system-status/ HTTP/1.1" 200 479
[27/Aug/2026 08:29:30] "GET /api/latest-detections/ HTTP/1.1" 200 233
[27/Aug/2026 08:29:30] "GET /api/latest-detections/ HTTP/1.1" 200 233
[27/Aug/2026 08:29:30] "GET /api/latest-detections/ HTTP/1.1" 200 233
[27/Aug/2026 08:29:30] "GET /api/drone-location/ HTTP/1.1" 200 399
[27/Aug/2026 08:29:30] "GET /api/latest-detections/ HTTP/1.1" 200 233
[27/Aug/2026 08:29:31] "GET /api/latest-detections/ HTTP/1.1" 200 233
[27/Aug/2026 08:29:31] "GET /api/latest-detections/ HTTP/1.1" 200 233
[27/Aug/2026 08:29:31] "GET /api/drone-location/ HTTP/1.1" 200 399
[27/Aug/2026 08:29:31] "GET /api/latest-detections/ HTTP/1.1" 200 233
[27/Aug/2026 08:29:32] "GET /api/latest-detections/ HTTP/1.1" 200 233
[27/Aug/2026 08:29:32] "GET /api/latest-detections/ HTTP/1.1" 200 233
[27/Aug/2026 08:29:32] "GET /api/latest-detections/ HTTP/1.1" 200 233
[27/Aug/2026 08:29:32] "GET /api/drone-location/ HTTP/1.1" 200 399
[27/Aug/2026 08:29:32] "GET /api/system-status/ HTTP/1.1" 200 479
[27/Aug/2026 08:29:33] "GET /api/latest-detections/ HTTP/1.1" 200 233
[27/Aug/2026 08:29:33] "GET /api/latest-detections/ HTTP/1.1" 200 233
[27/Aug/2026 08:29:33] "GET /api/latest-detections/ HTTP/1.1" 200 233
[27/Aug/2026 08:29:33] "GET /api/drone-location/ HTTP/1.1" 200 398
[27/Aug/2026 08:29:34] "GET /api/latest-detections/ HTTP/1.1" 200 233
[27/Aug/2026 08:29:34] "GET /api/latest-detections/ HTTP/1.1" 200 233
[27/Aug/2026 08:29:34] "GET /api/latest-detections/ HTTP/1.1" 200 233
[27/Aug/2026 08:29:34] "GET /api/drone-location/ HTTP/1.1" 200 398
[27/Aug/2026 08:29:35] "GET /api/latest-detections/ HTTP/1.1" 200 233
[27/Aug/2026 08:29:35] "GET /api/latest-detections/ HTTP/1.1" 200 233
[27/Aug/2026 08:29:35] "GET /api/drone-location/ HTTP/1.1" 200 399
[27/Aug/2026 08:29:36] "GET /api/latest-detections/ HTTP/1.1" 200 233
[27/Aug/2026 08:29:36] "GET /api/system-status/ HTTP/1.1" 200 479
[27/Aug/2026 08:29:36] "GET /api/latest-detections/ HTTP/1.1" 200 233
[27/Aug/2026 08:29:36] "GET /api/latest-detections/ HTTP/1.1" 200 233
[27/Aug/2026 08:29:36] "GET /api/drone-location/ HTTP/1.1" 200 399
[27/Aug/2026 08:29:36] "GET /api/latest-detections/ HTTP/1.1" 200 233
[27/Aug/2026 08:29:37] "GET /api/latest-detections/ HTTP/1.1" 200 233
[27/Aug/2026 08:29:37] "GET /api/latest-detections/ HTTP/1.1" 200 233
[27/Aug/2026 08:29:37] "GET /api/drone-location/ HTTP/1.1" 200 398
[27/Aug/2026 08:29:37] "GET /api/latest-detections/ HTTP/1.1" 200 233
[27/Aug/2026 08:29:38] "GET /api/latest-detections/ HTTP/1.1" 200 233
[27/Aug/2026 08:29:38] "GET /api/latest-detections/ HTTP/1.1" 200 233
[27/Aug/2026 08:29:38] "GET /api/latest-detections/ HTTP/1.1" 200 233
[27/Aug/2026 08:29:38] "GET /api/drone-location/ HTTP/1.1" 200 398
[27/Aug/2026 08:29:38] "GET /api/system-status/ HTTP/1.1" 200 479
[27/Aug/2026 08:29:39] "GET /api/latest-detections/ HTTP/1.1" 200 233
[27/Aug/2026 08:29:39] "GET /api/latest-detections/ HTTP/1.1" 200 233
[27/Aug/2026 08:29:39] "GET /api/latest-detections/ HTTP/1.1" 200 233
[27/Aug/2026 08:29:39] "GET /api/drone-location/ HTTP/1.1" 200 398
[27/Aug/2026 08:29:39] "GET /api/latest-detections/ HTTP/1.1" 200 233
[27/Aug/2026 08:29:40] "GET /api/latest-detections/ HTTP/1.1" 200 233
[27/Aug/2026 08:29:40] "GET /api/latest-detections/ HTTP/1.1" 200 233
[27/Aug/2026 08:29:40] "GET /api/drone-location/ HTTP/1.1" 200 398
[27/Aug/2026 08:29:40] "GET /api/latest-detections/ HTTP/1.1" 200 233
[27/Aug/2026 08:29:41] "GET /api/latest-detections/ HTTP/1.1" 200 233
[27/Aug/2026 08:29:41] "GET /api/latest-detections/ HTTP/1.1" 200 233
[27/Aug/2026 08:29:41] "GET /api/latest-detections/ HTTP/1.1" 200 233
[27/Aug/2026 08:29:41] "GET /api/drone-location/ HTTP/1.1" 200 399
[27/Aug/2026 08:29:41] "GET /api/system-status/ HTTP/1.1" 200 479
[27/Aug/2026 08:29:42] "GET /api/latest-detections/ HTTP/1.1" 200 233
[27/Aug/2026 08:29:42] "GET /api/latest-detections/ HTTP/1.1" 200 233
[27/Aug/2026 08:29:42] "GET /api/latest-detections/ HTTP/1.1" 200 233
[27/Aug/2026 08:29:42] "GET /api/drone-location/ HTTP/1.1" 200 399
[27/Aug/2026 08:29:42] "GET /api/latest-detections/ HTTP/1.1" 200 233
[27/Aug/2026 08:29:43] "GET /api/latest-detections/ HTTP/1.1" 200 233
[27/Aug/2026 08:29:43] "GET /api/latest-detections/ HTTP/1.1" 200 233
[27/Aug/2026 08:29:43] "GET /api/drone-location/ HTTP/1.1" 200 398
[27/Aug/2026 08:29:43] "GET /api/latest-detections/ HTTP/1.1" 200 233
[27/Aug/2026 08:29:44] "GET /api/latest-detections/ HTTP/1.1" 200 233
[27/Aug/2026 08:29:44] "GET /api/latest-detections/ HTTP/1.1" 200 233
[27/Aug/2026 08:29:44] "GET /api/latest-detections/ HTTP/1.1" 200 233
[27/Aug/2026 08:29:44] "GET /api/drone-location/ HTTP/1.1" 200 398
[27/Aug/2026 08:29:45] "GET /api/system-status/ HTTP/1.1" 200 479
[27/Aug/2026 08:29:45] "GET /api/latest-detections/ HTTP/1.1" 200 233
[27/Aug/2026 08:29:45] "GET /api/latest-detections/ HTTP/1.1" 200 233
[27/Aug/2026 08:29:45] "GET /dashboard/mission/ HTTP/1.1" 200 35507
[27/Aug/2026 08:29:45] "GET /api/latest-detections/ HTTP/1.1" 200 233
[27/Aug/2026 08:29:45] "GET /api/drone-location/ HTTP/1.1" 200 399
[27/Aug/2026 08:29:45] "GET /api/system-status/ HTTP/1.1" 200 479
[27/Aug/2026 08:29:45] "GET /api/latest-detections/ HTTP/1.1" 200 233
[27/Aug/2026 08:29:46] "GET /api/latest-detections/ HTTP/1.1" 200 233
[27/Aug/2026 08:29:46] "GET /api/latest-detections/ HTTP/1.1" 200 233
[27/Aug/2026 08:29:46] "GET /api/drone-location/ HTTP/1.1" 200 399
[27/Aug/2026 08:29:46] "GET /api/latest-detections/ HTTP/1.1" 200 233
[27/Aug/2026 08:29:47] "GET /api/latest-detections/ HTTP/1.1" 200 232
[27/Aug/2026 08:29:47] "GET /api/latest-detections/ HTTP/1.1" 200 233
[27/Aug/2026 08:29:47] "GET /api/drone-location/ HTTP/1.1" 200 399
[27/Aug/2026 08:29:47] "GET /api/latest-detections/ HTTP/1.1" 200 233
[27/Aug/2026 08:29:48] "GET /api/latest-detections/ HTTP/1.1" 200 233
[27/Aug/2026 08:29:48] "GET /api/latest-detections/ HTTP/1.1" 200 458
[27/Aug/2026 08:29:48] "GET /api/latest-detections/ HTTP/1.1" 200 452
[27/Aug/2026 08:29:48] "GET /api/drone-location/ HTTP/1.1" 200 399
[27/Aug/2026 08:29:48] "GET /api/system-status/ HTTP/1.1" 200 479
[27/Aug/2026 08:29:48] "GET /api/latest-detections/ HTTP/1.1" 200 452
[27/Aug/2026 08:29:49] "GET /api/latest-detections/ HTTP/1.1" 200 452
[27/Aug/2026 08:29:49] "GET /api/latest-detections/ HTTP/1.1" 200 452
[27/Aug/2026 08:29:49] "GET /api/drone-location/ HTTP/1.1" 200 399
[27/Aug/2026 08:29:49] "GET /api/latest-detections/ HTTP/1.1" 200 452
[27/Aug/2026 08:29:50] "GET /api/latest-detections/ HTTP/1.1" 200 452
[27/Aug/2026 08:29:50] "GET /api/latest-detections/ HTTP/1.1" 200 452
[27/Aug/2026 08:29:50] "GET /api/drone-location/ HTTP/1.1" 200 399
[27/Aug/2026 08:29:50] "GET /api/latest-detections/ HTTP/1.1" 200 452
[27/Aug/2026 08:29:51] "GET /api/latest-detections/ HTTP/1.1" 200 452
[27/Aug/2026 08:29:51] "GET /api/latest-detections/ HTTP/1.1" 200 452
[27/Aug/2026 08:29:51] "GET /api/latest-detections/ HTTP/1.1" 200 453
[27/Aug/2026 08:29:51] "GET /api/drone-location/ HTTP/1.1" 200 398
[27/Aug/2026 08:29:51] "GET /api/system-status/ HTTP/1.1" 200 479
[27/Aug/2026 08:29:51] "GET /api/latest-detections/ HTTP/1.1" 200 453
[27/Aug/2026 08:29:52] "GET /api/latest-detections/ HTTP/1.1" 200 453
[27/Aug/2026 08:29:52] "GET /api/latest-detections/ HTTP/1.1" 200 453
[27/Aug/2026 08:29:52] "GET /api/drone-location/ HTTP/1.1" 200 398
[27/Aug/2026 08:29:52] "GET /api/latest-detections/ HTTP/1.1" 200 453
[27/Aug/2026 08:29:53] "GET /api/latest-detections/ HTTP/1.1" 200 453
[27/Aug/2026 08:29:53] "GET /api/latest-detections/ HTTP/1.1" 200 453
[27/Aug/2026 08:29:53] "GET /api/drone-location/ HTTP/1.1" 200 398
[27/Aug/2026 08:29:53] "GET /api/latest-detections/ HTTP/1.1" 200 452
[27/Aug/2026 08:29:54] "GET /api/latest-detections/ HTTP/1.1" 200 453
[27/Aug/2026 08:29:54] "GET /api/latest-detections/ HTTP/1.1" 200 453
[27/Aug/2026 08:29:54] "GET /api/latest-detections/ HTTP/1.1" 200 453
[27/Aug/2026 08:29:54] "GET /api/drone-location/ HTTP/1.1" 200 398
[27/Aug/2026 08:29:54] "GET /api/system-status/ HTTP/1.1" 200 479
[27/Aug/2026 08:29:54] "GET /api/latest-detections/ HTTP/1.1" 200 453
[27/Aug/2026 08:29:55] "GET /api/latest-detections/ HTTP/1.1" 200 453
[27/Aug/2026 08:29:55] "GET /api/latest-detections/ HTTP/1.1" 200 452
[27/Aug/2026 08:29:55] "GET /api/drone-location/ HTTP/1.1" 200 399
[27/Aug/2026 08:29:55] "GET /api/latest-detections/ HTTP/1.1" 200 453
[27/Aug/2026 08:29:56] "GET /api/latest-detections/ HTTP/1.1" 200 453
[27/Aug/2026 08:29:56] "GET /api/latest-detections/ HTTP/1.1" 200 453
[27/Aug/2026 08:29:56] "GET /api/drone-location/ HTTP/1.1" 200 399
[27/Aug/2026 08:29:56] "GET /api/latest-detections/ HTTP/1.1" 200 453
[27/Aug/2026 08:29:57] "GET /api/latest-detections/ HTTP/1.1" 200 453
[27/Aug/2026 08:29:57] "GET /api/latest-detections/ HTTP/1.1" 200 453
[27/Aug/2026 08:29:57] "GET /api/latest-detections/ HTTP/1.1" 200 453
[27/Aug/2026 08:29:57] "GET /api/drone-location/ HTTP/1.1" 200 399
[27/Aug/2026 08:29:57] "GET /api/system-status/ HTTP/1.1" 200 479
[27/Aug/2026 08:29:57] "GET /api/latest-detections/ HTTP/1.1" 200 453
[27/Aug/2026 08:29:58] "GET /api/latest-detections/ HTTP/1.1" 200 453
[27/Aug/2026 08:29:58] "GET /api/latest-detections/ HTTP/1.1" 200 454
[27/Aug/2026 08:29:58] "GET /api/drone-location/ HTTP/1.1" 200 399
[27/Aug/2026 08:29:58] "GET /api/latest-detections/ HTTP/1.1" 200 454
[27/Aug/2026 08:29:59] "GET /api/latest-detections/ HTTP/1.1" 200 454
[27/Aug/2026 08:29:59] "GET /api/latest-detections/ HTTP/1.1" 200 454
[27/Aug/2026 08:30:00] "GET /api/latest-detections/ HTTP/1.1" 200 454
[27/Aug/2026 08:30:00] "GET /api/drone-location/ HTTP/1.1" 200 393
[27/Aug/2026 08:30:01] "GET /api/latest-detections/ HTTP/1.1" 200 454
[27/Aug/2026 08:30:01] "GET /api/drone-location/ HTTP/1.1" 200 393
[27/Aug/2026 08:30:01] "GET /api/system-status/ HTTP/1.1" 200 479
[27/Aug/2026 08:30:02] "GET /api/latest-detections/ HTTP/1.1" 200 454
[27/Aug/2026 08:30:02] "GET /api/drone-location/ HTTP/1.1" 200 398
[27/Aug/2026 08:30:03] "GET /api/latest-detections/ HTTP/1.1" 200 454
[27/Aug/2026 08:30:03] "GET /api/drone-location/ HTTP/1.1" 200 398
[27/Aug/2026 08:30:04] "GET /api/latest-detections/ HTTP/1.1" 200 454
[27/Aug/2026 08:30:04] "GET /api/drone-location/ HTTP/1.1" 200 397
[27/Aug/2026 08:30:04] "GET /api/system-status/ HTTP/1.1" 200 479
[27/Aug/2026 08:30:05] "GET /api/latest-detections/ HTTP/1.1" 200 454
[27/Aug/2026 08:30:05] "GET /api/drone-location/ HTTP/1.1" 200 397
[27/Aug/2026 08:30:06] "GET /api/latest-detections/ HTTP/1.1" 200 454
[27/Aug/2026 08:30:06] "GET /api/drone-location/ HTTP/1.1" 200 398
[27/Aug/2026 08:30:07] "GET /api/latest-detections/ HTTP/1.1" 200 454
[27/Aug/2026 08:30:07] "GET /api/drone-location/ HTTP/1.1" 200 398
[27/Aug/2026 08:30:07] "GET /api/system-status/ HTTP/1.1" 200 479
[27/Aug/2026 08:30:08] "GET /api/latest-detections/ HTTP/1.1" 200 454
[27/Aug/2026 08:30:08] "GET /api/drone-location/ HTTP/1.1" 200 396
[27/Aug/2026 08:30:09] "GET /api/latest-detections/ HTTP/1.1" 200 454
[27/Aug/2026 08:30:09] "GET /api/drone-location/ HTTP/1.1" 200 396
[27/Aug/2026 08:30:10] "GET /api/latest-detections/ HTTP/1.1" 200 454
[27/Aug/2026 08:30:10] "GET /api/drone-location/ HTTP/1.1" 200 398
[27/Aug/2026 08:30:10] "GET /api/system-status/ HTTP/1.1" 200 479
[27/Aug/2026 08:30:11] "GET /api/latest-detections/ HTTP/1.1" 200 454
[27/Aug/2026 08:30:11] "GET /api/drone-location/ HTTP/1.1" 200 398
[27/Aug/2026 08:30:12] "GET /api/latest-detections/ HTTP/1.1" 200 454
[27/Aug/2026 08:30:12] "GET /api/drone-location/ HTTP/1.1" 200 399
[27/Aug/2026 08:30:13] "GET /api/latest-detections/ HTTP/1.1" 200 454
[27/Aug/2026 08:30:13] "GET /api/drone-location/ HTTP/1.1" 200 399
[27/Aug/2026 08:30:13] "GET /api/system-status/ HTTP/1.1" 200 479
[27/Aug/2026 08:30:14] "GET /api/latest-detections/ HTTP/1.1" 200 454
[27/Aug/2026 08:30:14] "GET /api/drone-location/ HTTP/1.1" 200 398
[27/Aug/2026 08:30:15] "GET /api/latest-detections/ HTTP/1.1" 200 454
[27/Aug/2026 08:30:15] "GET /api/drone-location/ HTTP/1.1" 200 398
[27/Aug/2026 08:30:16] "GET /api/latest-detections/ HTTP/1.1" 200 454
[27/Aug/2026 08:30:16] "GET /api/drone-location/ HTTP/1.1" 200 399
[27/Aug/2026 08:30:16] "GET /api/system-status/ HTTP/1.1" 200 479
[27/Aug/2026 08:30:17] "GET /api/latest-detections/ HTTP/1.1" 200 454
[27/Aug/2026 08:30:17] "GET /api/drone-location/ HTTP/1.1" 200 399
[27/Aug/2026 08:30:18] "GET /api/latest-detections/ HTTP/1.1" 200 454
[27/Aug/2026 08:30:18] "GET /api/drone-location/ HTTP/1.1" 200 398
[27/Aug/2026 08:30:19] "GET /api/latest-detections/ HTTP/1.1" 200 449
[27/Aug/2026 08:30:19] "GET /api/drone-location/ HTTP/1.1" 200 398
[27/Aug/2026 08:30:19] "GET /api/system-status/ HTTP/1.1" 200 479
[27/Aug/2026 08:30:20] "GET /api/latest-detections/ HTTP/1.1" 200 449
[27/Aug/2026 08:30:20] "GET /api/drone-location/ HTTP/1.1" 200 399
[27/Aug/2026 08:30:21] "GET /api/latest-detections/ HTTP/1.1" 200 449
[27/Aug/2026 08:30:21] "GET /api/drone-location/ HTTP/1.1" 200 399
[27/Aug/2026 08:30:22] "GET /api/latest-detections/ HTTP/1.1" 200 450
[27/Aug/2026 08:30:22] "GET /api/drone-location/ HTTP/1.1" 200 399
[27/Aug/2026 08:30:22] "GET /api/system-status/ HTTP/1.1" 200 479
[27/Aug/2026 08:30:23] "GET /api/latest-detections/ HTTP/1.1" 200 450
[27/Aug/2026 08:30:23] "GET /api/drone-location/ HTTP/1.1" 200 399
[27/Aug/2026 08:30:24] "GET /api/latest-detections/ HTTP/1.1" 200 450
[27/Aug/2026 08:30:24] "GET /api/drone-location/ HTTP/1.1" 200 399
[27/Aug/2026 08:30:25] "GET /api/latest-detections/ HTTP/1.1" 200 450
[27/Aug/2026 08:30:25] "GET /api/drone-location/ HTTP/1.1" 200 399
[27/Aug/2026 08:30:25] "GET /api/system-status/ HTTP/1.1" 200 479
[27/Aug/2026 08:30:26] "GET /api/latest-detections/ HTTP/1.1" 200 450
[27/Aug/2026 08:30:26] "GET /api/drone-location/ HTTP/1.1" 200 399
[27/Aug/2026 08:30:27] "GET /api/latest-detections/ HTTP/1.1" 200 450
[27/Aug/2026 08:30:27] "GET /api/drone-location/ HTTP/1.1" 200 399
[27/Aug/2026 08:30:28] "GET /api/latest-detections/ HTTP/1.1" 200 450
[27/Aug/2026 08:30:28] "GET /api/drone-location/ HTTP/1.1" 200 399
[27/Aug/2026 08:30:28] "GET /api/system-status/ HTTP/1.1" 200 479
[27/Aug/2026 08:30:29] "GET /api/latest-detections/ HTTP/1.1" 200 451
[27/Aug/2026 08:30:29] "GET /api/drone-location/ HTTP/1.1" 200 399
[27/Aug/2026 08:30:30] "GET /api/latest-detections/ HTTP/1.1" 200 451
[27/Aug/2026 08:30:30] "GET /api/drone-location/ HTTP/1.1" 200 398
[27/Aug/2026 08:30:31] "GET /api/latest-detections/ HTTP/1.1" 200 451
[27/Aug/2026 08:30:31] "GET /api/drone-location/ HTTP/1.1" 200 398
[27/Aug/2026 08:30:31] "GET /api/system-status/ HTTP/1.1" 200 479
[27/Aug/2026 08:30:32] "GET /api/latest-detections/ HTTP/1.1" 200 451
[27/Aug/2026 08:30:32] "GET /api/drone-location/ HTTP/1.1" 200 395
[27/Aug/2026 08:30:33] "GET /api/latest-detections/ HTTP/1.1" 200 451
[27/Aug/2026 08:30:33] "GET /api/drone-location/ HTTP/1.1" 200 395
[27/Aug/2026 08:30:34] "GET /api/latest-detections/ HTTP/1.1" 200 451
[27/Aug/2026 08:30:34] "GET /api/drone-location/ HTTP/1.1" 200 399
[27/Aug/2026 08:30:34] "GET /api/system-status/ HTTP/1.1" 200 479
[27/Aug/2026 08:30:35] "GET /api/latest-detections/ HTTP/1.1" 200 451
[27/Aug/2026 08:30:35] "GET /api/drone-location/ HTTP/1.1" 200 399
[27/Aug/2026 08:30:36] "GET /api/latest-detections/ HTTP/1.1" 200 451
[27/Aug/2026 08:30:36] "GET /api/drone-location/ HTTP/1.1" 200 399
[27/Aug/2026 08:30:37] "GET /api/latest-detections/ HTTP/1.1" 200 451
[27/Aug/2026 08:30:37] "GET /api/drone-location/ HTTP/1.1" 200 399
[27/Aug/2026 08:30:37] "GET /api/system-status/ HTTP/1.1" 200 479
[27/Aug/2026 08:30:38] "GET /api/latest-detections/ HTTP/1.1" 200 451
[27/Aug/2026 08:30:38] "GET /api/drone-location/ HTTP/1.1" 200 399
[27/Aug/2026 08:30:39] "GET /api/latest-detections/ HTTP/1.1" 200 451
[27/Aug/2026 08:30:39] "GET /api/drone-location/ HTTP/1.1" 200 399
[27/Aug/2026 08:30:40] "GET /api/latest-detections/ HTTP/1.1" 200 451
[27/Aug/2026 08:30:40] "GET /api/drone-location/ HTTP/1.1" 200 399
[27/Aug/2026 08:30:40] "GET /api/system-status/ HTTP/1.1" 200 479
[27/Aug/2026 08:30:41] "GET /api/latest-detections/ HTTP/1.1" 200 451
[27/Aug/2026 08:30:41] "GET /api/drone-location/ HTTP/1.1" 200 399
[27/Aug/2026 08:30:42] "GET /api/latest-detections/ HTTP/1.1" 200 451
[27/Aug/2026 08:30:42] "GET /api/drone-location/ HTTP/1.1" 200 398
[27/Aug/2026 08:30:43] "GET /api/latest-detections/ HTTP/1.1" 200 451
[27/Aug/2026 08:30:43] "GET /api/drone-location/ HTTP/1.1" 200 398
[27/Aug/2026 08:30:43] "GET /api/system-status/ HTTP/1.1" 200 479
[27/Aug/2026 08:30:44] "GET /api/latest-detections/ HTTP/1.1" 200 451
[27/Aug/2026 08:30:44] "GET /api/drone-location/ HTTP/1.1" 200 398
[27/Aug/2026 08:30:45] "GET /api/latest-detections/ HTTP/1.1" 200 451
[27/Aug/2026 08:30:45] "GET /api/drone-location/ HTTP/1.1" 200 398
[27/Aug/2026 08:30:46] "GET /api/latest-detections/ HTTP/1.1" 200 451
[27/Aug/2026 08:30:46] "GET /api/drone-location/ HTTP/1.1" 200 396
[27/Aug/2026 08:30:46] "GET /api/system-status/ HTTP/1.1" 200 479
[27/Aug/2026 08:30:47] "GET /api/latest-detections/ HTTP/1.1" 200 451
[27/Aug/2026 08:30:47] "GET /api/drone-location/ HTTP/1.1" 200 396
[27/Aug/2026 08:30:48] "GET /api/latest-detections/ HTTP/1.1" 200 451
[27/Aug/2026 08:30:48] "GET /api/drone-location/ HTTP/1.1" 200 398
[27/Aug/2026 08:30:49] "GET /api/latest-detections/ HTTP/1.1" 200 451
[27/Aug/2026 08:30:49] "GET /api/drone-location/ HTTP/1.1" 200 398
[27/Aug/2026 08:30:49] "GET /api/system-status/ HTTP/1.1" 200 479
[27/Aug/2026 08:30:50] "GET /api/latest-detections/ HTTP/1.1" 200 451
[27/Aug/2026 08:30:50] "GET /api/drone-location/ HTTP/1.1" 200 399
[27/Aug/2026 08:30:51] "GET /api/latest-detections/ HTTP/1.1" 200 451
[27/Aug/2026 08:30:51] "GET /api/drone-location/ HTTP/1.1" 200 399
[27/Aug/2026 08:30:52] "GET /api/latest-detections/ HTTP/1.1" 200 451
[27/Aug/2026 08:30:52] "GET /api/drone-location/ HTTP/1.1" 200 398
[27/Aug/2026 08:30:52] "GET /api/system-status/ HTTP/1.1" 200 479
[27/Aug/2026 08:30:53] "GET /api/latest-detections/ HTTP/1.1" 200 451
[27/Aug/2026 08:30:53] "GET /api/drone-location/ HTTP/1.1" 200 398
[27/Aug/2026 08:30:54] "GET /api/latest-detections/ HTTP/1.1" 200 451
[27/Aug/2026 08:30:54] "GET /api/drone-location/ HTTP/1.1" 200 399
[27/Aug/2026 08:30:55] "GET /api/latest-detections/ HTTP/1.1" 200 451
[27/Aug/2026 08:30:55] "GET /api/drone-location/ HTTP/1.1" 200 399
[27/Aug/2026 08:30:55] "GET /api/system-status/ HTTP/1.1" 200 479
[27/Aug/2026 08:30:56] "GET /api/latest-detections/ HTTP/1.1" 200 451
[27/Aug/2026 08:30:56] "GET /api/drone-location/ HTTP/1.1" 200 398
[27/Aug/2026 08:30:57] "GET /api/latest-detections/ HTTP/1.1" 200 451
[27/Aug/2026 08:30:57] "GET /api/drone-location/ HTTP/1.1" 200 398
[27/Aug/2026 08:30:58] "GET /api/latest-detections/ HTTP/1.1" 200 451
[27/Aug/2026 08:30:58] "GET /api/drone-location/ HTTP/1.1" 200 398
[27/Aug/2026 08:30:58] "GET /api/system-status/ HTTP/1.1" 200 479
[27/Aug/2026 08:30:59] "GET /api/latest-detections/ HTTP/1.1" 200 451
[27/Aug/2026 08:30:59] "GET /api/drone-location/ HTTP/1.1" 200 398
[27/Aug/2026 08:31:15] "GET /api/latest-detections/ HTTP/1.1" 200 451
[27/Aug/2026 08:31:15] "GET /api/drone-location/ HTTP/1.1" 200 399
[27/Aug/2026 08:31:15] "GET /api/latest-detections/ HTTP/1.1" 200 451
[27/Aug/2026 08:31:15] "GET /api/system-status/ HTTP/1.1" 200 479
[27/Aug/2026 08:31:16] "GET /api/latest-detections/ HTTP/1.1" 200 451
[27/Aug/2026 08:31:16] "GET /api/latest-detections/ HTTP/1.1" 200 451
[27/Aug/2026 08:31:16] "GET /api/drone-location/ HTTP/1.1" 200 399
[27/Aug/2026 08:31:16] "GET /api/latest-detections/ HTTP/1.1" 200 451
[27/Aug/2026 08:31:17] "GET /api/latest-detections/ HTTP/1.1" 200 451
[27/Aug/2026 08:31:17] "GET /api/latest-detections/ HTTP/1.1" 200 451
[27/Aug/2026 08:31:17] "GET /api/drone-location/ HTTP/1.1" 200 396
[27/Aug/2026 08:31:17] "GET /api/latest-detections/ HTTP/1.1" 200 451
[27/Aug/2026 08:31:18] "GET /api/latest-detections/ HTTP/1.1" 200 451
[27/Aug/2026 08:31:18] "GET /dashboard/mission/ HTTP/1.1" 200 35507
[27/Aug/2026 08:31:18] "GET /api/latest-detections/ HTTP/1.1" 200 451
[27/Aug/2026 08:31:18] "GET /api/drone-location/ HTTP/1.1" 200 396
[27/Aug/2026 08:31:18] "GET /api/system-status/ HTTP/1.1" 200 479
[27/Aug/2026 08:31:18] "GET /api/latest-detections/ HTTP/1.1" 200 451
[27/Aug/2026 08:31:18] "GET /api/latest-detections/ HTTP/1.1" 200 451
[27/Aug/2026 08:31:19] "GET /api/latest-detections/ HTTP/1.1" 200 451
[27/Aug/2026 08:31:19] "GET /api/drone-location/ HTTP/1.1" 200 396
[27/Aug/2026 08:31:19] "GET /api/latest-detections/ HTTP/1.1" 200 451
[27/Aug/2026 08:31:19] "GET /api/latest-detections/ HTTP/1.1" 200 451
[27/Aug/2026 08:31:20] "GET /api/latest-detections/ HTTP/1.1" 200 451
[27/Aug/2026 08:31:20] "GET /api/drone-location/ HTTP/1.1" 200 399
[27/Aug/2026 08:31:20] "GET /api/latest-detections/ HTTP/1.1" 200 451
[27/Aug/2026 08:31:20] "GET /api/latest-detections/ HTTP/1.1" 200 451
[27/Aug/2026 08:31:20] "GET /api/latest-detections/ HTTP/1.1" 200 451
[27/Aug/2026 08:31:21] "GET /api/latest-detections/ HTTP/1.1" 200 451
[27/Aug/2026 08:31:21] "GET /api/drone-location/ HTTP/1.1" 200 399
[27/Aug/2026 08:31:21] "GET /api/system-status/ HTTP/1.1" 200 479
[27/Aug/2026 08:31:21] "GET /api/latest-detections/ HTTP/1.1" 200 451
[27/Aug/2026 08:31:21] "GET /api/latest-detections/ HTTP/1.1" 200 451
[27/Aug/2026 08:31:22] "GET /api/latest-detections/ HTTP/1.1" 200 451
[27/Aug/2026 08:31:22] "GET /api/drone-location/ HTTP/1.1" 200 399
[27/Aug/2026 08:31:22] "GET /api/latest-detections/ HTTP/1.1" 200 451
[27/Aug/2026 08:31:22] "GET /api/latest-detections/ HTTP/1.1" 200 451
[27/Aug/2026 08:31:23] "GET /api/latest-detections/ HTTP/1.1" 200 451
[27/Aug/2026 08:31:23] "GET /api/drone-location/ HTTP/1.1" 200 399
[27/Aug/2026 08:31:23] "GET /api/latest-detections/ HTTP/1.1" 200 451
[27/Aug/2026 08:31:23] "GET /api/latest-detections/ HTTP/1.1" 200 451
[27/Aug/2026 08:31:23] "GET /api/latest-detections/ HTTP/1.1" 200 451
[27/Aug/2026 08:31:24] "GET /api/latest-detections/ HTTP/1.1" 200 451
[27/Aug/2026 08:31:24] "GET /api/drone-location/ HTTP/1.1" 200 399
[27/Aug/2026 08:31:24] "GET /api/system-status/ HTTP/1.1" 200 479
[27/Aug/2026 08:31:24] "GET /api/latest-detections/ HTTP/1.1" 200 451
[27/Aug/2026 08:31:24] "GET /api/latest-detections/ HTTP/1.1" 200 451
[27/Aug/2026 08:31:25] "GET /api/latest-detections/ HTTP/1.1" 200 451
[27/Aug/2026 08:31:25] "GET /api/drone-location/ HTTP/1.1" 200 399
[27/Aug/2026 08:31:25] "GET /api/latest-detections/ HTTP/1.1" 200 451
[27/Aug/2026 08:31:25] "GET /api/latest-detections/ HTTP/1.1" 200 451
[27/Aug/2026 08:31:26] "GET /api/latest-detections/ HTTP/1.1" 200 451
[27/Aug/2026 08:31:26] "GET /api/drone-location/ HTTP/1.1" 200 398
[27/Aug/2026 08:31:26] "GET /api/latest-detections/ HTTP/1.1" 200 451
[27/Aug/2026 08:31:26] "GET /api/latest-detections/ HTTP/1.1" 200 451
[27/Aug/2026 08:31:26] "GET /api/latest-detections/ HTTP/1.1" 200 451
[27/Aug/2026 08:31:27] "GET /api/latest-detections/ HTTP/1.1" 200 451
[27/Aug/2026 08:31:27] "GET /api/drone-location/ HTTP/1.1" 200 398
[27/Aug/2026 08:31:27] "GET /api/system-status/ HTTP/1.1" 200 479
[27/Aug/2026 08:31:27] "GET /api/latest-detections/ HTTP/1.1" 200 451
[27/Aug/2026 08:31:27] "GET /api/latest-detections/ HTTP/1.1" 200 451
[27/Aug/2026 08:31:28] "GET /api/latest-detections/ HTTP/1.1" 200 451
[27/Aug/2026 08:31:28] "GET /api/drone-location/ HTTP/1.1" 200 399
[27/Aug/2026 08:31:28] "GET /api/latest-detections/ HTTP/1.1" 200 451
[27/Aug/2026 08:31:28] "GET /api/latest-detections/ HTTP/1.1" 200 451
[27/Aug/2026 08:31:29] "GET /api/latest-detections/ HTTP/1.1" 200 451
[27/Aug/2026 08:31:29] "GET /api/drone-location/ HTTP/1.1" 200 399
[27/Aug/2026 08:31:29] "GET /api/latest-detections/ HTTP/1.1" 200 451
[27/Aug/2026 08:31:29] "GET /api/latest-detections/ HTTP/1.1" 200 451
[27/Aug/2026 08:31:29] "GET /api/latest-detections/ HTTP/1.1" 200 451
[27/Aug/2026 08:31:30] "GET /api/latest-detections/ HTTP/1.1" 200 451
[27/Aug/2026 08:31:30] "GET /api/drone-location/ HTTP/1.1" 200 398
[27/Aug/2026 08:31:30] "GET /api/system-status/ HTTP/1.1" 200 479
[27/Aug/2026 08:31:30] "GET /api/latest-detections/ HTTP/1.1" 200 451
[27/Aug/2026 08:31:30] "GET /api/latest-detections/ HTTP/1.1" 200 451
[27/Aug/2026 08:31:31] "GET /api/latest-detections/ HTTP/1.1" 200 451
[27/Aug/2026 08:31:31] "GET /api/drone-location/ HTTP/1.1" 200 398
[27/Aug/2026 08:31:31] "GET /api/latest-detections/ HTTP/1.1" 200 451
[27/Aug/2026 08:31:31] "GET /api/latest-detections/ HTTP/1.1" 200 451
[27/Aug/2026 08:31:32] "GET /api/latest-detections/ HTTP/1.1" 200 451
[27/Aug/2026 08:31:32] "GET /api/drone-location/ HTTP/1.1" 200 399
[27/Aug/2026 08:31:32] "GET /api/latest-detections/ HTTP/1.1" 200 451
[27/Aug/2026 08:31:32] "GET /api/latest-detections/ HTTP/1.1" 200 451
[27/Aug/2026 08:31:32] "GET /api/latest-detections/ HTTP/1.1" 200 451
[27/Aug/2026 08:31:33] "GET /api/latest-detections/ HTTP/1.1" 200 451
[27/Aug/2026 08:31:33] "GET /api/drone-location/ HTTP/1.1" 200 399
[27/Aug/2026 08:31:33] "GET /api/system-status/ HTTP/1.1" 200 479
[27/Aug/2026 08:31:33] "GET /api/latest-detections/ HTTP/1.1" 200 451
[27/Aug/2026 08:31:33] "GET /dashboard/mission/ HTTP/1.1" 200 35507
[27/Aug/2026 08:31:33] "GET /api/latest-detections/ HTTP/1.1" 200 451
[27/Aug/2026 08:31:33] "GET /api/latest-detections/ HTTP/1.1" 200 451
[27/Aug/2026 08:31:33] "GET /api/drone-location/ HTTP/1.1" 200 398
[27/Aug/2026 08:31:34] "GET /api/system-status/ HTTP/1.1" 200 479
[27/Aug/2026 08:31:34] "GET /api/latest-detections/ HTTP/1.1" 200 451
[27/Aug/2026 08:31:34] "GET /api/latest-detections/ HTTP/1.1" 200 451
[27/Aug/2026 08:31:34] "GET /api/latest-detections/ HTTP/1.1" 200 451
[27/Aug/2026 08:31:34] "GET /api/drone-location/ HTTP/1.1" 200 398
[27/Aug/2026 08:31:35] "GET /api/latest-detections/ HTTP/1.1" 200 451
[27/Aug/2026 08:31:35] "GET /api/latest-detections/ HTTP/1.1" 200 451
[27/Aug/2026 08:31:35] "GET /api/latest-detections/ HTTP/1.1" 200 451
[27/Aug/2026 08:31:35] "GET /api/drone-location/ HTTP/1.1" 200 399
[27/Aug/2026 08:31:36] "GET /api/latest-detections/ HTTP/1.1" 200 451
[27/Aug/2026 08:31:36] "GET /api/latest-detections/ HTTP/1.1" 200 451
[27/Aug/2026 08:31:36] "GET /api/latest-detections/ HTTP/1.1" 200 451
[27/Aug/2026 08:31:36] "GET /api/latest-detections/ HTTP/1.1" 200 451
[27/Aug/2026 08:31:36] "GET /api/drone-location/ HTTP/1.1" 200 399
[27/Aug/2026 08:31:37] "GET /api/system-status/ HTTP/1.1" 200 479
[27/Aug/2026 08:31:37] "GET /api/latest-detections/ HTTP/1.1" 200 451
[27/Aug/2026 08:31:37] "GET /api/latest-detections/ HTTP/1.1" 200 451
[27/Aug/2026 08:31:37] "GET /api/latest-detections/ HTTP/1.1" 200 451
[27/Aug/2026 08:31:37] "GET /api/drone-location/ HTTP/1.1" 200 399
[27/Aug/2026 08:31:38] "GET /api/latest-detections/ HTTP/1.1" 200 451
[27/Aug/2026 08:31:38] "GET /api/latest-detections/ HTTP/1.1" 200 451
[27/Aug/2026 08:31:38] "GET /api/latest-detections/ HTTP/1.1" 200 451
[27/Aug/2026 08:31:38] "GET /api/drone-location/ HTTP/1.1" 200 399
[27/Aug/2026 08:31:39] "GET /api/latest-detections/ HTTP/1.1" 200 451
[27/Aug/2026 08:31:39] "GET /api/latest-detections/ HTTP/1.1" 200 451
[27/Aug/2026 08:31:39] "GET /api/latest-detections/ HTTP/1.1" 200 451
[27/Aug/2026 08:31:39] "GET /api/latest-detections/ HTTP/1.1" 200 451
[27/Aug/2026 08:31:39] "GET /api/drone-location/ HTTP/1.1" 200 399
[27/Aug/2026 08:31:40] "GET /api/system-status/ HTTP/1.1" 200 479
[27/Aug/2026 08:31:40] "GET /api/latest-detections/ HTTP/1.1" 200 451
[27/Aug/2026 08:31:40] "GET /api/latest-detections/ HTTP/1.1" 200 451
[27/Aug/2026 08:31:40] "GET /api/latest-detections/ HTTP/1.1" 200 451
[27/Aug/2026 08:31:40] "GET /api/drone-location/ HTTP/1.1" 200 399
[27/Aug/2026 08:31:41] "GET /api/latest-detections/ HTTP/1.1" 200 451
[27/Aug/2026 08:31:41] "GET /api/latest-detections/ HTTP/1.1" 200 451
[27/Aug/2026 08:31:41] "GET /api/latest-detections/ HTTP/1.1" 200 451
[27/Aug/2026 08:31:41] "GET /api/drone-location/ HTTP/1.1" 200 398
[27/Aug/2026 08:31:42] "GET /api/latest-detections/ HTTP/1.1" 200 451
[27/Aug/2026 08:31:42] "GET /api/latest-detections/ HTTP/1.1" 200 451
[27/Aug/2026 08:31:42] "GET /api/latest-detections/ HTTP/1.1" 200 451
[27/Aug/2026 08:31:42] "GET /api/latest-detections/ HTTP/1.1" 200 451
[27/Aug/2026 08:31:42] "GET /api/drone-location/ HTTP/1.1" 200 398
[27/Aug/2026 08:31:43] "GET /api/system-status/ HTTP/1.1" 200 479
[27/Aug/2026 08:31:43] "GET /api/latest-detections/ HTTP/1.1" 200 451
[27/Aug/2026 08:31:43] "GET /api/latest-detections/ HTTP/1.1" 200 451
[27/Aug/2026 08:31:43] "GET /api/latest-detections/ HTTP/1.1" 200 451
[27/Aug/2026 08:31:43] "GET /api/drone-location/ HTTP/1.1" 200 399
[27/Aug/2026 08:31:44] "GET /api/latest-detections/ HTTP/1.1" 200 451
[27/Aug/2026 08:31:44] "GET /api/latest-detections/ HTTP/1.1" 200 451
[27/Aug/2026 08:31:44] "GET /api/latest-detections/ HTTP/1.1" 200 451
[27/Aug/2026 08:31:44] "GET /api/drone-location/ HTTP/1.1" 200 399
[27/Aug/2026 08:31:45] "GET /api/latest-detections/ HTTP/1.1" 200 451
[27/Aug/2026 08:31:45] "GET /api/latest-detections/ HTTP/1.1" 200 451
[27/Aug/2026 08:31:45] "GET /api/latest-detections/ HTTP/1.1" 200 451
[27/Aug/2026 08:31:46] "GET /api/drone-location/ HTTP/1.1" 200 399
[27/Aug/2026 08:31:46] "GET /api/latest-detections/ HTTP/1.1" 200 451
[27/Aug/2026 08:31:46] "GET /api/system-status/ HTTP/1.1" 200 479
[27/Aug/2026 08:31:47] "GET /api/latest-detections/ HTTP/1.1" 200 451
[27/Aug/2026 08:31:47] "GET /api/drone-location/ HTTP/1.1" 200 399
[27/Aug/2026 08:31:48] "GET /api/latest-detections/ HTTP/1.1" 200 451
[27/Aug/2026 08:31:48] "GET /api/drone-location/ HTTP/1.1" 200 396
[27/Aug/2026 08:31:49] "GET /api/latest-detections/ HTTP/1.1" 200 451
[27/Aug/2026 08:31:49] "GET /api/drone-location/ HTTP/1.1" 200 396
[27/Aug/2026 08:31:49] "GET /api/system-status/ HTTP/1.1" 200 479
[27/Aug/2026 08:31:50] "GET /api/latest-detections/ HTTP/1.1" 200 451
[27/Aug/2026 08:31:50] "GET /api/drone-location/ HTTP/1.1" 200 399
[27/Aug/2026 08:31:51] "GET /api/latest-detections/ HTTP/1.1" 200 451
[27/Aug/2026 08:31:51] "GET /api/drone-location/ HTTP/1.1" 200 399
[27/Aug/2026 08:31:52] "GET /api/latest-detections/ HTTP/1.1" 200 451
[27/Aug/2026 08:31:52] "GET /api/drone-location/ HTTP/1.1" 200 399
[27/Aug/2026 08:31:52] "GET /api/system-status/ HTTP/1.1" 200 479
[27/Aug/2026 08:31:52] "GET /api/latest-detections/ HTTP/1.1" 200 451
[27/Aug/2026 08:31:52] "GET /api/latest-detections/ HTTP/1.1" 200 451
[27/Aug/2026 08:31:53] "GET /api/latest-detections/ HTTP/1.1" 200 451
[27/Aug/2026 08:31:53] "GET /api/drone-location/ HTTP/1.1" 200 399
[27/Aug/2026 08:31:54] "GET /api/latest-detections/ HTTP/1.1" 200 451
[27/Aug/2026 08:31:54] "GET /api/drone-location/ HTTP/1.1" 200 398
[27/Aug/2026 08:31:55] "GET /api/latest-detections/ HTTP/1.1" 200 451
[27/Aug/2026 08:31:55] "GET /api/drone-location/ HTTP/1.1" 200 398
[27/Aug/2026 08:31:55] "GET /api/system-status/ HTTP/1.1" 200 479
[27/Aug/2026 08:31:56] "GET /api/latest-detections/ HTTP/1.1" 200 451
[27/Aug/2026 08:31:56] "GET /api/drone-location/ HTTP/1.1" 200 398
[27/Aug/2026 08:31:57] "GET /api/latest-detections/ HTTP/1.1" 200 451
[27/Aug/2026 08:31:57] "GET /api/drone-location/ HTTP/1.1" 200 398
[27/Aug/2026 08:31:58] "GET /api/latest-detections/ HTTP/1.1" 200 451
[27/Aug/2026 08:31:58] "GET /api/drone-location/ HTTP/1.1" 200 399
[27/Aug/2026 08:31:58] "GET /api/system-status/ HTTP/1.1" 200 479
[27/Aug/2026 08:31:59] "GET /api/latest-detections/ HTTP/1.1" 200 452
[27/Aug/2026 08:31:59] "GET /api/drone-location/ HTTP/1.1" 200 399
[27/Aug/2026 08:32:00] "GET /api/latest-detections/ HTTP/1.1" 200 452
[27/Aug/2026 08:32:00] "GET /api/drone-location/ HTTP/1.1" 200 399
[27/Aug/2026 08:32:01] "GET /api/latest-detections/ HTTP/1.1" 200 452
[27/Aug/2026 08:32:01] "GET /api/drone-location/ HTTP/1.1" 200 399
[27/Aug/2026 08:32:01] "GET /api/system-status/ HTTP/1.1" 200 479
[27/Aug/2026 08:32:02] "GET /api/latest-detections/ HTTP/1.1" 200 452
[27/Aug/2026 08:32:02] "GET /api/drone-location/ HTTP/1.1" 200 399
[27/Aug/2026 08:32:03] "GET /api/latest-detections/ HTTP/1.1" 200 452
[27/Aug/2026 08:32:03] "GET /api/drone-location/ HTTP/1.1" 200 399
[27/Aug/2026 08:32:04] "GET /api/latest-detections/ HTTP/1.1" 200 452
[27/Aug/2026 08:32:04] "GET /api/drone-location/ HTTP/1.1" 200 399
[27/Aug/2026 08:32:04] "GET /api/system-status/ HTTP/1.1" 200 479
[27/Aug/2026 08:32:05] "GET /api/latest-detections/ HTTP/1.1" 200 451
[27/Aug/2026 08:32:05] "GET /api/drone-location/ HTTP/1.1" 200 399
[27/Aug/2026 08:32:06] "GET /api/latest-detections/ HTTP/1.1" 200 452
[27/Aug/2026 08:32:06] "GET /api/drone-location/ HTTP/1.1" 200 398
[27/Aug/2026 08:32:07] "GET /api/latest-detections/ HTTP/1.1" 200 452
[27/Aug/2026 08:32:07] "GET /api/drone-location/ HTTP/1.1" 200 398
[27/Aug/2026 08:32:07] "GET /api/system-status/ HTTP/1.1" 200 479
[27/Aug/2026 08:32:08] "GET /api/latest-detections/ HTTP/1.1" 200 452
[27/Aug/2026 08:32:08] "GET /api/drone-location/ HTTP/1.1" 200 398
[27/Aug/2026 08:32:09] "GET /api/latest-detections/ HTTP/1.1" 200 452
[27/Aug/2026 08:32:09] "GET /api/drone-location/ HTTP/1.1" 200 398
[27/Aug/2026 08:32:10] "GET /api/latest-detections/ HTTP/1.1" 200 451
[27/Aug/2026 08:32:10] "GET /api/drone-location/ HTTP/1.1" 200 399
[27/Aug/2026 08:32:10] "GET /api/system-status/ HTTP/1.1" 200 479
[27/Aug/2026 08:32:11] "GET /api/latest-detections/ HTTP/1.1" 200 452
[27/Aug/2026 08:32:11] "GET /api/drone-location/ HTTP/1.1" 200 399
[27/Aug/2026 08:32:12] "GET /api/latest-detections/ HTTP/1.1" 200 452
[27/Aug/2026 08:32:12] "GET /api/drone-location/ HTTP/1.1" 200 398
[27/Aug/2026 08:32:13] "GET /api/latest-detections/ HTTP/1.1" 200 452
[27/Aug/2026 08:32:13] "GET /api/drone-location/ HTTP/1.1" 200 398
[27/Aug/2026 08:32:13] "GET /api/system-status/ HTTP/1.1" 200 479
[27/Aug/2026 08:32:14] "GET /api/latest-detections/ HTTP/1.1" 200 452
[27/Aug/2026 08:32:14] "GET /api/drone-location/ HTTP/1.1" 200 399
[27/Aug/2026 08:32:15] "GET /api/latest-detections/ HTTP/1.1" 200 452
[27/Aug/2026 08:32:15] "GET /api/drone-location/ HTTP/1.1" 200 399
[27/Aug/2026 08:32:16] "GET /api/latest-detections/ HTTP/1.1" 200 452
[27/Aug/2026 08:32:16] "GET /api/drone-location/ HTTP/1.1" 200 398
[27/Aug/2026 08:32:16] "GET /api/system-status/ HTTP/1.1" 200 479
[27/Aug/2026 08:32:17] "GET /api/latest-detections/ HTTP/1.1" 200 452
[27/Aug/2026 08:32:17] "GET /api/drone-location/ HTTP/1.1" 200 398
[27/Aug/2026 08:32:18] "GET /api/latest-detections/ HTTP/1.1" 200 452
[27/Aug/2026 08:32:18] "GET /api/drone-location/ HTTP/1.1" 200 398
[27/Aug/2026 08:32:19] "GET /api/latest-detections/ HTTP/1.1" 200 452
[27/Aug/2026 08:32:19] "GET /api/drone-location/ HTTP/1.1" 200 398
[27/Aug/2026 08:32:19] "GET /api/system-status/ HTTP/1.1" 200 479
[27/Aug/2026 08:32:20] "GET /api/latest-detections/ HTTP/1.1" 200 452
[27/Aug/2026 08:32:20] "GET /api/drone-location/ HTTP/1.1" 200 399
[27/Aug/2026 08:32:21] "GET /api/latest-detections/ HTTP/1.1" 200 452
[27/Aug/2026 08:32:21] "GET /api/drone-location/ HTTP/1.1" 200 399
[27/Aug/2026 08:32:22] "GET /api/latest-detections/ HTTP/1.1" 200 452
[27/Aug/2026 08:32:22] "GET /api/drone-location/ HTTP/1.1" 200 398
[27/Aug/2026 08:32:22] "GET /api/system-status/ HTTP/1.1" 200 479
[27/Aug/2026 08:32:23] "GET /api/latest-detections/ HTTP/1.1" 200 452
[27/Aug/2026 08:32:23] "GET /api/drone-location/ HTTP/1.1" 200 398
[27/Aug/2026 08:32:24] "GET /api/latest-detections/ HTTP/1.1" 200 452
[27/Aug/2026 08:32:24] "GET /api/drone-location/ HTTP/1.1" 200 398
[27/Aug/2026 08:32:25] "GET /api/latest-detections/ HTTP/1.1" 200 452
[27/Aug/2026 08:32:25] "GET /api/drone-location/ HTTP/1.1" 200 398
[27/Aug/2026 08:32:25] "GET /api/system-status/ HTTP/1.1" 200 479
[27/Aug/2026 08:32:26] "GET /api/latest-detections/ HTTP/1.1" 200 452
[27/Aug/2026 08:32:26] "GET /api/drone-location/ HTTP/1.1" 200 399
[27/Aug/2026 08:32:27] "GET /api/latest-detections/ HTTP/1.1" 200 452
[27/Aug/2026 08:32:27] "GET /api/drone-location/ HTTP/1.1" 200 399
[27/Aug/2026 08:32:28] "GET /api/latest-detections/ HTTP/1.1" 200 452
[27/Aug/2026 08:32:28] "GET /api/drone-location/ HTTP/1.1" 200 399
[27/Aug/2026 08:32:28] "GET /api/system-status/ HTTP/1.1" 200 479
[27/Aug/2026 08:32:29] "GET /api/latest-detections/ HTTP/1.1" 200 452
[27/Aug/2026 08:32:29] "GET /api/drone-location/ HTTP/1.1" 200 399
[27/Aug/2026 08:32:30] "GET /api/latest-detections/ HTTP/1.1" 200 452
[27/Aug/2026 08:32:30] "GET /api/drone-location/ HTTP/1.1" 200 398
[27/Aug/2026 08:32:31] "GET /api/latest-detections/ HTTP/1.1" 200 452
[27/Aug/2026 08:32:31] "GET /api/drone-location/ HTTP/1.1" 200 398
[27/Aug/2026 08:32:31] "GET /api/system-status/ HTTP/1.1" 200 479
[27/Aug/2026 08:32:32] "GET /api/latest-detections/ HTTP/1.1" 200 452
[27/Aug/2026 08:32:32] "GET /api/drone-location/ HTTP/1.1" 200 398
[27/Aug/2026 08:32:33] "GET /api/latest-detections/ HTTP/1.1" 200 452
[27/Aug/2026 08:32:33] "GET /api/drone-location/ HTTP/1.1" 200 398
[27/Aug/2026 08:32:34] "GET /api/latest-detections/ HTTP/1.1" 200 452
[27/Aug/2026 08:32:34] "GET /api/drone-location/ HTTP/1.1" 200 399
[27/Aug/2026 08:32:34] "GET /api/system-status/ HTTP/1.1" 200 479
[27/Aug/2026 08:32:35] "GET /api/latest-detections/ HTTP/1.1" 200 452
[27/Aug/2026 08:32:35] "GET /api/drone-location/ HTTP/1.1" 200 399
[27/Aug/2026 08:32:36] "GET /api/latest-detections/ HTTP/1.1" 200 452
[27/Aug/2026 08:32:36] "GET /api/drone-location/ HTTP/1.1" 200 399
[27/Aug/2026 08:32:37] "GET /api/latest-detections/ HTTP/1.1" 200 452
[27/Aug/2026 08:32:37] "GET /api/drone-location/ HTTP/1.1" 200 399
[27/Aug/2026 08:32:37] "GET /api/system-status/ HTTP/1.1" 200 479
[27/Aug/2026 08:32:38] "GET /api/latest-detections/ HTTP/1.1" 200 452
[27/Aug/2026 08:32:38] "GET /api/drone-location/ HTTP/1.1" 200 399
[27/Aug/2026 08:32:39] "GET /api/latest-detections/ HTTP/1.1" 200 452
[27/Aug/2026 08:32:39] "GET /api/drone-location/ HTTP/1.1" 200 399
[27/Aug/2026 08:32:40] "GET /api/latest-detections/ HTTP/1.1" 200 452
[27/Aug/2026 08:32:40] "GET /api/drone-location/ HTTP/1.1" 200 399
[27/Aug/2026 08:32:40] "GET /api/system-status/ HTTP/1.1" 200 479
[27/Aug/2026 08:32:41] "GET /api/latest-detections/ HTTP/1.1" 200 452
[27/Aug/2026 08:32:41] "GET /api/drone-location/ HTTP/1.1" 200 399
[27/Aug/2026 08:32:42] "GET /api/latest-detections/ HTTP/1.1" 200 452
[27/Aug/2026 08:32:42] "GET /api/drone-location/ HTTP/1.1" 200 399
[27/Aug/2026 08:32:43] "GET /api/latest-detections/ HTTP/1.1" 200 452
[27/Aug/2026 08:32:43] "GET /api/drone-location/ HTTP/1.1" 200 399
[27/Aug/2026 08:32:43] "GET /api/system-status/ HTTP/1.1" 200 479
[27/Aug/2026 08:32:44] "GET /api/latest-detections/ HTTP/1.1" 200 452
[27/Aug/2026 08:32:44] "GET /api/drone-location/ HTTP/1.1" 200 398
[27/Aug/2026 08:32:45] "GET /api/latest-detections/ HTTP/1.1" 200 452
[27/Aug/2026 08:32:45] "GET /api/drone-location/ HTTP/1.1" 200 398
[27/Aug/2026 08:32:46] "GET /api/latest-detections/ HTTP/1.1" 200 452
[27/Aug/2026 08:32:46] "GET /api/drone-location/ HTTP/1.1" 200 399
[27/Aug/2026 08:32:46] "GET /api/system-status/ HTTP/1.1" 200 479
[27/Aug/2026 08:32:47] "GET /api/latest-detections/ HTTP/1.1" 200 452
[27/Aug/2026 08:32:47] "GET /api/drone-location/ HTTP/1.1" 200 399
[27/Aug/2026 08:32:48] "GET /api/latest-detections/ HTTP/1.1" 200 452
[27/Aug/2026 08:32:48] "GET /api/drone-location/ HTTP/1.1" 200 399
[27/Aug/2026 08:32:49] "GET /api/latest-detections/ HTTP/1.1" 200 452
[27/Aug/2026 08:32:49] "GET /api/drone-location/ HTTP/1.1" 200 399
[27/Aug/2026 08:32:49] "GET /api/system-status/ HTTP/1.1" 200 479
[27/Aug/2026 08:32:50] "GET /api/latest-detections/ HTTP/1.1" 200 452
[27/Aug/2026 08:32:50] "GET /api/drone-location/ HTTP/1.1" 200 398
[27/Aug/2026 08:32:51] "GET /api/latest-detections/ HTTP/1.1" 200 452
[27/Aug/2026 08:32:51] "GET /api/drone-location/ HTTP/1.1" 200 398
[27/Aug/2026 08:32:52] "GET /api/latest-detections/ HTTP/1.1" 200 452
[27/Aug/2026 08:32:52] "GET /api/drone-location/ HTTP/1.1" 200 399
[27/Aug/2026 08:32:52] "GET /api/system-status/ HTTP/1.1" 200 479
[27/Aug/2026 08:33:24] "GET /api/latest-detections/ HTTP/1.1" 200 460
[27/Aug/2026 08:33:24] "GET /api/drone-location/ HTTP/1.1" 200 399
[27/Aug/2026 08:33:24] "GET /api/system-status/ HTTP/1.1" 200 479
[27/Aug/2026 08:34:24] "GET /api/latest-detections/ HTTP/1.1" 200 453
[27/Aug/2026 08:34:24] "GET /api/drone-location/ HTTP/1.1" 200 399
[27/Aug/2026 08:34:24] "GET /api/system-status/ HTTP/1.1" 200 479
[27/Aug/2026 08:35:10] "GET /api/latest-detections/ HTTP/1.1" 200 449
[27/Aug/2026 08:35:10] "GET /api/drone-location/ HTTP/1.1" 200 399
[27/Aug/2026 08:35:10] "GET /api/system-status/ HTTP/1.1" 200 479
[27/Aug/2026 08:35:10] "GET /api/latest-detections/ HTTP/1.1" 200 449
[27/Aug/2026 08:35:10] "GET /api/drone-location/ HTTP/1.1" 200 399
[27/Aug/2026 08:35:11] "GET /api/latest-detections/ HTTP/1.1" 200 449
[27/Aug/2026 08:35:11] "GET /api/latest-detections/ HTTP/1.1" 200 449
[27/Aug/2026 08:35:11] "GET /api/latest-detections/ HTTP/1.1" 200 449
[27/Aug/2026 08:35:11] "GET /api/drone-location/ HTTP/1.1" 200 399
[27/Aug/2026 08:35:12] "GET /api/latest-detections/ HTTP/1.1" 200 449
[27/Aug/2026 08:35:12] "GET /api/latest-detections/ HTTP/1.1" 200 449
[27/Aug/2026 08:35:12] "GET /api/latest-detections/ HTTP/1.1" 200 449
[27/Aug/2026 08:35:13] "GET /api/latest-detections/ HTTP/1.1" 200 449
[27/Aug/2026 08:35:13] "GET /api/drone-location/ HTTP/1.1" 200 399
[27/Aug/2026 08:35:13] "GET /api/system-status/ HTTP/1.1" 200 479
[27/Aug/2026 08:35:14] "GET /api/latest-detections/ HTTP/1.1" 200 449
[27/Aug/2026 08:35:14] "GET /api/drone-location/ HTTP/1.1" 200 399
[27/Aug/2026 08:35:15] "GET /api/latest-detections/ HTTP/1.1" 200 449
[27/Aug/2026 08:35:15] "GET /api/drone-location/ HTTP/1.1" 200 399
[27/Aug/2026 08:35:16] "GET /api/latest-detections/ HTTP/1.1" 200 449
[27/Aug/2026 08:35:16] "GET /api/drone-location/ HTTP/1.1" 200 399
[27/Aug/2026 08:35:16] "GET /api/system-status/ HTTP/1.1" 200 479
[27/Aug/2026 08:35:17] "GET /api/latest-detections/ HTTP/1.1" 200 449
[27/Aug/2026 08:35:17] "GET /api/drone-location/ HTTP/1.1" 200 399
[27/Aug/2026 08:35:18] "GET /api/latest-detections/ HTTP/1.1" 200 449
[27/Aug/2026 08:35:18] "GET /api/drone-location/ HTTP/1.1" 200 399
[27/Aug/2026 08:35:19] "GET /api/latest-detections/ HTTP/1.1" 200 449
[27/Aug/2026 08:35:19] "GET /api/drone-location/ HTTP/1.1" 200 399
[27/Aug/2026 08:35:19] "GET /api/system-status/ HTTP/1.1" 200 479
[27/Aug/2026 08:35:20] "GET /api/latest-detections/ HTTP/1.1" 200 449
[27/Aug/2026 08:35:20] "GET /api/drone-location/ HTTP/1.1" 200 399
[27/Aug/2026 08:35:21] "GET /api/latest-detections/ HTTP/1.1" 200 449
[27/Aug/2026 08:35:21] "GET /api/drone-location/ HTTP/1.1" 200 399
[27/Aug/2026 08:35:22] "GET /api/latest-detections/ HTTP/1.1" 200 449
[27/Aug/2026 08:35:22] "GET /api/drone-location/ HTTP/1.1" 200 399
[27/Aug/2026 08:35:22] "GET /api/system-status/ HTTP/1.1" 200 479
[27/Aug/2026 08:35:23] "GET /api/latest-detections/ HTTP/1.1" 200 449
[27/Aug/2026 08:35:23] "GET /api/drone-location/ HTTP/1.1" 200 399
[27/Aug/2026 08:35:24] "GET /api/latest-detections/ HTTP/1.1" 200 448
[27/Aug/2026 08:35:24] "GET /api/drone-location/ HTTP/1.1" 200 399
[27/Aug/2026 08:35:25] "GET /api/latest-detections/ HTTP/1.1" 200 449
[27/Aug/2026 08:35:25] "GET /api/drone-location/ HTTP/1.1" 200 399
[27/Aug/2026 08:35:25] "GET /api/system-status/ HTTP/1.1" 200 479
[27/Aug/2026 08:35:26] "GET /api/latest-detections/ HTTP/1.1" 200 449
[27/Aug/2026 08:35:26] "GET /api/drone-location/ HTTP/1.1" 200 399
[27/Aug/2026 08:35:27] "GET /api/latest-detections/ HTTP/1.1" 200 449
[27/Aug/2026 08:35:27] "GET /api/drone-location/ HTTP/1.1" 200 399
[27/Aug/2026 08:35:28] "GET /api/latest-detections/ HTTP/1.1" 200 449
[27/Aug/2026 08:35:28] "GET /api/drone-location/ HTTP/1.1" 200 399
[27/Aug/2026 08:35:28] "GET /api/system-status/ HTTP/1.1" 200 479
[27/Aug/2026 08:35:29] "GET /api/latest-detections/ HTTP/1.1" 200 449
[27/Aug/2026 08:35:29] "GET /api/drone-location/ HTTP/1.1" 200 399
[27/Aug/2026 08:35:30] "GET /api/latest-detections/ HTTP/1.1" 200 449
[27/Aug/2026 08:35:30] "GET /api/drone-location/ HTTP/1.1" 200 398
[27/Aug/2026 08:35:31] "GET /api/latest-detections/ HTTP/1.1" 200 449
[27/Aug/2026 08:35:31] "GET /api/drone-location/ HTTP/1.1" 200 398
[27/Aug/2026 08:35:31] "GET /api/system-status/ HTTP/1.1" 200 479
[27/Aug/2026 08:35:32] "GET /api/latest-detections/ HTTP/1.1" 200 449
[27/Aug/2026 08:35:32] "GET /api/drone-location/ HTTP/1.1" 200 398
[27/Aug/2026 08:35:33] "GET /api/latest-detections/ HTTP/1.1" 200 449
[27/Aug/2026 08:35:33] "GET /api/drone-location/ HTTP/1.1" 200 398
[27/Aug/2026 08:35:34] "GET /api/latest-detections/ HTTP/1.1" 200 449
[27/Aug/2026 08:35:34] "GET /api/drone-location/ HTTP/1.1" 200 398
[27/Aug/2026 08:35:34] "GET /api/system-status/ HTTP/1.1" 200 479
[27/Aug/2026 08:35:35] "GET /api/latest-detections/ HTTP/1.1" 200 449
[27/Aug/2026 08:35:35] "GET /api/drone-location/ HTTP/1.1" 200 398
[27/Aug/2026 08:35:36] "GET /api/latest-detections/ HTTP/1.1" 200 449
[27/Aug/2026 08:35:36] "GET /api/drone-location/ HTTP/1.1" 200 397
[27/Aug/2026 08:35:37] "GET /api/latest-detections/ HTTP/1.1" 200 449
[27/Aug/2026 08:35:37] "GET /api/drone-location/ HTTP/1.1" 200 397
[27/Aug/2026 08:35:37] "GET /api/system-status/ HTTP/1.1" 200 479
[27/Aug/2026 08:35:38] "GET /api/latest-detections/ HTTP/1.1" 200 449
[27/Aug/2026 08:35:38] "GET /api/drone-location/ HTTP/1.1" 200 399
[27/Aug/2026 08:35:39] "GET /api/latest-detections/ HTTP/1.1" 200 449
[27/Aug/2026 08:35:39] "GET /api/drone-location/ HTTP/1.1" 200 399
[27/Aug/2026 08:35:40] "GET /api/latest-detections/ HTTP/1.1" 200 449
[27/Aug/2026 08:35:40] "GET /api/drone-location/ HTTP/1.1" 200 399
[27/Aug/2026 08:35:40] "GET /api/system-status/ HTTP/1.1" 200 479
[27/Aug/2026 08:35:41] "GET /api/latest-detections/ HTTP/1.1" 200 449
[27/Aug/2026 08:35:41] "GET /api/drone-location/ HTTP/1.1" 200 399
[27/Aug/2026 08:35:42] "GET /api/latest-detections/ HTTP/1.1" 200 449
[27/Aug/2026 08:35:42] "GET /api/drone-location/ HTTP/1.1" 200 398
[27/Aug/2026 08:35:43] "GET /api/latest-detections/ HTTP/1.1" 200 449
[27/Aug/2026 08:35:43] "GET /api/drone-location/ HTTP/1.1" 200 398
[27/Aug/2026 08:35:43] "GET /api/system-status/ HTTP/1.1" 200 479
[27/Aug/2026 08:35:44] "GET /api/latest-detections/ HTTP/1.1" 200 449
[27/Aug/2026 08:35:44] "GET /api/drone-location/ HTTP/1.1" 200 399
[27/Aug/2026 08:35:45] "GET /api/latest-detections/ HTTP/1.1" 200 449
[27/Aug/2026 08:35:45] "GET /api/drone-location/ HTTP/1.1" 200 399
[27/Aug/2026 08:35:46] "GET /api/latest-detections/ HTTP/1.1" 200 449
[27/Aug/2026 08:35:46] "GET /api/drone-location/ HTTP/1.1" 200 399
[27/Aug/2026 08:35:46] "GET /api/system-status/ HTTP/1.1" 200 479
[27/Aug/2026 08:35:47] "GET /api/latest-detections/ HTTP/1.1" 200 449
[27/Aug/2026 08:35:47] "GET /api/drone-location/ HTTP/1.1" 200 399
[27/Aug/2026 08:35:48] "GET /api/latest-detections/ HTTP/1.1" 200 449
[27/Aug/2026 08:35:48] "GET /api/drone-location/ HTTP/1.1" 200 397
[27/Aug/2026 08:35:49] "GET /api/latest-detections/ HTTP/1.1" 200 449
[27/Aug/2026 08:35:49] "GET /api/drone-location/ HTTP/1.1" 200 397
[27/Aug/2026 08:35:49] "GET /api/system-status/ HTTP/1.1" 200 479
[27/Aug/2026 08:35:50] "GET /api/latest-detections/ HTTP/1.1" 200 449
[27/Aug/2026 08:35:50] "GET /api/drone-location/ HTTP/1.1" 200 398
[27/Aug/2026 08:35:51] "GET /api/latest-detections/ HTTP/1.1" 200 449
[27/Aug/2026 08:35:51] "GET /api/drone-location/ HTTP/1.1" 200 398
[27/Aug/2026 08:35:52] "GET /api/latest-detections/ HTTP/1.1" 200 448
[27/Aug/2026 08:35:52] "GET /api/drone-location/ HTTP/1.1" 200 398
[27/Aug/2026 08:35:52] "GET /api/system-status/ HTTP/1.1" 200 479
[27/Aug/2026 08:35:53] "GET /api/latest-detections/ HTTP/1.1" 200 449
[27/Aug/2026 08:35:53] "GET /api/drone-location/ HTTP/1.1" 200 398
[27/Aug/2026 08:35:54] "GET /api/latest-detections/ HTTP/1.1" 200 449
[27/Aug/2026 08:35:54] "GET /api/drone-location/ HTTP/1.1" 200 398
[27/Aug/2026 08:35:55] "GET /api/latest-detections/ HTTP/1.1" 200 449
[27/Aug/2026 08:35:55] "GET /api/drone-location/ HTTP/1.1" 200 398
[27/Aug/2026 08:35:55] "GET /api/system-status/ HTTP/1.1" 200 479
[27/Aug/2026 08:35:56] "GET /api/latest-detections/ HTTP/1.1" 200 449
[27/Aug/2026 08:35:56] "GET /api/drone-location/ HTTP/1.1" 200 398
[27/Aug/2026 08:35:57] "GET /api/latest-detections/ HTTP/1.1" 200 449
[27/Aug/2026 08:35:57] "GET /api/drone-location/ HTTP/1.1" 200 398
[27/Aug/2026 08:35:58] "GET /api/latest-detections/ HTTP/1.1" 200 448
[27/Aug/2026 08:35:58] "GET /api/drone-location/ HTTP/1.1" 200 399
[27/Aug/2026 08:35:58] "GET /api/system-status/ HTTP/1.1" 200 479
[27/Aug/2026 08:35:59] "GET /api/latest-detections/ HTTP/1.1" 200 449
[27/Aug/2026 08:35:59] "GET /api/drone-location/ HTTP/1.1" 200 399
[27/Aug/2026 08:36:00] "GET /api/latest-detections/ HTTP/1.1" 200 449
[27/Aug/2026 08:36:00] "GET /api/drone-location/ HTTP/1.1" 200 399
[27/Aug/2026 08:36:01] "GET /api/latest-detections/ HTTP/1.1" 200 449
[27/Aug/2026 08:36:01] "GET /api/drone-location/ HTTP/1.1" 200 399
[27/Aug/2026 08:36:01] "GET /api/system-status/ HTTP/1.1" 200 479
[27/Aug/2026 08:36:02] "GET /api/latest-detections/ HTTP/1.1" 200 449
[27/Aug/2026 08:36:02] "GET /api/drone-location/ HTTP/1.1" 200 399
[27/Aug/2026 08:36:03] "GET /api/latest-detections/ HTTP/1.1" 200 449
[27/Aug/2026 08:36:03] "GET /api/drone-location/ HTTP/1.1" 200 399
[27/Aug/2026 08:36:04] "GET /api/latest-detections/ HTTP/1.1" 200 449
[27/Aug/2026 08:36:04] "GET /api/drone-location/ HTTP/1.1" 200 398
[27/Aug/2026 08:36:04] "GET /api/system-status/ HTTP/1.1" 200 479
[27/Aug/2026 08:36:05] "GET /api/latest-detections/ HTTP/1.1" 200 449
[27/Aug/2026 08:36:05] "GET /api/drone-location/ HTTP/1.1" 200 398
[27/Aug/2026 08:36:06] "GET /api/latest-detections/ HTTP/1.1" 200 449
[27/Aug/2026 08:36:06] "GET /api/drone-location/ HTTP/1.1" 200 398
[27/Aug/2026 08:36:07] "GET /api/latest-detections/ HTTP/1.1" 200 449
[27/Aug/2026 08:36:07] "GET /api/drone-location/ HTTP/1.1" 200 398
[27/Aug/2026 08:36:07] "GET /api/system-status/ HTTP/1.1" 200 479
[27/Aug/2026 08:36:08] "GET /api/latest-detections/ HTTP/1.1" 200 449
[27/Aug/2026 08:36:08] "GET /api/drone-location/ HTTP/1.1" 200 399
[27/Aug/2026 08:36:09] "GET /api/latest-detections/ HTTP/1.1" 200 449
[27/Aug/2026 08:36:09] "GET /api/drone-location/ HTTP/1.1" 200 399
[27/Aug/2026 08:36:10] "GET /api/latest-detections/ HTTP/1.1" 200 449
[27/Aug/2026 08:36:10] "GET /api/drone-location/ HTTP/1.1" 200 398
[27/Aug/2026 08:36:10] "GET /api/system-status/ HTTP/1.1" 200 479
[27/Aug/2026 08:36:11] "GET /api/latest-detections/ HTTP/1.1" 200 449
[27/Aug/2026 08:36:11] "GET /api/drone-location/ HTTP/1.1" 200 398
[27/Aug/2026 08:36:12] "GET /api/latest-detections/ HTTP/1.1" 200 448
[27/Aug/2026 08:36:12] "GET /api/drone-location/ HTTP/1.1" 200 399
[27/Aug/2026 08:36:24] "GET /api/latest-detections/ HTTP/1.1" 200 449
[27/Aug/2026 08:36:24] "GET /api/drone-location/ HTTP/1.1" 200 399
[27/Aug/2026 08:36:24] "GET /api/system-status/ HTTP/1.1" 200 479
[27/Aug/2026 08:37:16] "GET /api/latest-detections/ HTTP/1.1" 200 667
[27/Aug/2026 08:37:16] "GET /api/drone-location/ HTTP/1.1" 200 399
[27/Aug/2026 08:37:16] "GET /api/system-status/ HTTP/1.1" 200 479
[27/Aug/2026 08:37:16] "GET /api/latest-detections/ HTTP/1.1" 200 667
[27/Aug/2026 08:37:16] "GET /api/latest-detections/ HTTP/1.1" 200 667
[27/Aug/2026 08:37:16] "GET /api/drone-location/ HTTP/1.1" 200 399
[27/Aug/2026 08:37:17] "GET /api/latest-detections/ HTTP/1.1" 200 667
[27/Aug/2026 08:37:18] "GET /api/latest-detections/ HTTP/1.1" 200 667
[27/Aug/2026 08:37:18] "GET /api/drone-location/ HTTP/1.1" 200 398
[27/Aug/2026 08:37:19] "GET /api/latest-detections/ HTTP/1.1" 200 667
[27/Aug/2026 08:37:19] "GET /api/drone-location/ HTTP/1.1" 200 398
[27/Aug/2026 08:37:19] "GET /api/system-status/ HTTP/1.1" 200 479
[27/Aug/2026 08:37:20] "GET /api/latest-detections/ HTTP/1.1" 200 666
[27/Aug/2026 08:37:20] "GET /api/drone-location/ HTTP/1.1" 200 399
[27/Aug/2026 08:37:21] "GET /api/latest-detections/ HTTP/1.1" 200 667
[27/Aug/2026 08:37:21] "GET /api/drone-location/ HTTP/1.1" 200 399
[27/Aug/2026 08:37:22] "GET /api/latest-detections/ HTTP/1.1" 200 668
[27/Aug/2026 08:37:22] "GET /api/drone-location/ HTTP/1.1" 200 398
[27/Aug/2026 08:37:22] "GET /api/system-status/ HTTP/1.1" 200 479
[27/Aug/2026 08:37:23] "GET /api/latest-detections/ HTTP/1.1" 200 667
[27/Aug/2026 08:37:23] "GET /api/drone-location/ HTTP/1.1" 200 398
[27/Aug/2026 08:37:24] "GET /api/latest-detections/ HTTP/1.1" 200 667
[27/Aug/2026 08:37:24] "GET /api/drone-location/ HTTP/1.1" 200 398
[27/Aug/2026 08:37:25] "GET /api/latest-detections/ HTTP/1.1" 200 668
[27/Aug/2026 08:37:25] "GET /api/drone-location/ HTTP/1.1" 200 398
[27/Aug/2026 08:37:25] "GET /api/system-status/ HTTP/1.1" 200 479
[27/Aug/2026 08:37:26] "GET /api/latest-detections/ HTTP/1.1" 200 668
[27/Aug/2026 08:37:26] "GET /api/drone-location/ HTTP/1.1" 200 398
[27/Aug/2026 08:37:27] "GET /api/latest-detections/ HTTP/1.1" 200 668
[27/Aug/2026 08:37:27] "GET /api/drone-location/ HTTP/1.1" 200 398
[27/Aug/2026 08:37:28] "GET /api/latest-detections/ HTTP/1.1" 200 667
[27/Aug/2026 08:37:28] "GET /api/drone-location/ HTTP/1.1" 200 398
[27/Aug/2026 08:37:28] "GET /api/system-status/ HTTP/1.1" 200 479
[27/Aug/2026 08:37:29] "GET /api/latest-detections/ HTTP/1.1" 200 668
[27/Aug/2026 08:37:29] "GET /api/drone-location/ HTTP/1.1" 200 398
[27/Aug/2026 08:37:30] "GET /api/latest-detections/ HTTP/1.1" 200 668
[27/Aug/2026 08:37:30] "GET /api/drone-location/ HTTP/1.1" 200 399
[27/Aug/2026 08:37:31] "GET /api/latest-detections/ HTTP/1.1" 200 668
[27/Aug/2026 08:37:31] "GET /api/drone-location/ HTTP/1.1" 200 399
[27/Aug/2026 08:37:31] "GET /api/system-status/ HTTP/1.1" 200 479
[27/Aug/2026 08:37:32] "GET /api/latest-detections/ HTTP/1.1" 200 668
[27/Aug/2026 08:37:32] "GET /api/drone-location/ HTTP/1.1" 200 399
[27/Aug/2026 08:37:33] "GET /api/latest-detections/ HTTP/1.1" 200 668
[27/Aug/2026 08:37:33] "GET /api/drone-location/ HTTP/1.1" 200 399
[27/Aug/2026 08:37:34] "GET /api/latest-detections/ HTTP/1.1" 200 667
[27/Aug/2026 08:37:34] "GET /api/drone-location/ HTTP/1.1" 200 399
[27/Aug/2026 08:37:34] "GET /api/system-status/ HTTP/1.1" 200 479
[27/Aug/2026 08:37:35] "GET /api/latest-detections/ HTTP/1.1" 200 668
[27/Aug/2026 08:37:35] "GET /api/drone-location/ HTTP/1.1" 200 399
[27/Aug/2026 08:37:36] "GET /api/latest-detections/ HTTP/1.1" 200 668
[27/Aug/2026 08:37:36] "GET /api/drone-location/ HTTP/1.1" 200 399
[27/Aug/2026 08:37:37] "GET /api/latest-detections/ HTTP/1.1" 200 667
[27/Aug/2026 08:37:37] "GET /api/drone-location/ HTTP/1.1" 200 399
[27/Aug/2026 08:37:37] "GET /api/system-status/ HTTP/1.1" 200 479
[27/Aug/2026 08:37:38] "GET /api/latest-detections/ HTTP/1.1" 200 667
[27/Aug/2026 08:37:38] "GET /api/drone-location/ HTTP/1.1" 200 399
[27/Aug/2026 08:37:39] "GET /api/latest-detections/ HTTP/1.1" 200 668
[27/Aug/2026 08:37:39] "GET /api/drone-location/ HTTP/1.1" 200 399
[27/Aug/2026 08:37:40] "GET /api/latest-detections/ HTTP/1.1" 200 667
[27/Aug/2026 08:37:40] "GET /api/drone-location/ HTTP/1.1" 200 398
[27/Aug/2026 08:37:40] "GET /api/system-status/ HTTP/1.1" 200 479
[27/Aug/2026 08:37:41] "GET /api/latest-detections/ HTTP/1.1" 200 668
[27/Aug/2026 08:37:41] "GET /api/drone-location/ HTTP/1.1" 200 398
[27/Aug/2026 08:37:42] "GET /api/latest-detections/ HTTP/1.1" 200 667
[27/Aug/2026 08:37:42] "GET /api/drone-location/ HTTP/1.1" 200 399
[27/Aug/2026 08:37:43] "GET /api/latest-detections/ HTTP/1.1" 200 667
[27/Aug/2026 08:37:43] "GET /api/drone-location/ HTTP/1.1" 200 399
[27/Aug/2026 08:37:43] "GET /api/system-status/ HTTP/1.1" 200 479
[27/Aug/2026 08:37:44] "GET /api/latest-detections/ HTTP/1.1" 200 668
[27/Aug/2026 08:37:44] "GET /api/drone-location/ HTTP/1.1" 200 398
[27/Aug/2026 08:37:45] "GET /api/latest-detections/ HTTP/1.1" 200 668
[27/Aug/2026 08:37:45] "GET /api/drone-location/ HTTP/1.1" 200 398
[27/Aug/2026 08:37:46] "GET /api/latest-detections/ HTTP/1.1" 200 668
[27/Aug/2026 08:37:46] "GET /api/drone-location/ HTTP/1.1" 200 399
[27/Aug/2026 08:37:46] "GET /api/system-status/ HTTP/1.1" 200 479
[27/Aug/2026 08:37:47] "GET /api/latest-detections/ HTTP/1.1" 200 667
[27/Aug/2026 08:37:47] "GET /api/drone-location/ HTTP/1.1" 200 399
[27/Aug/2026 08:37:48] "GET /api/latest-detections/ HTTP/1.1" 200 668
[27/Aug/2026 08:37:48] "GET /api/drone-location/ HTTP/1.1" 200 399
[27/Aug/2026 08:37:49] "GET /api/latest-detections/ HTTP/1.1" 200 668
[27/Aug/2026 08:37:49] "GET /api/drone-location/ HTTP/1.1" 200 399
[27/Aug/2026 08:37:49] "GET /api/system-status/ HTTP/1.1" 200 479
[27/Aug/2026 08:37:50] "GET /api/latest-detections/ HTTP/1.1" 200 667
[27/Aug/2026 08:37:50] "GET /api/drone-location/ HTTP/1.1" 200 399
[27/Aug/2026 08:37:51] "GET /api/latest-detections/ HTTP/1.1" 200 667
[27/Aug/2026 08:37:51] "GET /api/drone-location/ HTTP/1.1" 200 399
[27/Aug/2026 08:37:52] "GET /api/latest-detections/ HTTP/1.1" 200 668
[27/Aug/2026 08:37:52] "GET /api/drone-location/ HTTP/1.1" 200 399
[27/Aug/2026 08:37:52] "GET /api/system-status/ HTTP/1.1" 200 479
[27/Aug/2026 08:37:53] "GET /api/latest-detections/ HTTP/1.1" 200 668
[27/Aug/2026 08:37:53] "GET /api/drone-location/ HTTP/1.1" 200 399
[27/Aug/2026 08:37:54] "GET /api/latest-detections/ HTTP/1.1" 200 667
[27/Aug/2026 08:37:54] "GET /api/drone-location/ HTTP/1.1" 200 399
[27/Aug/2026 08:37:55] "GET /api/latest-detections/ HTTP/1.1" 200 668
[27/Aug/2026 08:37:55] "GET /api/drone-location/ HTTP/1.1" 200 399
[27/Aug/2026 08:37:55] "GET /api/system-status/ HTTP/1.1" 200 479
[27/Aug/2026 08:37:56] "GET /api/latest-detections/ HTTP/1.1" 200 668
[27/Aug/2026 08:37:56] "GET /api/drone-location/ HTTP/1.1" 200 399
[27/Aug/2026 08:37:57] "GET /api/latest-detections/ HTTP/1.1" 200 668
[27/Aug/2026 08:37:57] "GET /api/drone-location/ HTTP/1.1" 200 399
[27/Aug/2026 08:37:58] "GET /api/latest-detections/ HTTP/1.1" 200 668
[27/Aug/2026 08:37:58] "GET /api/drone-location/ HTTP/1.1" 200 398
[27/Aug/2026 08:37:58] "GET /api/system-status/ HTTP/1.1" 200 479
[27/Aug/2026 08:37:59] "GET /api/latest-detections/ HTTP/1.1" 200 668
[27/Aug/2026 08:37:59] "GET /api/drone-location/ HTTP/1.1" 200 398
[27/Aug/2026 08:38:00] "GET /api/latest-detections/ HTTP/1.1" 200 668
[27/Aug/2026 08:38:00] "GET /api/drone-location/ HTTP/1.1" 200 399
[27/Aug/2026 08:38:01] "GET /api/latest-detections/ HTTP/1.1" 200 667
[27/Aug/2026 08:38:01] "GET /api/drone-location/ HTTP/1.1" 200 399
[27/Aug/2026 08:38:01] "GET /api/system-status/ HTTP/1.1" 200 479
[27/Aug/2026 08:38:02] "GET /api/latest-detections/ HTTP/1.1" 200 668
[27/Aug/2026 08:38:02] "GET /api/drone-location/ HTTP/1.1" 200 399
[27/Aug/2026 08:38:03] "GET /api/latest-detections/ HTTP/1.1" 200 668
[27/Aug/2026 08:38:03] "GET /api/drone-location/ HTTP/1.1" 200 399
[27/Aug/2026 08:38:04] "GET /api/latest-detections/ HTTP/1.1" 200 668
[27/Aug/2026 08:38:04] "GET /api/drone-location/ HTTP/1.1" 200 399
[27/Aug/2026 08:38:04] "GET /api/system-status/ HTTP/1.1" 200 479
[27/Aug/2026 08:38:05] "GET /api/latest-detections/ HTTP/1.1" 200 668
[27/Aug/2026 08:38:05] "GET /api/drone-location/ HTTP/1.1" 200 399
[27/Aug/2026 08:38:06] "GET /api/latest-detections/ HTTP/1.1" 200 667
[27/Aug/2026 08:38:06] "GET /api/drone-location/ HTTP/1.1" 200 399
[27/Aug/2026 08:38:07] "GET /api/latest-detections/ HTTP/1.1" 200 668
[27/Aug/2026 08:38:07] "GET /api/drone-location/ HTTP/1.1" 200 399
[27/Aug/2026 08:38:07] "GET /api/system-status/ HTTP/1.1" 200 479
[27/Aug/2026 08:38:08] "GET /api/latest-detections/ HTTP/1.1" 200 668
[27/Aug/2026 08:38:08] "GET /api/drone-location/ HTTP/1.1" 200 399
[27/Aug/2026 08:38:09] "GET /api/latest-detections/ HTTP/1.1" 200 668
[27/Aug/2026 08:38:09] "GET /api/drone-location/ HTTP/1.1" 200 399
[27/Aug/2026 08:38:10] "GET /api/latest-detections/ HTTP/1.1" 200 668
[27/Aug/2026 08:38:10] "GET /api/drone-location/ HTTP/1.1" 200 396
[27/Aug/2026 08:38:10] "GET /api/system-status/ HTTP/1.1" 200 479
[27/Aug/2026 08:38:11] "GET /api/latest-detections/ HTTP/1.1" 200 668
[27/Aug/2026 08:38:11] "GET /api/drone-location/ HTTP/1.1" 200 396
[27/Aug/2026 08:38:12] "GET /api/latest-detections/ HTTP/1.1" 200 459
[27/Aug/2026 08:38:12] "GET /api/drone-location/ HTTP/1.1" 200 399
[27/Aug/2026 08:38:13] "GET /api/latest-detections/ HTTP/1.1" 200 675
[27/Aug/2026 08:38:13] "GET /api/drone-location/ HTTP/1.1" 200 399
[27/Aug/2026 08:38:13] "GET /api/system-status/ HTTP/1.1" 200 479
[27/Aug/2026 08:38:14] "GET /api/latest-detections/ HTTP/1.1" 200 453
[27/Aug/2026 08:38:14] "GET /api/drone-location/ HTTP/1.1" 200 399
[27/Aug/2026 08:38:15] "GET /api/latest-detections/ HTTP/1.1" 200 455
[27/Aug/2026 08:38:15] "GET /api/drone-location/ HTTP/1.1" 200 399
[27/Aug/2026 08:38:16] "GET /api/latest-detections/ HTTP/1.1" 200 574
[27/Aug/2026 08:38:16] "GET /api/drone-location/ HTTP/1.1" 200 398
[27/Aug/2026 08:38:16] "GET /api/system-status/ HTTP/1.1" 200 479
[27/Aug/2026 08:38:17] "GET /api/latest-detections/ HTTP/1.1" 200 676
[27/Aug/2026 08:38:17] "GET /api/drone-location/ HTTP/1.1" 200 398
[27/Aug/2026 08:38:24] "GET /api/latest-detections/ HTTP/1.1" 200 678
[27/Aug/2026 08:38:24] "GET /api/drone-location/ HTTP/1.1" 200 399
[27/Aug/2026 08:38:24] "GET /api/system-status/ HTTP/1.1" 200 479
[27/Aug/2026 08:39:24] "GET /api/latest-detections/ HTTP/1.1" 200 452
[27/Aug/2026 08:39:24] "GET /api/drone-location/ HTTP/1.1" 200 398
[27/Aug/2026 08:39:24] "GET /api/system-status/ HTTP/1.1" 200 479
[27/Aug/2026 08:40:24] "GET /api/latest-detections/ HTTP/1.1" 200 683
[27/Aug/2026 08:40:24] "GET /api/drone-location/ HTTP/1.1" 200 399
[27/Aug/2026 08:40:24] "GET /api/system-status/ HTTP/1.1" 200 479
[27/Aug/2026 08:41:24] "GET /api/latest-detections/ HTTP/1.1" 200 561
[27/Aug/2026 08:41:24] "GET /api/drone-location/ HTTP/1.1" 200 398
[27/Aug/2026 08:41:24] "GET /api/system-status/ HTTP/1.1" 200 479
[27/Aug/2026 08:42:24] "GET /api/latest-detections/ HTTP/1.1" 200 562
[27/Aug/2026 08:42:24] "GET /api/drone-location/ HTTP/1.1" 200 399
[27/Aug/2026 08:42:24] "GET /api/system-status/ HTTP/1.1" 200 479
[27/Aug/2026 08:43:24] "GET /api/latest-detections/ HTTP/1.1" 200 562
[27/Aug/2026 08:43:24] "GET /api/drone-location/ HTTP/1.1" 200 398
[27/Aug/2026 08:43:24] "GET /api/system-status/ HTTP/1.1" 200 479
[27/Aug/2026 08:44:22] "GET /api/latest-detections/ HTTP/1.1" 200 562
[27/Aug/2026 08:44:22] "GET /api/drone-location/ HTTP/1.1" 200 397
[27/Aug/2026 08:44:22] "GET /api/system-status/ HTTP/1.1" 200 479
[27/Aug/2026 08:44:22] "GET /api/latest-detections/ HTTP/1.1" 200 562
[27/Aug/2026 08:44:22] "GET /api/drone-location/ HTTP/1.1" 200 397
[27/Aug/2026 08:44:23] "GET /api/latest-detections/ HTTP/1.1" 200 562
[27/Aug/2026 08:44:24] "GET /api/latest-detections/ HTTP/1.1" 200 562
[27/Aug/2026 08:44:24] "GET /api/drone-location/ HTTP/1.1" 200 398
[27/Aug/2026 08:44:25] "GET /api/latest-detections/ HTTP/1.1" 200 562
[27/Aug/2026 08:44:25] "GET /api/drone-location/ HTTP/1.1" 200 398
[27/Aug/2026 08:44:25] "GET /api/system-status/ HTTP/1.1" 200 479
[27/Aug/2026 08:44:26] "GET /api/latest-detections/ HTTP/1.1" 200 562
[27/Aug/2026 08:44:26] "GET /api/drone-location/ HTTP/1.1" 200 399
[27/Aug/2026 08:44:27] "GET /api/latest-detections/ HTTP/1.1" 200 562
[27/Aug/2026 08:44:27] "GET /api/drone-location/ HTTP/1.1" 200 399
[27/Aug/2026 08:44:28] "GET /api/latest-detections/ HTTP/1.1" 200 562
[27/Aug/2026 08:44:28] "GET /api/drone-location/ HTTP/1.1" 200 399
[27/Aug/2026 08:44:28] "GET /api/system-status/ HTTP/1.1" 200 479
[27/Aug/2026 08:44:29] "GET /api/latest-detections/ HTTP/1.1" 200 562
[27/Aug/2026 08:44:29] "GET /api/drone-location/ HTTP/1.1" 200 399
[27/Aug/2026 08:44:30] "GET /api/latest-detections/ HTTP/1.1" 200 562
[27/Aug/2026 08:44:30] "GET /api/drone-location/ HTTP/1.1" 200 399
[27/Aug/2026 08:44:31] "GET /api/latest-detections/ HTTP/1.1" 200 562
[27/Aug/2026 08:44:31] "GET /api/drone-location/ HTTP/1.1" 200 399
[27/Aug/2026 08:44:31] "GET /api/system-status/ HTTP/1.1" 200 479
[27/Aug/2026 08:44:32] "GET /api/latest-detections/ HTTP/1.1" 200 562
[27/Aug/2026 08:44:32] "GET /api/drone-location/ HTTP/1.1" 200 399
[27/Aug/2026 08:44:33] "GET /api/latest-detections/ HTTP/1.1" 200 562
[27/Aug/2026 08:44:33] "GET /api/drone-location/ HTTP/1.1" 200 399
[27/Aug/2026 08:44:34] "GET /api/latest-detections/ HTTP/1.1" 200 562
[27/Aug/2026 08:44:34] "GET /api/drone-location/ HTTP/1.1" 200 398
[27/Aug/2026 08:44:34] "GET /api/system-status/ HTTP/1.1" 200 479
[27/Aug/2026 08:44:35] "GET /api/latest-detections/ HTTP/1.1" 200 561
[27/Aug/2026 08:44:35] "GET /api/drone-location/ HTTP/1.1" 200 398
[27/Aug/2026 08:44:36] "GET /api/latest-detections/ HTTP/1.1" 200 562
[27/Aug/2026 08:44:36] "GET /api/drone-location/ HTTP/1.1" 200 397
[27/Aug/2026 08:44:37] "GET /api/latest-detections/ HTTP/1.1" 200 562
[27/Aug/2026 08:44:37] "GET /api/drone-location/ HTTP/1.1" 200 397
[27/Aug/2026 08:44:37] "GET /api/system-status/ HTTP/1.1" 200 479
[27/Aug/2026 08:44:38] "GET /api/latest-detections/ HTTP/1.1" 200 562
[27/Aug/2026 08:44:38] "GET /api/drone-location/ HTTP/1.1" 200 399
[27/Aug/2026 08:44:39] "GET /api/latest-detections/ HTTP/1.1" 200 562
[27/Aug/2026 08:44:39] "GET /api/drone-location/ HTTP/1.1" 200 399
[27/Aug/2026 08:44:40] "GET /api/latest-detections/ HTTP/1.1" 200 562
[27/Aug/2026 08:44:40] "GET /api/drone-location/ HTTP/1.1" 200 399
[27/Aug/2026 08:44:40] "GET /api/system-status/ HTTP/1.1" 200 479
[27/Aug/2026 08:44:41] "GET /api/latest-detections/ HTTP/1.1" 200 562
[27/Aug/2026 08:44:41] "GET /api/drone-location/ HTTP/1.1" 200 399
[27/Aug/2026 08:44:42] "GET /api/latest-detections/ HTTP/1.1" 200 562
[27/Aug/2026 08:44:42] "GET /api/drone-location/ HTTP/1.1" 200 398
[27/Aug/2026 08:44:43] "GET /api/latest-detections/ HTTP/1.1" 200 562
[27/Aug/2026 08:44:43] "GET /api/drone-location/ HTTP/1.1" 200 398
[27/Aug/2026 08:44:43] "GET /api/system-status/ HTTP/1.1" 200 479
[27/Aug/2026 08:44:44] "GET /api/latest-detections/ HTTP/1.1" 200 562
[27/Aug/2026 08:44:44] "GET /api/drone-location/ HTTP/1.1" 200 398
[27/Aug/2026 08:44:45] "GET /api/latest-detections/ HTTP/1.1" 200 562
[27/Aug/2026 08:44:45] "GET /api/drone-location/ HTTP/1.1" 200 398
[27/Aug/2026 08:44:46] "GET /api/latest-detections/ HTTP/1.1" 200 562
[27/Aug/2026 08:44:46] "GET /api/drone-location/ HTTP/1.1" 200 398
[27/Aug/2026 08:44:46] "GET /api/system-status/ HTTP/1.1" 200 479
[27/Aug/2026 08:44:47] "GET /api/latest-detections/ HTTP/1.1" 200 562
[27/Aug/2026 08:44:47] "GET /api/drone-location/ HTTP/1.1" 200 398
[27/Aug/2026 08:44:48] "GET /api/latest-detections/ HTTP/1.1" 200 562
[27/Aug/2026 08:44:48] "GET /api/drone-location/ HTTP/1.1" 200 398
[27/Aug/2026 08:44:49] "GET /api/latest-detections/ HTTP/1.1" 200 561
[27/Aug/2026 08:44:49] "GET /api/drone-location/ HTTP/1.1" 200 398
[27/Aug/2026 08:44:49] "GET /api/system-status/ HTTP/1.1" 200 479
[27/Aug/2026 08:44:50] "GET /api/latest-detections/ HTTP/1.1" 200 562
[27/Aug/2026 08:44:50] "GET /api/drone-location/ HTTP/1.1" 200 399
[27/Aug/2026 08:44:51] "GET /api/latest-detections/ HTTP/1.1" 200 562
[27/Aug/2026 08:44:51] "GET /api/drone-location/ HTTP/1.1" 200 399
[27/Aug/2026 08:44:52] "GET /api/latest-detections/ HTTP/1.1" 200 562
[27/Aug/2026 08:44:52] "GET /api/drone-location/ HTTP/1.1" 200 399
[27/Aug/2026 08:44:52] "GET /api/system-status/ HTTP/1.1" 200 479
[27/Aug/2026 08:44:53] "GET /api/latest-detections/ HTTP/1.1" 200 562
[27/Aug/2026 08:44:53] "GET /api/drone-location/ HTTP/1.1" 200 399
[27/Aug/2026 08:44:54] "GET /api/latest-detections/ HTTP/1.1" 200 562
[27/Aug/2026 08:44:54] "GET /api/drone-location/ HTTP/1.1" 200 398
[27/Aug/2026 08:44:55] "GET /api/latest-detections/ HTTP/1.1" 200 561
[27/Aug/2026 08:44:55] "GET /api/drone-location/ HTTP/1.1" 200 398
[27/Aug/2026 08:44:55] "GET /api/system-status/ HTTP/1.1" 200 479
[27/Aug/2026 08:44:56] "GET /api/latest-detections/ HTTP/1.1" 200 562
[27/Aug/2026 08:44:56] "GET /api/drone-location/ HTTP/1.1" 200 398
[27/Aug/2026 08:44:57] "GET /api/latest-detections/ HTTP/1.1" 200 562
[27/Aug/2026 08:44:57] "GET /api/drone-location/ HTTP/1.1" 200 398
[27/Aug/2026 08:44:58] "GET /api/latest-detections/ HTTP/1.1" 200 562
[27/Aug/2026 08:44:58] "GET /api/drone-location/ HTTP/1.1" 200 398
[27/Aug/2026 08:44:58] "GET /api/system-status/ HTTP/1.1" 200 479
[27/Aug/2026 08:44:59] "GET /api/latest-detections/ HTTP/1.1" 200 562
[27/Aug/2026 08:44:59] "GET /api/drone-location/ HTTP/1.1" 200 398
[27/Aug/2026 08:45:00] "GET /api/latest-detections/ HTTP/1.1" 200 562
[27/Aug/2026 08:45:00] "GET /api/drone-location/ HTTP/1.1" 200 398
[27/Aug/2026 08:45:01] "GET /api/latest-detections/ HTTP/1.1" 200 561
[27/Aug/2026 08:45:01] "GET /api/drone-location/ HTTP/1.1" 200 398
[27/Aug/2026 08:45:01] "GET /api/system-status/ HTTP/1.1" 200 479
[27/Aug/2026 08:45:02] "GET /api/latest-detections/ HTTP/1.1" 200 562
[27/Aug/2026 08:45:02] "GET /api/drone-location/ HTTP/1.1" 200 396
[27/Aug/2026 08:45:03] "GET /api/latest-detections/ HTTP/1.1" 200 562
[27/Aug/2026 08:45:03] "GET /api/drone-location/ HTTP/1.1" 200 396
[27/Aug/2026 08:45:04] "GET /api/latest-detections/ HTTP/1.1" 200 561
[27/Aug/2026 08:45:04] "GET /api/drone-location/ HTTP/1.1" 200 399
[27/Aug/2026 08:45:04] "GET /api/system-status/ HTTP/1.1" 200 479
[27/Aug/2026 08:45:05] "GET /api/latest-detections/ HTTP/1.1" 200 562
[27/Aug/2026 08:45:05] "GET /api/drone-location/ HTTP/1.1" 200 399
[27/Aug/2026 08:45:06] "GET /api/latest-detections/ HTTP/1.1" 200 562
[27/Aug/2026 08:45:06] "GET /api/drone-location/ HTTP/1.1" 200 398
[27/Aug/2026 08:45:07] "GET /api/latest-detections/ HTTP/1.1" 200 562
[27/Aug/2026 08:45:07] "GET /api/drone-location/ HTTP/1.1" 200 398
[27/Aug/2026 08:45:07] "GET /api/system-status/ HTTP/1.1" 200 479
[27/Aug/2026 08:45:08] "GET /api/latest-detections/ HTTP/1.1" 200 562
[27/Aug/2026 08:45:08] "GET /api/drone-location/ HTTP/1.1" 200 399
[27/Aug/2026 08:45:09] "GET /api/latest-detections/ HTTP/1.1" 200 562
[27/Aug/2026 08:45:09] "GET /api/drone-location/ HTTP/1.1" 200 399
[27/Aug/2026 08:45:10] "GET /api/latest-detections/ HTTP/1.1" 200 562
[27/Aug/2026 08:45:10] "GET /api/drone-location/ HTTP/1.1" 200 399
[27/Aug/2026 08:45:10] "GET /api/system-status/ HTTP/1.1" 200 479
[27/Aug/2026 08:45:11] "GET /api/latest-detections/ HTTP/1.1" 200 562
[27/Aug/2026 08:45:11] "GET /api/drone-location/ HTTP/1.1" 200 399
[27/Aug/2026 08:45:12] "GET /api/latest-detections/ HTTP/1.1" 200 561
[27/Aug/2026 08:45:12] "GET /api/drone-location/ HTTP/1.1" 200 399
[27/Aug/2026 08:45:13] "GET /api/latest-detections/ HTTP/1.1" 200 562
[27/Aug/2026 08:45:13] "GET /api/drone-location/ HTTP/1.1" 200 399
[27/Aug/2026 08:45:13] "GET /api/system-status/ HTTP/1.1" 200 479
[27/Aug/2026 08:45:14] "GET /api/latest-detections/ HTTP/1.1" 200 562
[27/Aug/2026 08:45:14] "GET /api/drone-location/ HTTP/1.1" 200 399
[27/Aug/2026 08:45:15] "GET /api/latest-detections/ HTTP/1.1" 200 562
[27/Aug/2026 08:45:15] "GET /api/drone-location/ HTTP/1.1" 200 399
[27/Aug/2026 08:45:16] "GET /api/latest-detections/ HTTP/1.1" 200 562
[27/Aug/2026 08:45:16] "GET /api/drone-location/ HTTP/1.1" 200 399
[27/Aug/2026 08:45:16] "GET /api/system-status/ HTTP/1.1" 200 479
[27/Aug/2026 08:45:17] "GET /api/latest-detections/ HTTP/1.1" 200 562
[27/Aug/2026 08:45:17] "GET /api/drone-location/ HTTP/1.1" 200 399
[27/Aug/2026 08:45:18] "GET /api/latest-detections/ HTTP/1.1" 200 562
[27/Aug/2026 08:45:18] "GET /api/drone-location/ HTTP/1.1" 200 399
[27/Aug/2026 08:45:19] "GET /api/latest-detections/ HTTP/1.1" 200 562
[27/Aug/2026 08:45:19] "GET /api/drone-location/ HTTP/1.1" 200 399
[27/Aug/2026 08:45:19] "GET /api/system-status/ HTTP/1.1" 200 479
[27/Aug/2026 08:45:20] "GET /api/latest-detections/ HTTP/1.1" 200 562
[27/Aug/2026 08:45:20] "GET /api/drone-location/ HTTP/1.1" 200 399
[27/Aug/2026 08:45:21] "GET /api/latest-detections/ HTTP/1.1" 200 562
[27/Aug/2026 08:45:21] "GET /api/latest-detections/ HTTP/1.1" 200 562
[27/Aug/2026 08:45:21] "GET /api/drone-location/ HTTP/1.1" 200 399
[27/Aug/2026 08:45:22] "GET /api/latest-detections/ HTTP/1.1" 200 562
[27/Aug/2026 08:45:22] "GET /api/drone-location/ HTTP/1.1" 200 398
[27/Aug/2026 08:45:22] "GET /api/system-status/ HTTP/1.1" 200 479
[27/Aug/2026 08:45:24] "GET /api/latest-detections/ HTTP/1.1" 200 562
[27/Aug/2026 08:45:24] "GET /api/drone-location/ HTTP/1.1" 200 399
[27/Aug/2026 08:46:26] "GET /api/latest-detections/ HTTP/1.1" 200 562
[27/Aug/2026 08:46:26] "GET /api/drone-location/ HTTP/1.1" 200 399
[27/Aug/2026 08:46:26] "GET /api/system-status/ HTTP/1.1" 200 479
[27/Aug/2026 08:47:24] "GET /api/latest-detections/ HTTP/1.1" 200 562
[27/Aug/2026 08:47:24] "GET /api/drone-location/ HTTP/1.1" 200 399
[27/Aug/2026 08:47:24] "GET /api/system-status/ HTTP/1.1" 200 479
